=== 函数式双 AI 本地模式 ===
策略: defensive, 棋盘: ./BoardCase/case1.txt
Width: 20, Height: 20
游戏初始化完成，开始游戏！

当前棋盘:
    0  1  2  3  4  5  6  7  8  9 10 11 12 13 14 15 16 17 18 19 

 0  1  1  1  1  1  1  1  1  1  1  1  1  1  1  1  1  1  1  1  1 
 1  1  1  1  1  1  1  1  1  1  1  1  1  1  1  1  1  1  1  1  1 
 2  1  1  1  1  1  1  1  1  1  1  1  1  1  1  1  1  1  1  1  1 
 3  1  1  1  0  4  1  1  1  1  1  1  1  1  1  1  1  1  1  1  1 
 4  1  1  1 ## ##  1  1  1  1  1  1  1  1  1  1  1  1  1  1  1 
 5  1  1  1  1 ##  1  1  1  1  1  1  1  1  1  1  1  1  1  1  1 
 6  1  1  1  1  1  1  1  1  1  1  1  1  1  1  1  1  1  1  1  1 
 7  1  1  1  1  1  1  1  1  1  1  1  1  1  1  1  1  1  1  1  1 
 8  1  1  1  1  1  1  1  1  1  1  1  1  1  1  1  1  1  1  1  1 
 9  1  1  1  1  1  1  1  1  1  1  1  1  1  1  1  1  1  1  1  1 
10  1  1  1  1  1  1  1  1  1  1  1  1  1  1  1  1  1  1  1  1 
11  1  1  1  1  1  1  1  1  1  1  1  1  1  1  1  1  1  1  1  1 
12  1  1  1  1  1  1  1  1  1  1  1  1  1  1  1  1  1  1  1  1 
13  1  1  1  1  1  1  1  1  1  1  1  1  1  1  1  1  1  1  1  1 
14  1  1  1  1  1  1  1  1  1  1  1  1  1  1  1 ##  1  1  1  1 
15  1  1  1  1  1  1  1  1  1  1  1  1  1  1  1 ## ##  1  1  1 
16  1  1  1  1  1  1  1  1  1  1  1  1  1  1  1  1 ## ## ##  1 
17  1  1  1  1  1  1  1  1  1  1  1  1  1  1  1  1 ## ## ##  1 
18  1  1  1  1  1  1  1  1  1  1  1  1  1  1  1  1 ##  1 ##  1 
19  1  1  1  1  1  1  1  1  1  1  1  1  1  1  3  2  5  1 ##  1 


===== 回合 1 =====
当前行动棋子: ID=0, 玩家=1
Piece[ID=0] Archer | 队伍1 | 存活/等待
  位置: (3, 3) 高度: -1
  生命: 60/60 | 行动点: 1/1
  物理伤害: 16 | 魔法伤害: 0
  物理抗性: 8 | 魔法抗性: 0
  移动力: 27.5/27.5 | 攻击范围: 9
  属性: 力量5 敏捷15 智力10
  武器: 弓(类型3)
  技能槽: 1/1 | 法术范围: 0.0
  死亡回合: -1 | 队列索引: 0
[InputManager] 玩家1的输入方法为: 函数式输入
[InputManager] 开始处理玩家1的行动输入
[FunctionInput] Executing action handler for player 1
[FunctionInput] Action handler executed successfully
[InputManager] 玩家1的行动输入处理完成
envState:1
action: 移动: 是
  目标位置: (8, 19)
攻击: 否
法术: 否
移动成功到 (8, 19)

当前棋盘:
    0  1  2  3  4  5  6  7  8  9 10 11 12 13 14 15 16 17 18 19 

 0  1  1  1  1  1  1  1  1  1  1  1  1  1  1  1  1  1  1  1  1 
 1  1  1  1  1  1  1  1  1  1  1  1  1  1  1  1  1  1  1  1  1 
 2  1  1  1  1  1  1  1  1  1  1  1  1  1  1  1  1  1  1  1  1 
 3  1  1  1  1  4  1  1  1  1  1  1  1  1  1  1  1  1  1  1  1 
 4  1  1  1 ## ##  1  1  1  1  1  1  1  1  1  1  1  1  1  1  1 
 5  1  1  1  1 ##  1  1  1  1  1  1  1  1  1  1  1  1  1  1  1 
 6  1  1  1  1  1  1  1  1  1  1  1  1  1  1  1  1  1  1  1  1 
 7  1  1  1  1  1  1  1  1  1  1  1  1  1  1  1  1  1  1  1  1 
 8  1  1  1  1  1  1  1  1  1  1  1  1  1  1  1  1  1  1  1  1 
 9  1  1  1  1  1  1  1  1  1  1  1  1  1  1  1  1  1  1  1  1 
10  1  1  1  1  1  1  1  1  1  1  1  1  1  1  1  1  1  1  1  1 
11  1  1  1  1  1  1  1  1  1  1  1  1  1  1  1  1  1  1  1  1 
12  1  1  1  1  1  1  1  1  1  1  1  1  1  1  1  1  1  1  1  1 
13  1  1  1  1  1  1  1  1  1  1  1  1  1  1  1  1  1  1  1  1 
14  1  1  1  1  1  1  1  1  1  1  1  1  1  1  1 ##  1  1  1  1 
15  1  1  1  1  1  1  1  1  1  1  1  1  1  1  1 ## ##  1  1  1 
16  1  1  1  1  1  1  1  1  1  1  1  1  1  1  1  1 ## ## ##  1 
17  1  1  1  1  1  1  1  1  1  1  1  1  1  1  1  1 ## ## ##  1 
18  1  1  1  1  1  1  1  1  1  1  1  1  1  1  1  1 ##  1 ##  1 
19  1  1  1  1  1  1  1  1  0  1  1  1  1  1  3  2  5  1 ##  1 


===== 回合 2 =====
当前行动棋子: ID=1, 玩家=1
Piece[ID=1] Archer | 队伍1 | 存活/等待
  位置: (5, 3) 高度: 0
  生命: 60/60 | 行动点: 1/1
  物理伤害: 16 | 魔法伤害: 0
  物理抗性: 8 | 魔法抗性: 0
  移动力: 27.5/27.5 | 攻击范围: 9
  属性: 力量5 敏捷15 智力10
  武器: 弓(类型3)
  技能槽: 1/1 | 法术范围: 0.0
  死亡回合: -1 | 队列索引: 0
[InputManager] 玩家1的输入方法为: 函数式输入
[InputManager] 开始处理玩家1的行动输入
[FunctionInput] Executing action handler for player 1
[FunctionInput] Action handler executed successfully
[InputManager] 玩家1的行动输入处理完成
envState:1
action: 移动: 是
  目标位置: (9, 18)
攻击: 否
法术: 否
移动成功到 (9, 18)

当前棋盘:
    0  1  2  3  4  5  6  7  8  9 10 11 12 13 14 15 16 17 18 19 

 0  1  1  1  1  1  1  1  1  1  1  1  1  1  1  1  1  1  1  1  1 
 1  1  1  1  1  1  1  1  1  1  1  1  1  1  1  1  1  1  1  1  1 
 2  1  1  1  1  1  1  1  1  1  1  1  1  1  1  1  1  1  1  1  1 
 3  1  1  1  1  4  1  1  1  1  1  1  1  1  1  1  1  1  1  1  1 
 4  1  1  1 ## ##  1  1  1  1  1  1  1  1  1  1  1  1  1  1  1 
 5  1  1  1  1 ##  1  1  1  1  1  1  1  1  1  1  1  1  1  1  1 
 6  1  1  1  1  1  1  1  1  1  1  1  1  1  1  1  1  1  1  1  1 
 7  1  1  1  1  1  1  1  1  1  1  1  1  1  1  1  1  1  1  1  1 
 8  1  1  1  1  1  1  1  1  1  1  1  1  1  1  1  1  1  1  1  1 
 9  1  1  1  1  1  1  1  1  1  1  1  1  1  1  1  1  1  1  1  1 
10  1  1  1  1  1  1  1  1  1  1  1  1  1  1  1  1  1  1  1  1 
11  1  1  1  1  1  1  1  1  1  1  1  1  1  1  1  1  1  1  1  1 
12  1  1  1  1  1  1  1  1  1  1  1  1  1  1  1  1  1  1  1  1 
13  1  1  1  1  1  1  1  1  1  1  1  1  1  1  1  1  1  1  1  1 
14  1  1  1  1  1  1  1  1  1  1  1  1  1  1  1 ##  1  1  1  1 
15  1  1  1  1  1  1  1  1  1  1  1  1  1  1  1 ## ##  1  1  1 
16  1  1  1  1  1  1  1  1  1  1  1  1  1  1  1  1 ## ## ##  1 
17  1  1  1  1  1  1  1  1  1  1  1  1  1  1  1  1 ## ## ##  1 
18  1  1  1  1  1  1  1  1  1  1  1  1  1  1  1  1 ##  1 ##  1 
19  1  1  1  1  1  1  1  1  0  1  1  1  1  1  3  2  5  1 ##  1 


===== 回合 3 =====
当前行动棋子: ID=2, 玩家=2
Piece[ID=2] Archer | 队伍2 | 存活/等待
  位置: (15, 19) 高度: 0
  生命: 60/60 | 行动点: 1/1
  物理伤害: 16 | 魔法伤害: 0
  物理抗性: 8 | 魔法抗性: 0
  移动力: 27.5/27.5 | 攻击范围: 9
  属性: 力量5 敏捷15 智力10
  武器: 弓(类型3)
  技能槽: 1/1 | 法术范围: 0.0
  死亡回合: -1 | 队列索引: 0
[InputManager] 玩家2的输入方法为: 函数式输入
[InputManager] 开始处理玩家2的行动输入
[FunctionInput] Executing action handler for player 2
[FunctionInput] Action handler executed successfully
[InputManager] 玩家2的行动输入处理完成
envState:1
action: 移动: 是
  目标位置: (2, 19)
攻击: 是
  攻击详情:
    攻击者ID: 2
    目标ID: 0
    伤害值: 0
法术: 否
移动成功到 (2, 19)

当前棋盘:
    0  1  2  3  4  5  6  7  8  9 10 11 12 13 14 15 16 17 18 19 

 0  1  1  1  1  1  1  1  1  1  1  1  1  1  1  1  1  1  1  1  1 
 1  1  1  1  1  1  1  1  1  1  1  1  1  1  1  1  1  1  1  1  1 
 2  1  1  1  1  1  1  1  1  1  1  1  1  1  1  1  1  1  1  1  1 
 3  1  1  1  1  4  1  1  1  1  1  1  1  1  1  1  1  1  1  1  1 
 4  1  1  1 ## ##  1  1  1  1  1  1  1  1  1  1  1  1  1  1  1 
 5  1  1  1  1 ##  1  1  1  1  1  1  1  1  1  1  1  1  1  1  1 
 6  1  1  1  1  1  1  1  1  1  1  1  1  1  1  1  1  1  1  1  1 
 7  1  1  1  1  1  1  1  1  1  1  1  1  1  1  1  1  1  1  1  1 
 8  1  1  1  1  1  1  1  1  1  1  1  1  1  1  1  1  1  1  1  1 
 9  1  1  1  1  1  1  1  1  1  1  1  1  1  1  1  1  1  1  1  1 
10  1  1  1  1  1  1  1  1  1  1  1  1  1  1  1  1  1  1  1  1 
11  1  1  1  1  1  1  1  1  1  1  1  1  1  1  1  1  1  1  1  1 
12  1  1  1  1  1  1  1  1  1  1  1  1  1  1  1  1  1  1  1  1 
13  1  1  1  1  1  1  1  1  1  1  1  1  1  1  1  1  1  1  1  1 
14  1  1  1  1  1  1  1  1  1  1  1  1  1  1  1 ##  1  1  1  1 
15  1  1  1  1  1  1  1  1  1  1  1  1  1  1  1 ## ##  1  1  1 
16  1  1  1  1  1  1  1  1  1  1  1  1  1  1  1  1 ## ## ##  1 
17  1  1  1  1  1  1  1  1  1  1  1  1  1  1  1  1 ## ## ##  1 
18  1  1  1  1  1  1  1  1  1  1  1  1  1  1  1  1 ##  1 ##  1 
19  1  1  2  1  1  1  1  1  0  1  1  1  1  1  3  1  5  1 ##  1 


===== 回合 4 =====
当前行动棋子: ID=3, 玩家=2
Piece[ID=3] Archer | 队伍2 | 存活/等待
  位置: (14, 19) 高度: 0
  生命: 60/60 | 行动点: 1/1
  物理伤害: 16 | 魔法伤害: 0
  物理抗性: 8 | 魔法抗性: 0
  移动力: 27.5/27.5 | 攻击范围: 9
  属性: 力量5 敏捷15 智力10
  武器: 弓(类型3)
  技能槽: 1/1 | 法术范围: 0.0
  死亡回合: -1 | 队列索引: 0
[InputManager] 玩家2的输入方法为: 函数式输入
[InputManager] 开始处理玩家2的行动输入
[FunctionInput] Executing action handler for player 2
[FunctionInput] Action handler executed successfully
[InputManager] 玩家2的行动输入处理完成
envState:1
action: 移动: 是
  目标位置: (3, 18)
攻击: 是
  攻击详情:
    攻击者ID: 3
    目标ID: 0
    伤害值: 0
法术: 否
移动成功到 (3, 18)

当前棋盘:
    0  1  2  3  4  5  6  7  8  9 10 11 12 13 14 15 16 17 18 19 

 0  1  1  1  1  1  1  1  1  1  1  1  1  1  1  1  1  1  1  1  1 
 1  1  1  1  1  1  1  1  1  1  1  1  1  1  1  1  1  1  1  1  1 
 2  1  1  1  1  1  1  1  1  1  1  1  1  1  1  1  1  1  1  1  1 
 3  1  1  1  1  4  1  1  1  1  1  1  1  1  1  1  1  1  1  1  1 
 4  1  1  1 ## ##  1  1  1  1  1  1  1  1  1  1  1  1  1  1  1 
 5  1  1  1  1 ##  1  1  1  1  1  1  1  1  1  1  1  1  1  1  1 
 6  1  1  1  1  1  1  1  1  1  1  1  1  1  1  1  1  1  1  1  1 
 7  1  1  1  1  1  1  1  1  1  1  1  1  1  1  1  1  1  1  1  1 
 8  1  1  1  1  1  1  1  1  1  1  1  1  1  1  1  1  1  1  1  1 
 9  1  1  1  1  1  1  1  1  1  1  1  1  1  1  1  1  1  1  1  1 
10  1  1  1  1  1  1  1  1  1  1  1  1  1  1  1  1  1  1  1  1 
11  1  1  1  1  1  1  1  1  1  1  1  1  1  1  1  1  1  1  1  1 
12  1  1  1  1  1  1  1  1  1  1  1  1  1  1  1  1  1  1  1  1 
13  1  1  1  1  1  1  1  1  1  1  1  1  1  1  1  1  1  1  1  1 
14  1  1  1  1  1  1  1  1  1  1  1  1  1  1  1 ##  1  1  1  1 
15  1  1  1  1  1  1  1  1  1  1  1  1  1  1  1 ## ##  1  1  1 
16  1  1  1  1  1  1  1  1  1  1  1  1  1  1  1  1 ## ## ##  1 
17  1  1  1  1  1  1  1  1  1  1  1  1  1  1  1  1 ## ## ##  1 
18  1  1  1  3  1  1  1  1  1  1  1  1  1  1  1  1 ##  1 ##  1 
19  1  1  2  1  1  1  1  1  0  1  1  1  1  1  1  1  5  1 ##  1 


===== 回合 5 =====
当前行动棋子: ID=4, 玩家=1
Piece[ID=4] Archer | 队伍1 | 存活/等待
  位置: (4, 3) 高度: 0
  生命: 60/60 | 行动点: 1/1
  物理伤害: 16 | 魔法伤害: 0
  物理抗性: 8 | 魔法抗性: 0
  移动力: 27.5/27.5 | 攻击范围: 9
  属性: 力量5 敏捷15 智力10
  武器: 弓(类型3)
  技能槽: 1/1 | 法术范围: 0.0
  死亡回合: -1 | 队列索引: 0
[InputManager] 玩家1的输入方法为: 函数式输入
[InputManager] 开始处理玩家1的行动输入
[FunctionInput] Executing action handler for player 1
[FunctionInput] Action handler executed successfully
[InputManager] 玩家1的行动输入处理完成
envState:1
action: 移动: 是
  目标位置: (0, 15)
攻击: 否
法术: 否
移动成功到 (0, 15)

当前棋盘:
    0  1  2  3  4  5  6  7  8  9 10 11 12 13 14 15 16 17 18 19 

 0  1  1  1  1  1  1  1  1  1  1  1  1  1  1  1  1  1  1  1  1 
 1  1  1  1  1  1  1  1  1  1  1  1  1  1  1  1  1  1  1  1  1 
 2  1  1  1  1  1  1  1  1  1  1  1  1  1  1  1  1  1  1  1  1 
 3  1  1  1  1  1  1  1  1  1  1  1  1  1  1  1  1  1  1  1  1 
 4  1  1  1 ## ##  1  1  1  1  1  1  1  1  1  1  1  1  1  1  1 
 5  1  1  1  1 ##  1  1  1  1  1  1  1  1  1  1  1  1  1  1  1 
 6  1  1  1  1  1  1  1  1  1  1  1  1  1  1  1  1  1  1  1  1 
 7  1  1  1  1  1  1  1  1  1  1  1  1  1  1  1  1  1  1  1  1 
 8  1  1  1  1  1  1  1  1  1  1  1  1  1  1  1  1  1  1  1  1 
 9  1  1  1  1  1  1  1  1  1  1  1  1  1  1  1  1  1  1  1  1 
10  1  1  1  1  1  1  1  1  1  1  1  1  1  1  1  1  1  1  1  1 
11  1  1  1  1  1  1  1  1  1  1  1  1  1  1  1  1  1  1  1  1 
12  1  1  1  1  1  1  1  1  1  1  1  1  1  1  1  1  1  1  1  1 
13  1  1  1  1  1  1  1  1  1  1  1  1  1  1  1  1  1  1  1  1 
14  1  1  1  1  1  1  1  1  1  1  1  1  1  1  1 ##  1  1  1  1 
15  4  1  1  1  1  1  1  1  1  1  1  1  1  1  1 ## ##  1  1  1 
16  1  1  1  1  1  1  1  1  1  1  1  1  1  1  1  1 ## ## ##  1 
17  1  1  1  1  1  1  1  1  1  1  1  1  1  1  1  1 ## ## ##  1 
18  1  1  1  3  1  1  1  1  1  1  1  1  1  1  1  1 ##  1 ##  1 
19  1  1  2  1  1  1  1  1  0  1  1  1  1  1  1  1  5  1 ##  1 


===== 回合 6 =====
当前行动棋子: ID=5, 玩家=2
Piece[ID=5] Archer | 队伍2 | 存活/等待
  位置: (16, 19) 高度: 0
  生命: 60/60 | 行动点: 1/1
  物理伤害: 16 | 魔法伤害: 0
  物理抗性: 8 | 魔法抗性: 0
  移动力: 27.5/27.5 | 攻击范围: 9
  属性: 力量5 敏捷15 智力10
  武器: 弓(类型3)
  技能槽: 1/1 | 法术范围: 0.0
  死亡回合: -1 | 队列索引: 0
[InputManager] 玩家2的输入方法为: 函数式输入
[InputManager] 开始处理玩家2的行动输入
[FunctionInput] Executing action handler for player 2
[FunctionInput] Action handler executed successfully
[InputManager] 玩家2的行动输入处理完成
envState:1
action: 移动: 是
  目标位置: (4, 17)
攻击: 是
  攻击详情:
    攻击者ID: 5
    目标ID: 0
    伤害值: 0
法术: 否
移动成功到 (4, 17)

当前棋盘:
    0  1  2  3  4  5  6  7  8  9 10 11 12 13 14 15 16 17 18 19 

 0  1  1  1  1  1  1  1  1  1  1  1  1  1  1  1  1  1  1  1  1 
 1  1  1  1  1  1  1  1  1  1  1  1  1  1  1  1  1  1  1  1  1 
 2  1  1  1  1  1  1  1  1  1  1  1  1  1  1  1  1  1  1  1  1 
 3  1  1  1  1  1  1  1  1  1  1  1  1  1  1  1  1  1  1  1  1 
 4  1  1  1 ## ##  1  1  1  1  1  1  1  1  1  1  1  1  1  1  1 
 5  1  1  1  1 ##  1  1  1  1  1  1  1  1  1  1  1  1  1  1  1 
 6  1  1  1  1  1  1  1  1  1  1  1  1  1  1  1  1  1  1  1  1 
 7  1  1  1  1  1  1  1  1  1  1  1  1  1  1  1  1  1  1  1  1 
 8  1  1  1  1  1  1  1  1  1  1  1  1  1  1  1  1  1  1  1  1 
 9  1  1  1  1  1  1  1  1  1  1  1  1  1  1  1  1  1  1  1  1 
10  1  1  1  1  1  1  1  1  1  1  1  1  1  1  1  1  1  1  1  1 
11  1  1  1  1  1  1  1  1  1  1  1  1  1  1  1  1  1  1  1  1 
12  1  1  1  1  1  1  1  1  1  1  1  1  1  1  1  1  1  1  1  1 
13  1  1  1  1  1  1  1  1  1  1  1  1  1  1  1  1  1  1  1  1 
14  1  1  1  1  1  1  1  1  1  1  1  1  1  1  1 ##  1  1  1  1 
15  4  1  1  1  1  1  1  1  1  1  1  1  1  1  1 ## ##  1  1  1 
16  1  1  1  1  1  1  1  1  1  1  1  1  1  1  1  1 ## ## ##  1 
17  1  1  1  1  5  1  1  1  1  1  1  1  1  1  1  1 ## ## ##  1 
18  1  1  1  3  1  1  1  1  1  1  1  1  1  1  1  1 ##  1 ##  1 
19  1  1  2  1  1  1  1  1  0  1  1  1  1  1  1  1  1  1 ##  1 


===== 回合 7 =====
当前行动棋子: ID=0, 玩家=1
Piece[ID=0] Archer | 队伍1 | 存活/等待
  位置: (8, 19) 高度: 0
  生命: 60/60 | 行动点: 1/1
  物理伤害: 16 | 魔法伤害: 0
  物理抗性: 8 | 魔法抗性: 0
  移动力: 27.5/27.5 | 攻击范围: 9
  属性: 力量5 敏捷15 智力10
  武器: 弓(类型3)
  技能槽: 1/1 | 法术范围: 0.0
  死亡回合: -1 | 队列索引: 0
[InputManager] 玩家1的输入方法为: 函数式输入
[InputManager] 开始处理玩家1的行动输入
[FunctionInput] Executing action handler for player 1
[FunctionInput] Action handler executed successfully
[InputManager] 玩家1的行动输入处理完成
envState:1
action: 移动: 是
  目标位置: (1, 14)
攻击: 是
  攻击详情:
    攻击者ID: 0
    目标ID: 2
    伤害值: 0
法术: 否
移动成功到 (1, 14)

当前棋盘:
    0  1  2  3  4  5  6  7  8  9 10 11 12 13 14 15 16 17 18 19 

 0  1  1  1  1  1  1  1  1  1  1  1  1  1  1  1  1  1  1  1  1 
 1  1  1  1  1  1  1  1  1  1  1  1  1  1  1  1  1  1  1  1  1 
 2  1  1  1  1  1  1  1  1  1  1  1  1  1  1  1  1  1  1  1  1 
 3  1  1  1  1  1  1  1  1  1  1  1  1  1  1  1  1  1  1  1  1 
 4  1  1  1 ## ##  1  1  1  1  1  1  1  1  1  1  1  1  1  1  1 
 5  1  1  1  1 ##  1  1  1  1  1  1  1  1  1  1  1  1  1  1  1 
 6  1  1  1  1  1  1  1  1  1  1  1  1  1  1  1  1  1  1  1  1 
 7  1  1  1  1  1  1  1  1  1  1  1  1  1  1  1  1  1  1  1  1 
 8  1  1  1  1  1  1  1  1  1  1  1  1  1  1  1  1  1  1  1  1 
 9  1  1  1  1  1  1  1  1  1  1  1  1  1  1  1  1  1  1  1  1 
10  1  1  1  1  1  1  1  1  1  1  1  1  1  1  1  1  1  1  1  1 
11  1  1  1  1  1  1  1  1  1  1  1  1  1  1  1  1  1  1  1  1 
12  1  1  1  1  1  1  1  1  1  1  1  1  1  1  1  1  1  1  1  1 
13  1  1  1  1  1  1  1  1  1  1  1  1  1  1  1  1  1  1  1  1 
14  1  0  1  1  1  1  1  1  1  1  1  1  1  1  1 ##  1  1  1  1 
15  4  1  1  1  1  1  1  1  1  1  1  1  1  1  1 ## ##  1  1  1 
16  1  1  1  1  1  1  1  1  1  1  1  1  1  1  1  1 ## ## ##  1 
17  1  1  1  1  5  1  1  1  1  1  1  1  1  1  1  1 ## ## ##  1 
18  1  1  1  3  1  1  1  1  1  1  1  1  1  1  1  1 ##  1 ##  1 
19  1  1  2  1  1  1  1  1  1  1  1  1  1  1  1  1  1  1 ##  1 


===== 回合 8 =====
当前行动棋子: ID=1, 玩家=1
Piece[ID=1] Archer | 队伍1 | 存活/等待
  位置: (9, 18) 高度: 0
  生命: 60/60 | 行动点: 1/1
  物理伤害: 16 | 魔法伤害: 0
  物理抗性: 8 | 魔法抗性: 0
  移动力: 27.5/27.5 | 攻击范围: 9
  属性: 力量5 敏捷15 智力10
  武器: 弓(类型3)
  技能槽: 1/1 | 法术范围: 0.0
  死亡回合: -1 | 队列索引: 0
[InputManager] 玩家1的输入方法为: 函数式输入
[InputManager] 开始处理玩家1的行动输入
[FunctionInput] Executing action handler for player 1
[FunctionInput] Action handler executed successfully
[InputManager] 玩家1的行动输入处理完成
envState:1
action: 移动: 是
  目标位置: (2, 13)
攻击: 是
  攻击详情:
    攻击者ID: 1
    目标ID: 3
    伤害值: 0
法术: 否
移动成功到 (2, 13)

当前棋盘:
    0  1  2  3  4  5  6  7  8  9 10 11 12 13 14 15 16 17 18 19 

 0  1  1  1  1  1  1  1  1  1  1  1  1  1  1  1  1  1  1  1  1 
 1  1  1  1  1  1  1  1  1  1  1  1  1  1  1  1  1  1  1  1  1 
 2  1  1  1  1  1  1  1  1  1  1  1  1  1  1  1  1  1  1  1  1 
 3  1  1  1  1  1  1  1  1  1  1  1  1  1  1  1  1  1  1  1  1 
 4  1  1  1 ## ##  1  1  1  1  1  1  1  1  1  1  1  1  1  1  1 
 5  1  1  1  1 ##  1  1  1  1  1  1  1  1  1  1  1  1  1  1  1 
 6  1  1  1  1  1  1  1  1  1  1  1  1  1  1  1  1  1  1  1  1 
 7  1  1  1  1  1  1  1  1  1  1  1  1  1  1  1  1  1  1  1  1 
 8  1  1  1  1  1  1  1  1  1  1  1  1  1  1  1  1  1  1  1  1 
 9  1  1  1  1  1  1  1  1  1  1  1  1  1  1  1  1  1  1  1  1 
10  1  1  1  1  1  1  1  1  1  1  1  1  1  1  1  1  1  1  1  1 
11  1  1  1  1  1  1  1  1  1  1  1  1  1  1  1  1  1  1  1  1 
12  1  1  1  1  1  1  1  1  1  1  1  1  1  1  1  1  1  1  1  1 
13  1  1  1  1  1  1  1  1  1  1  1  1  1  1  1  1  1  1  1  1 
14  1  0  1  1  1  1  1  1  1  1  1  1  1  1  1 ##  1  1  1  1 
15  4  1  1  1  1  1  1  1  1  1  1  1  1  1  1 ## ##  1  1  1 
16  1  1  1  1  1  1  1  1  1  1  1  1  1  1  1  1 ## ## ##  1 
17  1  1  1  1  5  1  1  1  1  1  1  1  1  1  1  1 ## ## ##  1 
18  1  1  1  3  1  1  1  1  1  1  1  1  1  1  1  1 ##  1 ##  1 
19  1  1  2  1  1  1  1  1  1  1  1  1  1  1  1  1  1  1 ##  1 


===== 回合 9 =====
当前行动棋子: ID=2, 玩家=2
Piece[ID=2] Archer | 队伍2 | 存活/等待
  位置: (2, 19) 高度: 0
  生命: 60/60 | 行动点: 1/1
  物理伤害: 16 | 魔法伤害: 0
  物理抗性: 8 | 魔法抗性: 0
  移动力: 27.5/27.5 | 攻击范围: 9
  属性: 力量5 敏捷15 智力10
  武器: 弓(类型3)
  技能槽: 1/1 | 法术范围: 0.0
  死亡回合: -1 | 队列索引: 0
[InputManager] 玩家2的输入方法为: 函数式输入
[InputManager] 开始处理玩家2的行动输入
[FunctionInput] Executing action handler for player 2
[FunctionInput] Action handler executed successfully
[InputManager] 玩家2的行动输入处理完成
envState:1
action: 移动: 是
  目标位置: (0, 9)
攻击: 是
  攻击详情:
    攻击者ID: 2
    目标ID: 4
    伤害值: 0
法术: 否
移动成功到 (0, 9)

当前棋盘:
    0  1  2  3  4  5  6  7  8  9 10 11 12 13 14 15 16 17 18 19 

 0  1  1  1  1  1  1  1  1  1  1  1  1  1  1  1  1  1  1  1  1 
 1  1  1  1  1  1  1  1  1  1  1  1  1  1  1  1  1  1  1  1  1 
 2  1  1  1  1  1  1  1  1  1  1  1  1  1  1  1  1  1  1  1  1 
 3  1  1  1  1  1  1  1  1  1  1  1  1  1  1  1  1  1  1  1  1 
 4  1  1  1 ## ##  1  1  1  1  1  1  1  1  1  1  1  1  1  1  1 
 5  1  1  1  1 ##  1  1  1  1  1  1  1  1  1  1  1  1  1  1  1 
 6  1  1  1  1  1  1  1  1  1  1  1  1  1  1  1  1  1  1  1  1 
 7  1  1  1  1  1  1  1  1  1  1  1  1  1  1  1  1  1  1  1  1 
 8  1  1  1  1  1  1  1  1  1  1  1  1  1  1  1  1  1  1  1  1 
 9  2  1  1  1  1  1  1  1  1  1  1  1  1  1  1  1  1  1  1  1 
10  1  1  1  1  1  1  1  1  1  1  1  1  1  1  1  1  1  1  1  1 
11  1  1  1  1  1  1  1  1  1  1  1  1  1  1  1  1  1  1  1  1 
12  1  1  1  1  1  1  1  1  1  1  1  1  1  1  1  1  1  1  1  1 
13  1  1  1  1  1  1  1  1  1  1  1  1  1  1  1  1  1  1  1  1 
14  1  0  1  1  1  1  1  1  1  1  1  1  1  1  1 ##  1  1  1  1 
15  4  1  1  1  1  1  1  1  1  1  1  1  1  1  1 ## ##  1  1  1 
16  1  1  1  1  1  1  1  1  1  1  1  1  1  1  1  1 ## ## ##  1 
17  1  1  1  1  5  1  1  1  1  1  1  1  1  1  1  1 ## ## ##  1 
18  1  1  1  3  1  1  1  1  1  1  1  1  1  1  1  1 ##  1 ##  1 
19  1  1  1  1  1  1  1  1  1  1  1  1  1  1  1  1  1  1 ##  1 


===== 回合 10 =====
当前行动棋子: ID=3, 玩家=2
Piece[ID=3] Archer | 队伍2 | 存活/等待
  位置: (3, 18) 高度: 0
  生命: 60/60 | 行动点: 1/1
  物理伤害: 16 | 魔法伤害: 0
  物理抗性: 8 | 魔法抗性: 0
  移动力: 27.5/27.5 | 攻击范围: 9
  属性: 力量5 敏捷15 智力10
  武器: 弓(类型3)
  技能槽: 1/1 | 法术范围: 0.0
  死亡回合: -1 | 队列索引: 0
[InputManager] 玩家2的输入方法为: 函数式输入
[InputManager] 开始处理玩家2的行动输入
[FunctionInput] Executing action handler for player 2
[FunctionInput] Action handler executed successfully
[InputManager] 玩家2的行动输入处理完成
envState:1
action: 移动: 是
  目标位置: (1, 10)
攻击: 是
  攻击详情:
    攻击者ID: 3
    目标ID: 4
    伤害值: 0
法术: 否
移动成功到 (1, 10)

当前棋盘:
    0  1  2  3  4  5  6  7  8  9 10 11 12 13 14 15 16 17 18 19 

 0  1  1  1  1  1  1  1  1  1  1  1  1  1  1  1  1  1  1  1  1 
 1  1  1  1  1  1  1  1  1  1  1  1  1  1  1  1  1  1  1  1  1 
 2  1  1  1  1  1  1  1  1  1  1  1  1  1  1  1  1  1  1  1  1 
 3  1  1  1  1  1  1  1  1  1  1  1  1  1  1  1  1  1  1  1  1 
 4  1  1  1 ## ##  1  1  1  1  1  1  1  1  1  1  1  1  1  1  1 
 5  1  1  1  1 ##  1  1  1  1  1  1  1  1  1  1  1  1  1  1  1 
 6  1  1  1  1  1  1  1  1  1  1  1  1  1  1  1  1  1  1  1  1 
 7  1  1  1  1  1  1  1  1  1  1  1  1  1  1  1  1  1  1  1  1 
 8  1  1  1  1  1  1  1  1  1  1  1  1  1  1  1  1  1  1  1  1 
 9  2  1  1  1  1  1  1  1  1  1  1  1  1  1  1  1  1  1  1  1 
10  1  3  1  1  1  1  1  1  1  1  1  1  1  1  1  1  1  1  1  1 
11  1  1  1  1  1  1  1  1  1  1  1  1  1  1  1  1  1  1  1  1 
12  1  1  1  1  1  1  1  1  1  1  1  1  1  1  1  1  1  1  1  1 
13  1  1  1  1  1  1  1  1  1  1  1  1  1  1  1  1  1  1  1  1 
14  1  0  1  1  1  1  1  1  1  1  1  1  1  1  1 ##  1  1  1  1 
15  4  1  1  1  1  1  1  1  1  1  1  1  1  1  1 ## ##  1  1  1 
16  1  1  1  1  1  1  1  1  1  1  1  1  1  1  1  1 ## ## ##  1 
17  1  1  1  1  5  1  1  1  1  1  1  1  1  1  1  1 ## ## ##  1 
18  1  1  1  1  1  1  1  1  1  1  1  1  1  1  1  1 ##  1 ##  1 
19  1  1  1  1  1  1  1  1  1  1  1  1  1  1  1  1  1  1 ##  1 


===== 回合 11 =====
当前行动棋子: ID=4, 玩家=1
Piece[ID=4] Archer | 队伍1 | 存活/等待
  位置: (0, 15) 高度: 0
  生命: 60/60 | 行动点: 1/1
  物理伤害: 16 | 魔法伤害: 0
  物理抗性: 8 | 魔法抗性: 0
  移动力: 27.5/27.5 | 攻击范围: 9
  属性: 力量5 敏捷15 智力10
  武器: 弓(类型3)
  技能槽: 1/1 | 法术范围: 0.0
  死亡回合: -1 | 队列索引: 0
[InputManager] 玩家1的输入方法为: 函数式输入
[InputManager] 开始处理玩家1的行动输入
[FunctionInput] Executing action handler for player 1
[FunctionInput] Action handler executed successfully
[InputManager] 玩家1的行动输入处理完成
envState:1
action: 移动: 是
  目标位置: (0, 15)
攻击: 是
  攻击详情:
    攻击者ID: 4
    目标ID: 5
    伤害值: 0
法术: 否
目标位置(0, 15)被占据
移动失败
[Attack] Auto hit - no roll needed.
[Attack] Dealing 21 damage to target.
对棋子5造成21点伤害

当前棋盘:
    0  1  2  3  4  5  6  7  8  9 10 11 12 13 14 15 16 17 18 19 

 0  1  1  1  1  1  1  1  1  1  1  1  1  1  1  1  1  1  1  1  1 
 1  1  1  1  1  1  1  1  1  1  1  1  1  1  1  1  1  1  1  1  1 
 2  1  1  1  1  1  1  1  1  1  1  1  1  1  1  1  1  1  1  1  1 
 3  1  1  1  1  1  1  1  1  1  1  1  1  1  1  1  1  1  1  1  1 
 4  1  1  1 ## ##  1  1  1  1  1  1  1  1  1  1  1  1  1  1  1 
 5  1  1  1  1 ##  1  1  1  1  1  1  1  1  1  1  1  1  1  1  1 
 6  1  1  1  1  1  1  1  1  1  1  1  1  1  1  1  1  1  1  1  1 
 7  1  1  1  1  1  1  1  1  1  1  1  1  1  1  1  1  1  1  1  1 
 8  1  1  1  1  1  1  1  1  1  1  1  1  1  1  1  1  1  1  1  1 
 9  2  1  1  1  1  1  1  1  1  1  1  1  1  1  1  1  1  1  1  1 
10  1  3  1  1  1  1  1  1  1  1  1  1  1  1  1  1  1  1  1  1 
11  1  1  1  1  1  1  1  1  1  1  1  1  1  1  1  1  1  1  1  1 
12  1  1  1  1  1  1  1  1  1  1  1  1  1  1  1  1  1  1  1  1 
13  1  1  1  1  1  1  1  1  1  1  1  1  1  1  1  1  1  1  1  1 
14  1  0  1  1  1  1  1  1  1  1  1  1  1  1  1 ##  1  1  1  1 
15  4  1  1  1  1  1  1  1  1  1  1  1  1  1  1 ## ##  1  1  1 
16  1  1  1  1  1  1  1  1  1  1  1  1  1  1  1  1 ## ## ##  1 
17  1  1  1  1  5  1  1  1  1  1  1  1  1  1  1  1 ## ## ##  1 
18  1  1  1  1  1  1  1  1  1  1  1  1  1  1  1  1 ##  1 ##  1 
19  1  1  1  1  1  1  1  1  1  1  1  1  1  1  1  1  1  1 ##  1 


===== 回合 12 =====
当前行动棋子: ID=5, 玩家=2
Piece[ID=5] Archer | 队伍2 | 存活/等待
  位置: (4, 17) 高度: 0
  生命: 47/60 | 行动点: 1/1
  物理伤害: 16 | 魔法伤害: 0
  物理抗性: 8 | 魔法抗性: 0
  移动力: 27.5/27.5 | 攻击范围: 9
  属性: 力量5 敏捷15 智力10
  武器: 弓(类型3)
  技能槽: 1/1 | 法术范围: 0.0
  死亡回合: -1 | 队列索引: 0
[InputManager] 玩家2的输入方法为: 函数式输入
[InputManager] 开始处理玩家2的行动输入
[FunctionInput] Executing action handler for player 2
[FunctionInput] Action handler executed successfully
[InputManager] 玩家2的行动输入处理完成
envState:1
action: 移动: 是
  目标位置: (0, 19)
攻击: 是
  攻击详情:
    攻击者ID: 5
    目标ID: 0
    伤害值: 0
法术: 否
移动成功到 (0, 19)

当前棋盘:
    0  1  2  3  4  5  6  7  8  9 10 11 12 13 14 15 16 17 18 19 

 0  1  1  1  1  1  1  1  1  1  1  1  1  1  1  1  1  1  1  1  1 
 1  1  1  1  1  1  1  1  1  1  1  1  1  1  1  1  1  1  1  1  1 
 2  1  1  1  1  1  1  1  1  1  1  1  1  1  1  1  1  1  1  1  1 
 3  1  1  1  1  1  1  1  1  1  1  1  1  1  1  1  1  1  1  1  1 
 4  1  1  1 ## ##  1  1  1  1  1  1  1  1  1  1  1  1  1  1  1 
 5  1  1  1  1 ##  1  1  1  1  1  1  1  1  1  1  1  1  1  1  1 
 6  1  1  1  1  1  1  1  1  1  1  1  1  1  1  1  1  1  1  1  1 
 7  1  1  1  1  1  1  1  1  1  1  1  1  1  1  1  1  1  1  1  1 
 8  1  1  1  1  1  1  1  1  1  1  1  1  1  1  1  1  1  1  1  1 
 9  2  1  1  1  1  1  1  1  1  1  1  1  1  1  1  1  1  1  1  1 
10  1  3  1  1  1  1  1  1  1  1  1  1  1  1  1  1  1  1  1  1 
11  1  1  1  1  1  1  1  1  1  1  1  1  1  1  1  1  1  1  1  1 
12  1  1  1  1  1  1  1  1  1  1  1  1  1  1  1  1  1  1  1  1 
13  1  1  1  1  1  1  1  1  1  1  1  1  1  1  1  1  1  1  1  1 
14  1  0  1  1  1  1  1  1  1  1  1  1  1  1  1 ##  1  1  1  1 
15  4  1  1  1  1  1  1  1  1  1  1  1  1  1  1 ## ##  1  1  1 
16  1  1  1  1  1  1  1  1  1  1  1  1  1  1  1  1 ## ## ##  1 
17  1  1  1  1  1  1  1  1  1  1  1  1  1  1  1  1 ## ## ##  1 
18  1  1  1  1  1  1  1  1  1  1  1  1  1  1  1  1 ##  1 ##  1 
19  5  1  1  1  1  1  1  1  1  1  1  1  1  1  1  1  1  1 ##  1 


===== 回合 13 =====
当前行动棋子: ID=0, 玩家=1
Piece[ID=0] Archer | 队伍1 | 存活/等待
  位置: (1, 14) 高度: 0
  生命: 60/60 | 行动点: 1/1
  物理伤害: 16 | 魔法伤害: 0
  物理抗性: 8 | 魔法抗性: 0
  移动力: 27.5/27.5 | 攻击范围: 9
  属性: 力量5 敏捷15 智力10
  武器: 弓(类型3)
  技能槽: 1/1 | 法术范围: 0.0
  死亡回合: -1 | 队列索引: 0
[InputManager] 玩家1的输入方法为: 函数式输入
[InputManager] 开始处理玩家1的行动输入
[FunctionInput] Executing action handler for player 1
[FunctionInput] Action handler executed successfully
[InputManager] 玩家1的行动输入处理完成
envState:1
action: 移动: 是
  目标位置: (0, 5)
攻击: 是
  攻击详情:
    攻击者ID: 0
    目标ID: 3
    伤害值: 0
法术: 否
移动成功到 (0, 5)

当前棋盘:
    0  1  2  3  4  5  6  7  8  9 10 11 12 13 14 15 16 17 18 19 

 0  1  1  1  1  1  1  1  1  1  1  1  1  1  1  1  1  1  1  1  1 
 1  1  1  1  1  1  1  1  1  1  1  1  1  1  1  1  1  1  1  1  1 
 2  1  1  1  1  1  1  1  1  1  1  1  1  1  1  1  1  1  1  1  1 
 3  1  1  1  1  1  1  1  1  1  1  1  1  1  1  1  1  1  1  1  1 
 4  1  1  1 ## ##  1  1  1  1  1  1  1  1  1  1  1  1  1  1  1 
 5  0  1  1  1 ##  1  1  1  1  1  1  1  1  1  1  1  1  1  1  1 
 6  1  1  1  1  1  1  1  1  1  1  1  1  1  1  1  1  1  1  1  1 
 7  1  1  1  1  1  1  1  1  1  1  1  1  1  1  1  1  1  1  1  1 
 8  1  1  1  1  1  1  1  1  1  1  1  1  1  1  1  1  1  1  1  1 
 9  2  1  1  1  1  1  1  1  1  1  1  1  1  1  1  1  1  1  1  1 
10  1  3  1  1  1  1  1  1  1  1  1  1  1  1  1  1  1  1  1  1 
11  1  1  1  1  1  1  1  1  1  1  1  1  1  1  1  1  1  1  1  1 
12  1  1  1  1  1  1  1  1  1  1  1  1  1  1  1  1  1  1  1  1 
13  1  1  1  1  1  1  1  1  1  1  1  1  1  1  1  1  1  1  1  1 
14  1  1  1  1  1  1  1  1  1  1  1  1  1  1  1 ##  1  1  1  1 
15  4  1  1  1  1  1  1  1  1  1  1  1  1  1  1 ## ##  1  1  1 
16  1  1  1  1  1  1  1  1  1  1  1  1  1  1  1  1 ## ## ##  1 
17  1  1  1  1  1  1  1  1  1  1  1  1  1  1  1  1 ## ## ##  1 
18  1  1  1  1  1  1  1  1  1  1  1  1  1  1  1  1 ##  1 ##  1 
19  5  1  1  1  1  1  1  1  1  1  1  1  1  1  1  1  1  1 ##  1 


===== 回合 14 =====
当前行动棋子: ID=1, 玩家=1
Piece[ID=1] Archer | 队伍1 | 存活/等待
  位置: (2, 13) 高度: 0
  生命: 60/60 | 行动点: 1/1
  物理伤害: 16 | 魔法伤害: 0
  物理抗性: 8 | 魔法抗性: 0
  移动力: 27.5/27.5 | 攻击范围: 9
  属性: 力量5 敏捷15 智力10
  武器: 弓(类型3)
  技能槽: 1/1 | 法术范围: 0.0
  死亡回合: -1 | 队列索引: 0
[InputManager] 玩家1的输入方法为: 函数式输入
[InputManager] 开始处理玩家1的行动输入
[FunctionInput] Executing action handler for player 1
[FunctionInput] Action handler executed successfully
[InputManager] 玩家1的行动输入处理完成
envState:1
action: 移动: 是
  目标位置: (1, 4)
攻击: 是
  攻击详情:
    攻击者ID: 1
    目标ID: 3
    伤害值: 0
法术: 否
移动成功到 (1, 4)

当前棋盘:
    0  1  2  3  4  5  6  7  8  9 10 11 12 13 14 15 16 17 18 19 

 0  1  1  1  1  1  1  1  1  1  1  1  1  1  1  1  1  1  1  1  1 
 1  1  1  1  1  1  1  1  1  1  1  1  1  1  1  1  1  1  1  1  1 
 2  1  1  1  1  1  1  1  1  1  1  1  1  1  1  1  1  1  1  1  1 
 3  1  1  1  1  1  1  1  1  1  1  1  1  1  1  1  1  1  1  1  1 
 4  1  1  1 ## ##  1  1  1  1  1  1  1  1  1  1  1  1  1  1  1 
 5  0  1  1  1 ##  1  1  1  1  1  1  1  1  1  1  1  1  1  1  1 
 6  1  1  1  1  1  1  1  1  1  1  1  1  1  1  1  1  1  1  1  1 
 7  1  1  1  1  1  1  1  1  1  1  1  1  1  1  1  1  1  1  1  1 
 8  1  1  1  1  1  1  1  1  1  1  1  1  1  1  1  1  1  1  1  1 
 9  2  1  1  1  1  1  1  1  1  1  1  1  1  1  1  1  1  1  1  1 
10  1  3  1  1  1  1  1  1  1  1  1  1  1  1  1  1  1  1  1  1 
11  1  1  1  1  1  1  1  1  1  1  1  1  1  1  1  1  1  1  1  1 
12  1  1  1  1  1  1  1  1  1  1  1  1  1  1  1  1  1  1  1  1 
13  1  1  1  1  1  1  1  1  1  1  1  1  1  1  1  1  1  1  1  1 
14  1  1  1  1  1  1  1  1  1  1  1  1  1  1  1 ##  1  1  1  1 
15  4  1  1  1  1  1  1  1  1  1  1  1  1  1  1 ## ##  1  1  1 
16  1  1  1  1  1  1  1  1  1  1  1  1  1  1  1  1 ## ## ##  1 
17  1  1  1  1  1  1  1  1  1  1  1  1  1  1  1  1 ## ## ##  1 
18  1  1  1  1  1  1  1  1  1  1  1  1  1  1  1  1 ##  1 ##  1 
19  5  1  1  1  1  1  1  1  1  1  1  1  1  1  1  1  1  1 ##  1 


===== 回合 15 =====
当前行动棋子: ID=2, 玩家=2
Piece[ID=2] Archer | 队伍2 | 存活/等待
  位置: (0, 9) 高度: 0
  生命: 60/60 | 行动点: 1/1
  物理伤害: 16 | 魔法伤害: 0
  物理抗性: 8 | 魔法抗性: 0
  移动力: 27.5/27.5 | 攻击范围: 9
  属性: 力量5 敏捷15 智力10
  武器: 弓(类型3)
  技能槽: 1/1 | 法术范围: 0.0
  死亡回合: -1 | 队列索引: 0
[InputManager] 玩家2的输入方法为: 函数式输入
[InputManager] 开始处理玩家2的行动输入
[FunctionInput] Executing action handler for player 2
[FunctionInput] Action handler executed successfully
[InputManager] 玩家2的行动输入处理完成
envState:1
action: 移动: 是
  目标位置: (0, 11)
攻击: 是
  攻击详情:
    攻击者ID: 2
    目标ID: 0
    伤害值: 0
法术: 否
移动成功到 (0, 11)

当前棋盘:
    0  1  2  3  4  5  6  7  8  9 10 11 12 13 14 15 16 17 18 19 

 0  1  1  1  1  1  1  1  1  1  1  1  1  1  1  1  1  1  1  1  1 
 1  1  1  1  1  1  1  1  1  1  1  1  1  1  1  1  1  1  1  1  1 
 2  1  1  1  1  1  1  1  1  1  1  1  1  1  1  1  1  1  1  1  1 
 3  1  1  1  1  1  1  1  1  1  1  1  1  1  1  1  1  1  1  1  1 
 4  1  1  1 ## ##  1  1  1  1  1  1  1  1  1  1  1  1  1  1  1 
 5  0  1  1  1 ##  1  1  1  1  1  1  1  1  1  1  1  1  1  1  1 
 6  1  1  1  1  1  1  1  1  1  1  1  1  1  1  1  1  1  1  1  1 
 7  1  1  1  1  1  1  1  1  1  1  1  1  1  1  1  1  1  1  1  1 
 8  1  1  1  1  1  1  1  1  1  1  1  1  1  1  1  1  1  1  1  1 
 9  1  1  1  1  1  1  1  1  1  1  1  1  1  1  1  1  1  1  1  1 
10  1  3  1  1  1  1  1  1  1  1  1  1  1  1  1  1  1  1  1  1 
11  2  1  1  1  1  1  1  1  1  1  1  1  1  1  1  1  1  1  1  1 
12  1  1  1  1  1  1  1  1  1  1  1  1  1  1  1  1  1  1  1  1 
13  1  1  1  1  1  1  1  1  1  1  1  1  1  1  1  1  1  1  1  1 
14  1  1  1  1  1  1  1  1  1  1  1  1  1  1  1 ##  1  1  1  1 
15  4  1  1  1  1  1  1  1  1  1  1  1  1  1  1 ## ##  1  1  1 
16  1  1  1  1  1  1  1  1  1  1  1  1  1  1  1  1 ## ## ##  1 
17  1  1  1  1  1  1  1  1  1  1  1  1  1  1  1  1 ## ## ##  1 
18  1  1  1  1  1  1  1  1  1  1  1  1  1  1  1  1 ##  1 ##  1 
19  5  1  1  1  1  1  1  1  1  1  1  1  1  1  1  1  1  1 ##  1 


===== 回合 16 =====
当前行动棋子: ID=3, 玩家=2
Piece[ID=3] Archer | 队伍2 | 存活/等待
  位置: (1, 10) 高度: 1
  生命: 60/60 | 行动点: 1/1
  物理伤害: 16 | 魔法伤害: 0
  物理抗性: 8 | 魔法抗性: 0
  移动力: 27.5/27.5 | 攻击范围: 9
  属性: 力量5 敏捷15 智力10
  武器: 弓(类型3)
  技能槽: 1/1 | 法术范围: 0.0
  死亡回合: -1 | 队列索引: 0
[InputManager] 玩家2的输入方法为: 函数式输入
[InputManager] 开始处理玩家2的行动输入
[FunctionInput] Executing action handler for player 2
[FunctionInput] Action handler executed successfully
[InputManager] 玩家2的行动输入处理完成
envState:1
action: 移动: 是
  目标位置: (0, 9)
攻击: 是
  攻击详情:
    攻击者ID: 3
    目标ID: 4
    伤害值: 0
法术: 否
移动成功到 (0, 9)

当前棋盘:
    0  1  2  3  4  5  6  7  8  9 10 11 12 13 14 15 16 17 18 19 

 0  1  1  1  1  1  1  1  1  1  1  1  1  1  1  1  1  1  1  1  1 
 1  1  1  1  1  1  1  1  1  1  1  1  1  1  1  1  1  1  1  1  1 
 2  1  1  1  1  1  1  1  1  1  1  1  1  1  1  1  1  1  1  1  1 
 3  1  1  1  1  1  1  1  1  1  1  1  1  1  1  1  1  1  1  1  1 
 4  1  1  1 ## ##  1  1  1  1  1  1  1  1  1  1  1  1  1  1  1 
 5  0  1  1  1 ##  1  1  1  1  1  1  1  1  1  1  1  1  1  1  1 
 6  1  1  1  1  1  1  1  1  1  1  1  1  1  1  1  1  1  1  1  1 
 7  1  1  1  1  1  1  1  1  1  1  1  1  1  1  1  1  1  1  1  1 
 8  1  1  1  1  1  1  1  1  1  1  1  1  1  1  1  1  1  1  1  1 
 9  3  1  1  1  1  1  1  1  1  1  1  1  1  1  1  1  1  1  1  1 
10  1  1  1  1  1  1  1  1  1  1  1  1  1  1  1  1  1  1  1  1 
11  2  1  1  1  1  1  1  1  1  1  1  1  1  1  1  1  1  1  1  1 
12  1  1  1  1  1  1  1  1  1  1  1  1  1  1  1  1  1  1  1  1 
13  1  1  1  1  1  1  1  1  1  1  1  1  1  1  1  1  1  1  1  1 
14  1  1  1  1  1  1  1  1  1  1  1  1  1  1  1 ##  1  1  1  1 
15  4  1  1  1  1  1  1  1  1  1  1  1  1  1  1 ## ##  1  1  1 
16  1  1  1  1  1  1  1  1  1  1  1  1  1  1  1  1 ## ## ##  1 
17  1  1  1  1  1  1  1  1  1  1  1  1  1  1  1  1 ## ## ##  1 
18  1  1  1  1  1  1  1  1  1  1  1  1  1  1  1  1 ##  1 ##  1 
19  5  1  1  1  1  1  1  1  1  1  1  1  1  1  1  1  1  1 ##  1 


===== 回合 17 =====
当前行动棋子: ID=4, 玩家=1
Piece[ID=4] Archer | 队伍1 | 存活/等待
  位置: (0, 15) 高度: 0
  生命: 60/60 | 行动点: 1/1
  物理伤害: 16 | 魔法伤害: 0
  物理抗性: 8 | 魔法抗性: 0
  移动力: 27.5/27.5 | 攻击范围: 9
  属性: 力量5 敏捷15 智力10
  武器: 弓(类型3)
  技能槽: 1/1 | 法术范围: 0.0
  死亡回合: -1 | 队列索引: 0
[InputManager] 玩家1的输入方法为: 函数式输入
[InputManager] 开始处理玩家1的行动输入
[FunctionInput] Executing action handler for player 1
[FunctionInput] Action handler executed successfully
[InputManager] 玩家1的行动输入处理完成
envState:1
action: 移动: 是
  目标位置: (0, 13)
攻击: 是
  攻击详情:
    攻击者ID: 4
    目标ID: 5
    伤害值: 0
法术: 否
移动成功到 (0, 13)

当前棋盘:
    0  1  2  3  4  5  6  7  8  9 10 11 12 13 14 15 16 17 18 19 

 0  1  1  1  1  1  1  1  1  1  1  1  1  1  1  1  1  1  1  1  1 
 1  1  1  1  1  1  1  1  1  1  1  1  1  1  1  1  1  1  1  1  1 
 2  1  1  1  1  1  1  1  1  1  1  1  1  1  1  1  1  1  1  1  1 
 3  1  1  1  1  1  1  1  1  1  1  1  1  1  1  1  1  1  1  1  1 
 4  1  1  1 ## ##  1  1  1  1  1  1  1  1  1  1  1  1  1  1  1 
 5  0  1  1  1 ##  1  1  1  1  1  1  1  1  1  1  1  1  1  1  1 
 6  1  1  1  1  1  1  1  1  1  1  1  1  1  1  1  1  1  1  1  1 
 7  1  1  1  1  1  1  1  1  1  1  1  1  1  1  1  1  1  1  1  1 
 8  1  1  1  1  1  1  1  1  1  1  1  1  1  1  1  1  1  1  1  1 
 9  3  1  1  1  1  1  1  1  1  1  1  1  1  1  1  1  1  1  1  1 
10  1  1  1  1  1  1  1  1  1  1  1  1  1  1  1  1  1  1  1  1 
11  2  1  1  1  1  1  1  1  1  1  1  1  1  1  1  1  1  1  1  1 
12  1  1  1  1  1  1  1  1  1  1  1  1  1  1  1  1  1  1  1  1 
13  4  1  1  1  1  1  1  1  1  1  1  1  1  1  1  1  1  1  1  1 
14  1  1  1  1  1  1  1  1  1  1  1  1  1  1  1 ##  1  1  1  1 
15  1  1  1  1  1  1  1  1  1  1  1  1  1  1  1 ## ##  1  1  1 
16  1  1  1  1  1  1  1  1  1  1  1  1  1  1  1  1 ## ## ##  1 
17  1  1  1  1  1  1  1  1  1  1  1  1  1  1  1  1 ## ## ##  1 
18  1  1  1  1  1  1  1  1  1  1  1  1  1  1  1  1 ##  1 ##  1 
19  5  1  1  1  1  1  1  1  1  1  1  1  1  1  1  1  1  1 ##  1 


===== 回合 18 =====
当前行动棋子: ID=5, 玩家=2
Piece[ID=5] Archer | 队伍2 | 存活/等待
  位置: (0, 19) 高度: 0
  生命: 47/60 | 行动点: 1/1
  物理伤害: 16 | 魔法伤害: 0
  物理抗性: 8 | 魔法抗性: 0
  移动力: 27.5/27.5 | 攻击范围: 9
  属性: 力量5 敏捷15 智力10
  武器: 弓(类型3)
  技能槽: 1/1 | 法术范围: 0.0
  死亡回合: -1 | 队列索引: 0
[InputManager] 玩家2的输入方法为: 函数式输入
[InputManager] 开始处理玩家2的行动输入
[FunctionInput] Executing action handler for player 2
[FunctionInput] Action handler executed successfully
[InputManager] 玩家2的行动输入处理完成
envState:1
action: 移动: 是
  目标位置: (0, 7)
攻击: 是
  攻击详情:
    攻击者ID: 5
    目标ID: 4
    伤害值: 0
法术: 否
移动成功到 (0, 7)

当前棋盘:
    0  1  2  3  4  5  6  7  8  9 10 11 12 13 14 15 16 17 18 19 

 0  1  1  1  1  1  1  1  1  1  1  1  1  1  1  1  1  1  1  1  1 
 1  1  1  1  1  1  1  1  1  1  1  1  1  1  1  1  1  1  1  1  1 
 2  1  1  1  1  1  1  1  1  1  1  1  1  1  1  1  1  1  1  1  1 
 3  1  1  1  1  1  1  1  1  1  1  1  1  1  1  1  1  1  1  1  1 
 4  1  1  1 ## ##  1  1  1  1  1  1  1  1  1  1  1  1  1  1  1 
 5  0  1  1  1 ##  1  1  1  1  1  1  1  1  1  1  1  1  1  1  1 
 6  1  1  1  1  1  1  1  1  1  1  1  1  1  1  1  1  1  1  1  1 
 7  5  1  1  1  1  1  1  1  1  1  1  1  1  1  1  1  1  1  1  1 
 8  1  1  1  1  1  1  1  1  1  1  1  1  1  1  1  1  1  1  1  1 
 9  3  1  1  1  1  1  1  1  1  1  1  1  1  1  1  1  1  1  1  1 
10  1  1  1  1  1  1  1  1  1  1  1  1  1  1  1  1  1  1  1  1 
11  2  1  1  1  1  1  1  1  1  1  1  1  1  1  1  1  1  1  1  1 
12  1  1  1  1  1  1  1  1  1  1  1  1  1  1  1  1  1  1  1  1 
13  4  1  1  1  1  1  1  1  1  1  1  1  1  1  1  1  1  1  1  1 
14  1  1  1  1  1  1  1  1  1  1  1  1  1  1  1 ##  1  1  1  1 
15  1  1  1  1  1  1  1  1  1  1  1  1  1  1  1 ## ##  1  1  1 
16  1  1  1  1  1  1  1  1  1  1  1  1  1  1  1  1 ## ## ##  1 
17  1  1  1  1  1  1  1  1  1  1  1  1  1  1  1  1 ## ## ##  1 
18  1  1  1  1  1  1  1  1  1  1  1  1  1  1  1  1 ##  1 ##  1 
19  1  1  1  1  1  1  1  1  1  1  1  1  1  1  1  1  1  1 ##  1 


===== 回合 19 =====
当前行动棋子: ID=0, 玩家=1
Piece[ID=0] Archer | 队伍1 | 存活/等待
  位置: (0, 5) 高度: 0
  生命: 60/60 | 行动点: 1/1
  物理伤害: 16 | 魔法伤害: 0
  物理抗性: 8 | 魔法抗性: 0
  移动力: 27.5/27.5 | 攻击范围: 9
  属性: 力量5 敏捷15 智力10
  武器: 弓(类型3)
  技能槽: 1/1 | 法术范围: 0.0
  死亡回合: -1 | 队列索引: 0
[InputManager] 玩家1的输入方法为: 函数式输入
[InputManager] 开始处理玩家1的行动输入
[FunctionInput] Executing action handler for player 1
[FunctionInput] Action handler executed successfully
[InputManager] 玩家1的行动输入处理完成
envState:1
action: 移动: 是
  目标位置: (0, 1)
攻击: 是
  攻击详情:
    攻击者ID: 0
    目标ID: 5
    伤害值: 0
法术: 否
移动成功到 (0, 1)

当前棋盘:
    0  1  2  3  4  5  6  7  8  9 10 11 12 13 14 15 16 17 18 19 

 0  1  1  1  1  1  1  1  1  1  1  1  1  1  1  1  1  1  1  1  1 
 1  0  1  1  1  1  1  1  1  1  1  1  1  1  1  1  1  1  1  1  1 
 2  1  1  1  1  1  1  1  1  1  1  1  1  1  1  1  1  1  1  1  1 
 3  1  1  1  1  1  1  1  1  1  1  1  1  1  1  1  1  1  1  1  1 
 4  1  1  1 ## ##  1  1  1  1  1  1  1  1  1  1  1  1  1  1  1 
 5  1  1  1  1 ##  1  1  1  1  1  1  1  1  1  1  1  1  1  1  1 
 6  1  1  1  1  1  1  1  1  1  1  1  1  1  1  1  1  1  1  1  1 
 7  5  1  1  1  1  1  1  1  1  1  1  1  1  1  1  1  1  1  1  1 
 8  1  1  1  1  1  1  1  1  1  1  1  1  1  1  1  1  1  1  1  1 
 9  3  1  1  1  1  1  1  1  1  1  1  1  1  1  1  1  1  1  1  1 
10  1  1  1  1  1  1  1  1  1  1  1  1  1  1  1  1  1  1  1  1 
11  2  1  1  1  1  1  1  1  1  1  1  1  1  1  1  1  1  1  1  1 
12  1  1  1  1  1  1  1  1  1  1  1  1  1  1  1  1  1  1  1  1 
13  4  1  1  1  1  1  1  1  1  1  1  1  1  1  1  1  1  1  1  1 
14  1  1  1  1  1  1  1  1  1  1  1  1  1  1  1 ##  1  1  1  1 
15  1  1  1  1  1  1  1  1  1  1  1  1  1  1  1 ## ##  1  1  1 
16  1  1  1  1  1  1  1  1  1  1  1  1  1  1  1  1 ## ## ##  1 
17  1  1  1  1  1  1  1  1  1  1  1  1  1  1  1  1 ## ## ##  1 
18  1  1  1  1  1  1  1  1  1  1  1  1  1  1  1  1 ##  1 ##  1 
19  1  1  1  1  1  1  1  1  1  1  1  1  1  1  1  1  1  1 ##  1 


===== 回合 20 =====
当前行动棋子: ID=1, 玩家=1
Piece[ID=1] Archer | 队伍1 | 存活/等待
  位置: (1, 4) 高度: 0
  生命: 60/60 | 行动点: 1/1
  物理伤害: 16 | 魔法伤害: 0
  物理抗性: 8 | 魔法抗性: 0
  移动力: 27.5/27.5 | 攻击范围: 9
  属性: 力量5 敏捷15 智力10
  武器: 弓(类型3)
  技能槽: 1/1 | 法术范围: 0.0
  死亡回合: -1 | 队列索引: 0
[InputManager] 玩家1的输入方法为: 函数式输入
[InputManager] 开始处理玩家1的行动输入
[FunctionInput] Executing action handler for player 1
[FunctionInput] Action handler executed successfully
[InputManager] 玩家1的行动输入处理完成
envState:1
action: 移动: 是
  目标位置: (1, 2)
攻击: 是
  攻击详情:
    攻击者ID: 1
    目标ID: 5
    伤害值: 0
法术: 否
移动成功到 (1, 2)

当前棋盘:
    0  1  2  3  4  5  6  7  8  9 10 11 12 13 14 15 16 17 18 19 

 0  1  1  1  1  1  1  1  1  1  1  1  1  1  1  1  1  1  1  1  1 
 1  0  1  1  1  1  1  1  1  1  1  1  1  1  1  1  1  1  1  1  1 
 2  1  1  1  1  1  1  1  1  1  1  1  1  1  1  1  1  1  1  1  1 
 3  1  1  1  1  1  1  1  1  1  1  1  1  1  1  1  1  1  1  1  1 
 4  1  1  1 ## ##  1  1  1  1  1  1  1  1  1  1  1  1  1  1  1 
 5  1  1  1  1 ##  1  1  1  1  1  1  1  1  1  1  1  1  1  1  1 
 6  1  1  1  1  1  1  1  1  1  1  1  1  1  1  1  1  1  1  1  1 
 7  5  1  1  1  1  1  1  1  1  1  1  1  1  1  1  1  1  1  1  1 
 8  1  1  1  1  1  1  1  1  1  1  1  1  1  1  1  1  1  1  1  1 
 9  3  1  1  1  1  1  1  1  1  1  1  1  1  1  1  1  1  1  1  1 
10  1  1  1  1  1  1  1  1  1  1  1  1  1  1  1  1  1  1  1  1 
11  2  1  1  1  1  1  1  1  1  1  1  1  1  1  1  1  1  1  1  1 
12  1  1  1  1  1  1  1  1  1  1  1  1  1  1  1  1  1  1  1  1 
13  4  1  1  1  1  1  1  1  1  1  1  1  1  1  1  1  1  1  1  1 
14  1  1  1  1  1  1  1  1  1  1  1  1  1  1  1 ##  1  1  1  1 
15  1  1  1  1  1  1  1  1  1  1  1  1  1  1  1 ## ##  1  1  1 
16  1  1  1  1  1  1  1  1  1  1  1  1  1  1  1  1 ## ## ##  1 
17  1  1  1  1  1  1  1  1  1  1  1  1  1  1  1  1 ## ## ##  1 
18  1  1  1  1  1  1  1  1  1  1  1  1  1  1  1  1 ##  1 ##  1 
19  1  1  1  1  1  1  1  1  1  1  1  1  1  1  1  1  1  1 ##  1 


===== 回合 21 =====
当前行动棋子: ID=2, 玩家=2
Piece[ID=2] Archer | 队伍2 | 存活/等待
  位置: (0, 11) 高度: 0
  生命: 60/60 | 行动点: 1/1
  物理伤害: 16 | 魔法伤害: 0
  物理抗性: 8 | 魔法抗性: 0
  移动力: 27.5/27.5 | 攻击范围: 9
  属性: 力量5 敏捷15 智力10
  武器: 弓(类型3)
  技能槽: 1/1 | 法术范围: 0.0
  死亡回合: -1 | 队列索引: 0
[InputManager] 玩家2的输入方法为: 函数式输入
[InputManager] 开始处理玩家2的行动输入
[FunctionInput] Executing action handler for player 2
[FunctionInput] Action handler executed successfully
[InputManager] 玩家2的行动输入处理完成
envState:1
action: 移动: 是
  目标位置: (0, 19)
攻击: 是
  攻击详情:
    攻击者ID: 2
    目标ID: 4
    伤害值: 0
法术: 否
移动成功到 (0, 19)

当前棋盘:
    0  1  2  3  4  5  6  7  8  9 10 11 12 13 14 15 16 17 18 19 

 0  1  1  1  1  1  1  1  1  1  1  1  1  1  1  1  1  1  1  1  1 
 1  0  1  1  1  1  1  1  1  1  1  1  1  1  1  1  1  1  1  1  1 
 2  1  1  1  1  1  1  1  1  1  1  1  1  1  1  1  1  1  1  1  1 
 3  1  1  1  1  1  1  1  1  1  1  1  1  1  1  1  1  1  1  1  1 
 4  1  1  1 ## ##  1  1  1  1  1  1  1  1  1  1  1  1  1  1  1 
 5  1  1  1  1 ##  1  1  1  1  1  1  1  1  1  1  1  1  1  1  1 
 6  1  1  1  1  1  1  1  1  1  1  1  1  1  1  1  1  1  1  1  1 
 7  5  1  1  1  1  1  1  1  1  1  1  1  1  1  1  1  1  1  1  1 
 8  1  1  1  1  1  1  1  1  1  1  1  1  1  1  1  1  1  1  1  1 
 9  3  1  1  1  1  1  1  1  1  1  1  1  1  1  1  1  1  1  1  1 
10  1  1  1  1  1  1  1  1  1  1  1  1  1  1  1  1  1  1  1  1 
11  1  1  1  1  1  1  1  1  1  1  1  1  1  1  1  1  1  1  1  1 
12  1  1  1  1  1  1  1  1  1  1  1  1  1  1  1  1  1  1  1  1 
13  4  1  1  1  1  1  1  1  1  1  1  1  1  1  1  1  1  1  1  1 
14  1  1  1  1  1  1  1  1  1  1  1  1  1  1  1 ##  1  1  1  1 
15  1  1  1  1  1  1  1  1  1  1  1  1  1  1  1 ## ##  1  1  1 
16  1  1  1  1  1  1  1  1  1  1  1  1  1  1  1  1 ## ## ##  1 
17  1  1  1  1  1  1  1  1  1  1  1  1  1  1  1  1 ## ## ##  1 
18  1  1  1  1  1  1  1  1  1  1  1  1  1  1  1  1 ##  1 ##  1 
19  2  1  1  1  1  1  1  1  1  1  1  1  1  1  1  1  1  1 ##  1 


===== 回合 22 =====
当前行动棋子: ID=3, 玩家=2
Piece[ID=3] Archer | 队伍2 | 存活/等待
  位置: (0, 9) 高度: 0
  生命: 60/60 | 行动点: 1/1
  物理伤害: 16 | 魔法伤害: 0
  物理抗性: 8 | 魔法抗性: 0
  移动力: 27.5/27.5 | 攻击范围: 9
  属性: 力量5 敏捷15 智力10
  武器: 弓(类型3)
  技能槽: 1/1 | 法术范围: 0.0
  死亡回合: -1 | 队列索引: 0
[InputManager] 玩家2的输入方法为: 函数式输入
[InputManager] 开始处理玩家2的行动输入
[FunctionInput] Executing action handler for player 2
[FunctionInput] Action handler executed successfully
[InputManager] 玩家2的行动输入处理完成
envState:1
action: 移动: 是
  目标位置: (1, 8)
攻击: 是
  攻击详情:
    攻击者ID: 3
    目标ID: 4
    伤害值: 0
法术: 否
移动成功到 (1, 8)

当前棋盘:
    0  1  2  3  4  5  6  7  8  9 10 11 12 13 14 15 16 17 18 19 

 0  1  1  1  1  1  1  1  1  1  1  1  1  1  1  1  1  1  1  1  1 
 1  0  1  1  1  1  1  1  1  1  1  1  1  1  1  1  1  1  1  1  1 
 2  1  1  1  1  1  1  1  1  1  1  1  1  1  1  1  1  1  1  1  1 
 3  1  1  1  1  1  1  1  1  1  1  1  1  1  1  1  1  1  1  1  1 
 4  1  1  1 ## ##  1  1  1  1  1  1  1  1  1  1  1  1  1  1  1 
 5  1  1  1  1 ##  1  1  1  1  1  1  1  1  1  1  1  1  1  1  1 
 6  1  1  1  1  1  1  1  1  1  1  1  1  1  1  1  1  1  1  1  1 
 7  5  1  1  1  1  1  1  1  1  1  1  1  1  1  1  1  1  1  1  1 
 8  1  3  1  1  1  1  1  1  1  1  1  1  1  1  1  1  1  1  1  1 
 9  1  1  1  1  1  1  1  1  1  1  1  1  1  1  1  1  1  1  1  1 
10  1  1  1  1  1  1  1  1  1  1  1  1  1  1  1  1  1  1  1  1 
11  1  1  1  1  1  1  1  1  1  1  1  1  1  1  1  1  1  1  1  1 
12  1  1  1  1  1  1  1  1  1  1  1  1  1  1  1  1  1  1  1  1 
13  4  1  1  1  1  1  1  1  1  1  1  1  1  1  1  1  1  1  1  1 
14  1  1  1  1  1  1  1  1  1  1  1  1  1  1  1 ##  1  1  1  1 
15  1  1  1  1  1  1  1  1  1  1  1  1  1  1  1 ## ##  1  1  1 
16  1  1  1  1  1  1  1  1  1  1  1  1  1  1  1  1 ## ## ##  1 
17  1  1  1  1  1  1  1  1  1  1  1  1  1  1  1  1 ## ## ##  1 
18  1  1  1  1  1  1  1  1  1  1  1  1  1  1  1  1 ##  1 ##  1 
19  2  1  1  1  1  1  1  1  1  1  1  1  1  1  1  1  1  1 ##  1 


===== 回合 23 =====
当前行动棋子: ID=4, 玩家=1
Piece[ID=4] Archer | 队伍1 | 存活/等待
  位置: (0, 13) 高度: 0
  生命: 60/60 | 行动点: 1/1
  物理伤害: 16 | 魔法伤害: 0
  物理抗性: 8 | 魔法抗性: 0
  移动力: 27.5/27.5 | 攻击范围: 9
  属性: 力量5 敏捷15 智力10
  武器: 弓(类型3)
  技能槽: 1/1 | 法术范围: 0.0
  死亡回合: -1 | 队列索引: 0
[InputManager] 玩家1的输入方法为: 函数式输入
[InputManager] 开始处理玩家1的行动输入
[FunctionInput] Executing action handler for player 1
[FunctionInput] Action handler executed successfully
[InputManager] 玩家1的行动输入处理完成
envState:1
action: 移动: 是
  目标位置: (0, 13)
攻击: 是
  攻击详情:
    攻击者ID: 4
    目标ID: 5
    伤害值: 0
法术: 否
目标位置(0, 13)被占据
移动失败
[Attack] Auto hit - no roll needed.
[Attack] Dealing 21 damage to target.
对棋子5造成21点伤害

当前棋盘:
    0  1  2  3  4  5  6  7  8  9 10 11 12 13 14 15 16 17 18 19 

 0  1  1  1  1  1  1  1  1  1  1  1  1  1  1  1  1  1  1  1  1 
 1  0  1  1  1  1  1  1  1  1  1  1  1  1  1  1  1  1  1  1  1 
 2  1  1  1  1  1  1  1  1  1  1  1  1  1  1  1  1  1  1  1  1 
 3  1  1  1  1  1  1  1  1  1  1  1  1  1  1  1  1  1  1  1  1 
 4  1  1  1 ## ##  1  1  1  1  1  1  1  1  1  1  1  1  1  1  1 
 5  1  1  1  1 ##  1  1  1  1  1  1  1  1  1  1  1  1  1  1  1 
 6  1  1  1  1  1  1  1  1  1  1  1  1  1  1  1  1  1  1  1  1 
 7  5  1  1  1  1  1  1  1  1  1  1  1  1  1  1  1  1  1  1  1 
 8  1  3  1  1  1  1  1  1  1  1  1  1  1  1  1  1  1  1  1  1 
 9  1  1  1  1  1  1  1  1  1  1  1  1  1  1  1  1  1  1  1  1 
10  1  1  1  1  1  1  1  1  1  1  1  1  1  1  1  1  1  1  1  1 
11  1  1  1  1  1  1  1  1  1  1  1  1  1  1  1  1  1  1  1  1 
12  1  1  1  1  1  1  1  1  1  1  1  1  1  1  1  1  1  1  1  1 
13  4  1  1  1  1  1  1  1  1  1  1  1  1  1  1  1  1  1  1  1 
14  1  1  1  1  1  1  1  1  1  1  1  1  1  1  1 ##  1  1  1  1 
15  1  1  1  1  1  1  1  1  1  1  1  1  1  1  1 ## ##  1  1  1 
16  1  1  1  1  1  1  1  1  1  1  1  1  1  1  1  1 ## ## ##  1 
17  1  1  1  1  1  1  1  1  1  1  1  1  1  1  1  1 ## ## ##  1 
18  1  1  1  1  1  1  1  1  1  1  1  1  1  1  1  1 ##  1 ##  1 
19  2  1  1  1  1  1  1  1  1  1  1  1  1  1  1  1  1  1 ##  1 


===== 回合 24 =====
当前行动棋子: ID=5, 玩家=2
Piece[ID=5] Archer | 队伍2 | 存活/等待
  位置: (0, 7) 高度: 0
  生命: 34/60 | 行动点: 1/1
  物理伤害: 16 | 魔法伤害: 0
  物理抗性: 8 | 魔法抗性: 0
  移动力: 27.5/27.5 | 攻击范围: 9
  属性: 力量5 敏捷15 智力10
  武器: 弓(类型3)
  技能槽: 1/1 | 法术范围: 0.0
  死亡回合: -1 | 队列索引: 0
[InputManager] 玩家2的输入方法为: 函数式输入
[InputManager] 开始处理玩家2的行动输入
[FunctionInput] Executing action handler for player 2
[FunctionInput] Action handler executed successfully
[InputManager] 玩家2的行动输入处理完成
envState:1
action: 移动: 是
  目标位置: (0, 7)
攻击: 是
  攻击详情:
    攻击者ID: 5
    目标ID: 0
    伤害值: 0
法术: 否
目标位置(0, 7)被占据
移动失败
[Attack] Auto hit - no roll needed.
[Attack] Dealing 21 damage to target.
对棋子0造成21点伤害

当前棋盘:
    0  1  2  3  4  5  6  7  8  9 10 11 12 13 14 15 16 17 18 19 

 0  1  1  1  1  1  1  1  1  1  1  1  1  1  1  1  1  1  1  1  1 
 1  0  1  1  1  1  1  1  1  1  1  1  1  1  1  1  1  1  1  1  1 
 2  1  1  1  1  1  1  1  1  1  1  1  1  1  1  1  1  1  1  1  1 
 3  1  1  1  1  1  1  1  1  1  1  1  1  1  1  1  1  1  1  1  1 
 4  1  1  1 ## ##  1  1  1  1  1  1  1  1  1  1  1  1  1  1  1 
 5  1  1  1  1 ##  1  1  1  1  1  1  1  1  1  1  1  1  1  1  1 
 6  1  1  1  1  1  1  1  1  1  1  1  1  1  1  1  1  1  1  1  1 
 7  5  1  1  1  1  1  1  1  1  1  1  1  1  1  1  1  1  1  1  1 
 8  1  3  1  1  1  1  1  1  1  1  1  1  1  1  1  1  1  1  1  1 
 9  1  1  1  1  1  1  1  1  1  1  1  1  1  1  1  1  1  1  1  1 
10  1  1  1  1  1  1  1  1  1  1  1  1  1  1  1  1  1  1  1  1 
11  1  1  1  1  1  1  1  1  1  1  1  1  1  1  1  1  1  1  1  1 
12  1  1  1  1  1  1  1  1  1  1  1  1  1  1  1  1  1  1  1  1 
13  4  1  1  1  1  1  1  1  1  1  1  1  1  1  1  1  1  1  1  1 
14  1  1  1  1  1  1  1  1  1  1  1  1  1  1  1 ##  1  1  1  1 
15  1  1  1  1  1  1  1  1  1  1  1  1  1  1  1 ## ##  1  1  1 
16  1  1  1  1  1  1  1  1  1  1  1  1  1  1  1  1 ## ## ##  1 
17  1  1  1  1  1  1  1  1  1  1  1  1  1  1  1  1 ## ## ##  1 
18  1  1  1  1  1  1  1  1  1  1  1  1  1  1  1  1 ##  1 ##  1 
19  2  1  1  1  1  1  1  1  1  1  1  1  1  1  1  1  1  1 ##  1 


===== 回合 25 =====
当前行动棋子: ID=0, 玩家=1
Piece[ID=0] Archer | 队伍1 | 存活/等待
  位置: (0, 1) 高度: 0
  生命: 47/60 | 行动点: 1/1
  物理伤害: 16 | 魔法伤害: 0
  物理抗性: 8 | 魔法抗性: 0
  移动力: 27.5/27.5 | 攻击范围: 9
  属性: 力量5 敏捷15 智力10
  武器: 弓(类型3)
  技能槽: 1/1 | 法术范围: 0.0
  死亡回合: -1 | 队列索引: 0
[InputManager] 玩家1的输入方法为: 函数式输入
[InputManager] 开始处理玩家1的行动输入
[FunctionInput] Executing action handler for player 1
[FunctionInput] Action handler executed successfully
[InputManager] 玩家1的行动输入处理完成
envState:1
action: 移动: 是
  目标位置: (0, 1)
攻击: 是
  攻击详情:
    攻击者ID: 0
    目标ID: 5
    伤害值: 0
法术: 否
目标位置(0, 1)被占据
移动失败
[Attack] Auto hit - no roll needed.
[Attack] Dealing 21 damage to target.
对棋子5造成21点伤害

当前棋盘:
    0  1  2  3  4  5  6  7  8  9 10 11 12 13 14 15 16 17 18 19 

 0  1  1  1  1  1  1  1  1  1  1  1  1  1  1  1  1  1  1  1  1 
 1  0  1  1  1  1  1  1  1  1  1  1  1  1  1  1  1  1  1  1  1 
 2  1  1  1  1  1  1  1  1  1  1  1  1  1  1  1  1  1  1  1  1 
 3  1  1  1  1  1  1  1  1  1  1  1  1  1  1  1  1  1  1  1  1 
 4  1  1  1 ## ##  1  1  1  1  1  1  1  1  1  1  1  1  1  1  1 
 5  1  1  1  1 ##  1  1  1  1  1  1  1  1  1  1  1  1  1  1  1 
 6  1  1  1  1  1  1  1  1  1  1  1  1  1  1  1  1  1  1  1  1 
 7  5  1  1  1  1  1  1  1  1  1  1  1  1  1  1  1  1  1  1  1 
 8  1  3  1  1  1  1  1  1  1  1  1  1  1  1  1  1  1  1  1  1 
 9  1  1  1  1  1  1  1  1  1  1  1  1  1  1  1  1  1  1  1  1 
10  1  1  1  1  1  1  1  1  1  1  1  1  1  1  1  1  1  1  1  1 
11  1  1  1  1  1  1  1  1  1  1  1  1  1  1  1  1  1  1  1  1 
12  1  1  1  1  1  1  1  1  1  1  1  1  1  1  1  1  1  1  1  1 
13  4  1  1  1  1  1  1  1  1  1  1  1  1  1  1  1  1  1  1  1 
14  1  1  1  1  1  1  1  1  1  1  1  1  1  1  1 ##  1  1  1  1 
15  1  1  1  1  1  1  1  1  1  1  1  1  1  1  1 ## ##  1  1  1 
16  1  1  1  1  1  1  1  1  1  1  1  1  1  1  1  1 ## ## ##  1 
17  1  1  1  1  1  1  1  1  1  1  1  1  1  1  1  1 ## ## ##  1 
18  1  1  1  1  1  1  1  1  1  1  1  1  1  1  1  1 ##  1 ##  1 
19  2  1  1  1  1  1  1  1  1  1  1  1  1  1  1  1  1  1 ##  1 


===== 回合 26 =====
当前行动棋子: ID=1, 玩家=1
Piece[ID=1] Archer | 队伍1 | 存活/等待
  位置: (1, 2) 高度: -1
  生命: 60/60 | 行动点: 1/1
  物理伤害: 16 | 魔法伤害: 0
  物理抗性: 8 | 魔法抗性: 0
  移动力: 27.5/27.5 | 攻击范围: 9
  属性: 力量5 敏捷15 智力10
  武器: 弓(类型3)
  技能槽: 1/1 | 法术范围: 0.0
  死亡回合: -1 | 队列索引: 0
[InputManager] 玩家1的输入方法为: 函数式输入
[InputManager] 开始处理玩家1的行动输入
[FunctionInput] Executing action handler for player 1
[FunctionInput] Action handler executed successfully
[InputManager] 玩家1的行动输入处理完成
envState:1
action: 移动: 是
  目标位置: (0, 3)
攻击: 是
  攻击详情:
    攻击者ID: 1
    目标ID: 3
    伤害值: 0
法术: 否
移动成功到 (0, 3)

当前棋盘:
    0  1  2  3  4  5  6  7  8  9 10 11 12 13 14 15 16 17 18 19 

 0  1  1  1  1  1  1  1  1  1  1  1  1  1  1  1  1  1  1  1  1 
 1  0  1  1  1  1  1  1  1  1  1  1  1  1  1  1  1  1  1  1  1 
 2  1  1  1  1  1  1  1  1  1  1  1  1  1  1  1  1  1  1  1  1 
 3  1  1  1  1  1  1  1  1  1  1  1  1  1  1  1  1  1  1  1  1 
 4  1  1  1 ## ##  1  1  1  1  1  1  1  1  1  1  1  1  1  1  1 
 5  1  1  1  1 ##  1  1  1  1  1  1  1  1  1  1  1  1  1  1  1 
 6  1  1  1  1  1  1  1  1  1  1  1  1  1  1  1  1  1  1  1  1 
 7  5  1  1  1  1  1  1  1  1  1  1  1  1  1  1  1  1  1  1  1 
 8  1  3  1  1  1  1  1  1  1  1  1  1  1  1  1  1  1  1  1  1 
 9  1  1  1  1  1  1  1  1  1  1  1  1  1  1  1  1  1  1  1  1 
10  1  1  1  1  1  1  1  1  1  1  1  1  1  1  1  1  1  1  1  1 
11  1  1  1  1  1  1  1  1  1  1  1  1  1  1  1  1  1  1  1  1 
12  1  1  1  1  1  1  1  1  1  1  1  1  1  1  1  1  1  1  1  1 
13  4  1  1  1  1  1  1  1  1  1  1  1  1  1  1  1  1  1  1  1 
14  1  1  1  1  1  1  1  1  1  1  1  1  1  1  1 ##  1  1  1  1 
15  1  1  1  1  1  1  1  1  1  1  1  1  1  1  1 ## ##  1  1  1 
16  1  1  1  1  1  1  1  1  1  1  1  1  1  1  1  1 ## ## ##  1 
17  1  1  1  1  1  1  1  1  1  1  1  1  1  1  1  1 ## ## ##  1 
18  1  1  1  1  1  1  1  1  1  1  1  1  1  1  1  1 ##  1 ##  1 
19  2  1  1  1  1  1  1  1  1  1  1  1  1  1  1  1  1  1 ##  1 


===== 回合 27 =====
当前行动棋子: ID=2, 玩家=2
Piece[ID=2] Archer | 队伍2 | 存活/等待
  位置: (0, 19) 高度: 0
  生命: 60/60 | 行动点: 1/1
  物理伤害: 16 | 魔法伤害: 0
  物理抗性: 8 | 魔法抗性: 0
  移动力: 27.5/27.5 | 攻击范围: 9
  属性: 力量5 敏捷15 智力10
  武器: 弓(类型3)
  技能槽: 1/1 | 法术范围: 0.0
  死亡回合: -1 | 队列索引: 0
[InputManager] 玩家2的输入方法为: 函数式输入
[InputManager] 开始处理玩家2的行动输入
[FunctionInput] Executing action handler for player 2
[FunctionInput] Action handler executed successfully
[InputManager] 玩家2的行动输入处理完成
envState:1
action: 移动: 是
  目标位置: (0, 19)
攻击: 是
  攻击详情:
    攻击者ID: 2
    目标ID: 4
    伤害值: 0
法术: 否
目标位置(0, 19)被占据
移动失败
[Attack] Auto hit - no roll needed.
[Attack] Dealing 21 damage to target.
对棋子4造成21点伤害

当前棋盘:
    0  1  2  3  4  5  6  7  8  9 10 11 12 13 14 15 16 17 18 19 

 0  1  1  1  1  1  1  1  1  1  1  1  1  1  1  1  1  1  1  1  1 
 1  0  1  1  1  1  1  1  1  1  1  1  1  1  1  1  1  1  1  1  1 
 2  1  1  1  1  1  1  1  1  1  1  1  1  1  1  1  1  1  1  1  1 
 3  1  1  1  1  1  1  1  1  1  1  1  1  1  1  1  1  1  1  1  1 
 4  1  1  1 ## ##  1  1  1  1  1  1  1  1  1  1  1  1  1  1  1 
 5  1  1  1  1 ##  1  1  1  1  1  1  1  1  1  1  1  1  1  1  1 
 6  1  1  1  1  1  1  1  1  1  1  1  1  1  1  1  1  1  1  1  1 
 7  5  1  1  1  1  1  1  1  1  1  1  1  1  1  1  1  1  1  1  1 
 8  1  3  1  1  1  1  1  1  1  1  1  1  1  1  1  1  1  1  1  1 
 9  1  1  1  1  1  1  1  1  1  1  1  1  1  1  1  1  1  1  1  1 
10  1  1  1  1  1  1  1  1  1  1  1  1  1  1  1  1  1  1  1  1 
11  1  1  1  1  1  1  1  1  1  1  1  1  1  1  1  1  1  1  1  1 
12  1  1  1  1  1  1  1  1  1  1  1  1  1  1  1  1  1  1  1  1 
13  4  1  1  1  1  1  1  1  1  1  1  1  1  1  1  1  1  1  1  1 
14  1  1  1  1  1  1  1  1  1  1  1  1  1  1  1 ##  1  1  1  1 
15  1  1  1  1  1  1  1  1  1  1  1  1  1  1  1 ## ##  1  1  1 
16  1  1  1  1  1  1  1  1  1  1  1  1  1  1  1  1 ## ## ##  1 
17  1  1  1  1  1  1  1  1  1  1  1  1  1  1  1  1 ## ## ##  1 
18  1  1  1  1  1  1  1  1  1  1  1  1  1  1  1  1 ##  1 ##  1 
19  2  1  1  1  1  1  1  1  1  1  1  1  1  1  1  1  1  1 ##  1 


===== 回合 28 =====
当前行动棋子: ID=3, 玩家=2
Piece[ID=3] Archer | 队伍2 | 存活/等待
  位置: (1, 8) 高度: 1
  生命: 60/60 | 行动点: 1/1
  物理伤害: 16 | 魔法伤害: 0
  物理抗性: 8 | 魔法抗性: 0
  移动力: 27.5/27.5 | 攻击范围: 9
  属性: 力量5 敏捷15 智力10
  武器: 弓(类型3)
  技能槽: 1/1 | 法术范围: 0.0
  死亡回合: -1 | 队列索引: 0
[InputManager] 玩家2的输入方法为: 函数式输入
[InputManager] 开始处理玩家2的行动输入
[FunctionInput] Executing action handler for player 2
[FunctionInput] Action handler executed successfully
[InputManager] 玩家2的行动输入处理完成
envState:1
action: 移动: 是
  目标位置: (1, 8)
攻击: 是
  攻击详情:
    攻击者ID: 3
    目标ID: 4
    伤害值: 0
法术: 否
目标位置(1, 8)被占据
移动失败
[Attack] Auto hit - no roll needed.
[Attack] Dealing 21 damage to target.
对棋子4造成21点伤害

当前棋盘:
    0  1  2  3  4  5  6  7  8  9 10 11 12 13 14 15 16 17 18 19 

 0  1  1  1  1  1  1  1  1  1  1  1  1  1  1  1  1  1  1  1  1 
 1  0  1  1  1  1  1  1  1  1  1  1  1  1  1  1  1  1  1  1  1 
 2  1  1  1  1  1  1  1  1  1  1  1  1  1  1  1  1  1  1  1  1 
 3  1  1  1  1  1  1  1  1  1  1  1  1  1  1  1  1  1  1  1  1 
 4  1  1  1 ## ##  1  1  1  1  1  1  1  1  1  1  1  1  1  1  1 
 5  1  1  1  1 ##  1  1  1  1  1  1  1  1  1  1  1  1  1  1  1 
 6  1  1  1  1  1  1  1  1  1  1  1  1  1  1  1  1  1  1  1  1 
 7  5  1  1  1  1  1  1  1  1  1  1  1  1  1  1  1  1  1  1  1 
 8  1  3  1  1  1  1  1  1  1  1  1  1  1  1  1  1  1  1  1  1 
 9  1  1  1  1  1  1  1  1  1  1  1  1  1  1  1  1  1  1  1  1 
10  1  1  1  1  1  1  1  1  1  1  1  1  1  1  1  1  1  1  1  1 
11  1  1  1  1  1  1  1  1  1  1  1  1  1  1  1  1  1  1  1  1 
12  1  1  1  1  1  1  1  1  1  1  1  1  1  1  1  1  1  1  1  1 
13  4  1  1  1  1  1  1  1  1  1  1  1  1  1  1  1  1  1  1  1 
14  1  1  1  1  1  1  1  1  1  1  1  1  1  1  1 ##  1  1  1  1 
15  1  1  1  1  1  1  1  1  1  1  1  1  1  1  1 ## ##  1  1  1 
16  1  1  1  1  1  1  1  1  1  1  1  1  1  1  1  1 ## ## ##  1 
17  1  1  1  1  1  1  1  1  1  1  1  1  1  1  1  1 ## ## ##  1 
18  1  1  1  1  1  1  1  1  1  1  1  1  1  1  1  1 ##  1 ##  1 
19  2  1  1  1  1  1  1  1  1  1  1  1  1  1  1  1  1  1 ##  1 


===== 回合 29 =====
当前行动棋子: ID=4, 玩家=1
Piece[ID=4] Archer | 队伍1 | 存活/等待
  位置: (0, 13) 高度: 0
  生命: 34/60 | 行动点: 1/1
  物理伤害: 16 | 魔法伤害: 0
  物理抗性: 8 | 魔法抗性: 0
  移动力: 27.5/27.5 | 攻击范围: 9
  属性: 力量5 敏捷15 智力10
  武器: 弓(类型3)
  技能槽: 1/1 | 法术范围: 0.0
  死亡回合: -1 | 队列索引: 0
[InputManager] 玩家1的输入方法为: 函数式输入
[InputManager] 开始处理玩家1的行动输入
[FunctionInput] Executing action handler for player 1
[FunctionInput] Action handler executed successfully
[InputManager] 玩家1的行动输入处理完成
envState:1
action: 移动: 是
  目标位置: (0, 13)
攻击: 是
  攻击详情:
    攻击者ID: 4
    目标ID: 5
    伤害值: 0
法术: 否
目标位置(0, 13)被占据
移动失败
[Attack] Auto hit - no roll needed.
[Attack] Dealing 21 damage to target.
对棋子5造成21点伤害

当前棋盘:
    0  1  2  3  4  5  6  7  8  9 10 11 12 13 14 15 16 17 18 19 

 0  1  1  1  1  1  1  1  1  1  1  1  1  1  1  1  1  1  1  1  1 
 1  0  1  1  1  1  1  1  1  1  1  1  1  1  1  1  1  1  1  1  1 
 2  1  1  1  1  1  1  1  1  1  1  1  1  1  1  1  1  1  1  1  1 
 3  1  1  1  1  1  1  1  1  1  1  1  1  1  1  1  1  1  1  1  1 
 4  1  1  1 ## ##  1  1  1  1  1  1  1  1  1  1  1  1  1  1  1 
 5  1  1  1  1 ##  1  1  1  1  1  1  1  1  1  1  1  1  1  1  1 
 6  1  1  1  1  1  1  1  1  1  1  1  1  1  1  1  1  1  1  1  1 
 7  5  1  1  1  1  1  1  1  1  1  1  1  1  1  1  1  1  1  1  1 
 8  1  3  1  1  1  1  1  1  1  1  1  1  1  1  1  1  1  1  1  1 
 9  1  1  1  1  1  1  1  1  1  1  1  1  1  1  1  1  1  1  1  1 
10  1  1  1  1  1  1  1  1  1  1  1  1  1  1  1  1  1  1  1  1 
11  1  1  1  1  1  1  1  1  1  1  1  1  1  1  1  1  1  1  1  1 
12  1  1  1  1  1  1  1  1  1  1  1  1  1  1  1  1  1  1  1  1 
13  4  1  1  1  1  1  1  1  1  1  1  1  1  1  1  1  1  1  1  1 
14  1  1  1  1  1  1  1  1  1  1  1  1  1  1  1 ##  1  1  1  1 
15  1  1  1  1  1  1  1  1  1  1  1  1  1  1  1 ## ##  1  1  1 
16  1  1  1  1  1  1  1  1  1  1  1  1  1  1  1  1 ## ## ##  1 
17  1  1  1  1  1  1  1  1  1  1  1  1  1  1  1  1 ## ## ##  1 
18  1  1  1  1  1  1  1  1  1  1  1  1  1  1  1  1 ##  1 ##  1 
19  2  1  1  1  1  1  1  1  1  1  1  1  1  1  1  1  1  1 ##  1 


===== 回合 30 =====
当前行动棋子: ID=5, 玩家=2
Piece[ID=5] Archer | 队伍2 | 存活/等待
  位置: (0, 7) 高度: 0
  生命: 8/60 | 行动点: 1/1
  物理伤害: 16 | 魔法伤害: 0
  物理抗性: 8 | 魔法抗性: 0
  移动力: 27.5/27.5 | 攻击范围: 9
  属性: 力量5 敏捷15 智力10
  武器: 弓(类型3)
  技能槽: 1/1 | 法术范围: 0.0
  死亡回合: -1 | 队列索引: 0
[InputManager] 玩家2的输入方法为: 函数式输入
[InputManager] 开始处理玩家2的行动输入
[FunctionInput] Executing action handler for player 2
[FunctionInput] Action handler executed successfully
[InputManager] 玩家2的行动输入处理完成
envState:1
action: 移动: 是
  目标位置: (0, 9)
攻击: 是
  攻击详情:
    攻击者ID: 5
    目标ID: 1
    伤害值: 0
法术: 否
移动成功到 (0, 9)

当前棋盘:
    0  1  2  3  4  5  6  7  8  9 10 11 12 13 14 15 16 17 18 19 

 0  1  1  1  1  1  1  1  1  1  1  1  1  1  1  1  1  1  1  1  1 
 1  0  1  1  1  1  1  1  1  1  1  1  1  1  1  1  1  1  1  1  1 
 2  1  1  1  1  1  1  1  1  1  1  1  1  1  1  1  1  1  1  1  1 
 3  1  1  1  1  1  1  1  1  1  1  1  1  1  1  1  1  1  1  1  1 
 4  1  1  1 ## ##  1  1  1  1  1  1  1  1  1  1  1  1  1  1  1 
 5  1  1  1  1 ##  1  1  1  1  1  1  1  1  1  1  1  1  1  1  1 
 6  1  1  1  1  1  1  1  1  1  1  1  1  1  1  1  1  1  1  1  1 
 7  1  1  1  1  1  1  1  1  1  1  1  1  1  1  1  1  1  1  1  1 
 8  1  3  1  1  1  1  1  1  1  1  1  1  1  1  1  1  1  1  1  1 
 9  5  1  1  1  1  1  1  1  1  1  1  1  1  1  1  1  1  1  1  1 
10  1  1  1  1  1  1  1  1  1  1  1  1  1  1  1  1  1  1  1  1 
11  1  1  1  1  1  1  1  1  1  1  1  1  1  1  1  1  1  1  1  1 
12  1  1  1  1  1  1  1  1  1  1  1  1  1  1  1  1  1  1  1  1 
13  4  1  1  1  1  1  1  1  1  1  1  1  1  1  1  1  1  1  1  1 
14  1  1  1  1  1  1  1  1  1  1  1  1  1  1  1 ##  1  1  1  1 
15  1  1  1  1  1  1  1  1  1  1  1  1  1  1  1 ## ##  1  1  1 
16  1  1  1  1  1  1  1  1  1  1  1  1  1  1  1  1 ## ## ##  1 
17  1  1  1  1  1  1  1  1  1  1  1  1  1  1  1  1 ## ## ##  1 
18  1  1  1  1  1  1  1  1  1  1  1  1  1  1  1  1 ##  1 ##  1 
19  2  1  1  1  1  1  1  1  1  1  1  1  1  1  1  1  1  1 ##  1 


===== 回合 31 =====
当前行动棋子: ID=0, 玩家=1
Piece[ID=0] Archer | 队伍1 | 存活/等待
  位置: (0, 1) 高度: 0
  生命: 47/60 | 行动点: 1/1
  物理伤害: 16 | 魔法伤害: 0
  物理抗性: 8 | 魔法抗性: 0
  移动力: 27.5/27.5 | 攻击范围: 9
  属性: 力量5 敏捷15 智力10
  武器: 弓(类型3)
  技能槽: 1/1 | 法术范围: 0.0
  死亡回合: -1 | 队列索引: 0
[InputManager] 玩家1的输入方法为: 函数式输入
[InputManager] 开始处理玩家1的行动输入
[FunctionInput] Executing action handler for player 1
[FunctionInput] Action handler executed successfully
[InputManager] 玩家1的行动输入处理完成
envState:1
action: 移动: 是
  目标位置: (1, 2)
攻击: 是
  攻击详情:
    攻击者ID: 0
    目标ID: 3
    伤害值: 0
法术: 否
移动成功到 (1, 2)

当前棋盘:
    0  1  2  3  4  5  6  7  8  9 10 11 12 13 14 15 16 17 18 19 

 0  1  1  1  1  1  1  1  1  1  1  1  1  1  1  1  1  1  1  1  1 
 1  1  1  1  1  1  1  1  1  1  1  1  1  1  1  1  1  1  1  1  1 
 2  1  0  1  1  1  1  1  1  1  1  1  1  1  1  1  1  1  1  1  1 
 3  1  1  1  1  1  1  1  1  1  1  1  1  1  1  1  1  1  1  1  1 
 4  1  1  1 ## ##  1  1  1  1  1  1  1  1  1  1  1  1  1  1  1 
 5  1  1  1  1 ##  1  1  1  1  1  1  1  1  1  1  1  1  1  1  1 
 6  1  1  1  1  1  1  1  1  1  1  1  1  1  1  1  1  1  1  1  1 
 7  1  1  1  1  1  1  1  1  1  1  1  1  1  1  1  1  1  1  1  1 
 8  1  3  1  1  1  1  1  1  1  1  1  1  1  1  1  1  1  1  1  1 
 9  5  1  1  1  1  1  1  1  1  1  1  1  1  1  1  1  1  1  1  1 
10  1  1  1  1  1  1  1  1  1  1  1  1  1  1  1  1  1  1  1  1 
11  1  1  1  1  1  1  1  1  1  1  1  1  1  1  1  1  1  1  1  1 
12  1  1  1  1  1  1  1  1  1  1  1  1  1  1  1  1  1  1  1  1 
13  4  1  1  1  1  1  1  1  1  1  1  1  1  1  1  1  1  1  1  1 
14  1  1  1  1  1  1  1  1  1  1  1  1  1  1  1 ##  1  1  1  1 
15  1  1  1  1  1  1  1  1  1  1  1  1  1  1  1 ## ##  1  1  1 
16  1  1  1  1  1  1  1  1  1  1  1  1  1  1  1  1 ## ## ##  1 
17  1  1  1  1  1  1  1  1  1  1  1  1  1  1  1  1 ## ## ##  1 
18  1  1  1  1  1  1  1  1  1  1  1  1  1  1  1  1 ##  1 ##  1 
19  2  1  1  1  1  1  1  1  1  1  1  1  1  1  1  1  1  1 ##  1 


===== 回合 32 =====
当前行动棋子: ID=1, 玩家=1
Piece[ID=1] Archer | 队伍1 | 存活/等待
  位置: (0, 3) 高度: 0
  生命: 60/60 | 行动点: 1/1
  物理伤害: 16 | 魔法伤害: 0
  物理抗性: 8 | 魔法抗性: 0
  移动力: 27.5/27.5 | 攻击范围: 9
  属性: 力量5 敏捷15 智力10
  武器: 弓(类型3)
  技能槽: 1/1 | 法术范围: 0.0
  死亡回合: -1 | 队列索引: 0
[InputManager] 玩家1的输入方法为: 函数式输入
[InputManager] 开始处理玩家1的行动输入
[FunctionInput] Executing action handler for player 1
[FunctionInput] Action handler executed successfully
[InputManager] 玩家1的行动输入处理完成
envState:1
action: 移动: 是
  目标位置: (0, 3)
攻击: 是
  攻击详情:
    攻击者ID: 1
    目标ID: 3
    伤害值: 0
法术: 否
目标位置(0, 3)被占据
移动失败
[Attack] Auto hit - no roll needed.
[Attack] Dealing 21 damage to target.
对棋子3造成21点伤害

当前棋盘:
    0  1  2  3  4  5  6  7  8  9 10 11 12 13 14 15 16 17 18 19 

 0  1  1  1  1  1  1  1  1  1  1  1  1  1  1  1  1  1  1  1  1 
 1  1  1  1  1  1  1  1  1  1  1  1  1  1  1  1  1  1  1  1  1 
 2  1  0  1  1  1  1  1  1  1  1  1  1  1  1  1  1  1  1  1  1 
 3  1  1  1  1  1  1  1  1  1  1  1  1  1  1  1  1  1  1  1  1 
 4  1  1  1 ## ##  1  1  1  1  1  1  1  1  1  1  1  1  1  1  1 
 5  1  1  1  1 ##  1  1  1  1  1  1  1  1  1  1  1  1  1  1  1 
 6  1  1  1  1  1  1  1  1  1  1  1  1  1  1  1  1  1  1  1  1 
 7  1  1  1  1  1  1  1  1  1  1  1  1  1  1  1  1  1  1  1  1 
 8  1  3  1  1  1  1  1  1  1  1  1  1  1  1  1  1  1  1  1  1 
 9  5  1  1  1  1  1  1  1  1  1  1  1  1  1  1  1  1  1  1  1 
10  1  1  1  1  1  1  1  1  1  1  1  1  1  1  1  1  1  1  1  1 
11  1  1  1  1  1  1  1  1  1  1  1  1  1  1  1  1  1  1  1  1 
12  1  1  1  1  1  1  1  1  1  1  1  1  1  1  1  1  1  1  1  1 
13  4  1  1  1  1  1  1  1  1  1  1  1  1  1  1  1  1  1  1  1 
14  1  1  1  1  1  1  1  1  1  1  1  1  1  1  1 ##  1  1  1  1 
15  1  1  1  1  1  1  1  1  1  1  1  1  1  1  1 ## ##  1  1  1 
16  1  1  1  1  1  1  1  1  1  1  1  1  1  1  1  1 ## ## ##  1 
17  1  1  1  1  1  1  1  1  1  1  1  1  1  1  1  1 ## ## ##  1 
18  1  1  1  1  1  1  1  1  1  1  1  1  1  1  1  1 ##  1 ##  1 
19  2  1  1  1  1  1  1  1  1  1  1  1  1  1  1  1  1  1 ##  1 


===== 回合 33 =====
当前行动棋子: ID=2, 玩家=2
Piece[ID=2] Archer | 队伍2 | 存活/等待
  位置: (0, 19) 高度: 0
  生命: 60/60 | 行动点: 1/1
  物理伤害: 16 | 魔法伤害: 0
  物理抗性: 8 | 魔法抗性: 0
  移动力: 27.5/27.5 | 攻击范围: 9
  属性: 力量5 敏捷15 智力10
  武器: 弓(类型3)
  技能槽: 1/1 | 法术范围: 0.0
  死亡回合: -1 | 队列索引: 0
[InputManager] 玩家2的输入方法为: 函数式输入
[InputManager] 开始处理玩家2的行动输入
[FunctionInput] Executing action handler for player 2
[FunctionInput] Action handler executed successfully
[InputManager] 玩家2的行动输入处理完成
envState:1
action: 移动: 是
  目标位置: (0, 7)
攻击: 是
  攻击详情:
    攻击者ID: 2
    目标ID: 4
    伤害值: 0
法术: 否
移动成功到 (0, 7)

当前棋盘:
    0  1  2  3  4  5  6  7  8  9 10 11 12 13 14 15 16 17 18 19 

 0  1  1  1  1  1  1  1  1  1  1  1  1  1  1  1  1  1  1  1  1 
 1  1  1  1  1  1  1  1  1  1  1  1  1  1  1  1  1  1  1  1  1 
 2  1  0  1  1  1  1  1  1  1  1  1  1  1  1  1  1  1  1  1  1 
 3  1  1  1  1  1  1  1  1  1  1  1  1  1  1  1  1  1  1  1  1 
 4  1  1  1 ## ##  1  1  1  1  1  1  1  1  1  1  1  1  1  1  1 
 5  1  1  1  1 ##  1  1  1  1  1  1  1  1  1  1  1  1  1  1  1 
 6  1  1  1  1  1  1  1  1  1  1  1  1  1  1  1  1  1  1  1  1 
 7  2  1  1  1  1  1  1  1  1  1  1  1  1  1  1  1  1  1  1  1 
 8  1  3  1  1  1  1  1  1  1  1  1  1  1  1  1  1  1  1  1  1 
 9  5  1  1  1  1  1  1  1  1  1  1  1  1  1  1  1  1  1  1  1 
10  1  1  1  1  1  1  1  1  1  1  1  1  1  1  1  1  1  1  1  1 
11  1  1  1  1  1  1  1  1  1  1  1  1  1  1  1  1  1  1  1  1 
12  1  1  1  1  1  1  1  1  1  1  1  1  1  1  1  1  1  1  1  1 
13  4  1  1  1  1  1  1  1  1  1  1  1  1  1  1  1  1  1  1  1 
14  1  1  1  1  1  1  1  1  1  1  1  1  1  1  1 ##  1  1  1  1 
15  1  1  1  1  1  1  1  1  1  1  1  1  1  1  1 ## ##  1  1  1 
16  1  1  1  1  1  1  1  1  1  1  1  1  1  1  1  1 ## ## ##  1 
17  1  1  1  1  1  1  1  1  1  1  1  1  1  1  1  1 ## ## ##  1 
18  1  1  1  1  1  1  1  1  1  1  1  1  1  1  1  1 ##  1 ##  1 
19  1  1  1  1  1  1  1  1  1  1  1  1  1  1  1  1  1  1 ##  1 


===== 回合 34 =====
当前行动棋子: ID=3, 玩家=2
Piece[ID=3] Archer | 队伍2 | 存活/等待
  位置: (1, 8) 高度: 1
  生命: 47/60 | 行动点: 1/1
  物理伤害: 16 | 魔法伤害: 0
  物理抗性: 8 | 魔法抗性: 0
  移动力: 27.5/27.5 | 攻击范围: 9
  属性: 力量5 敏捷15 智力10
  武器: 弓(类型3)
  技能槽: 1/1 | 法术范围: 0.0
  死亡回合: -1 | 队列索引: 0
[InputManager] 玩家2的输入方法为: 函数式输入
[InputManager] 开始处理玩家2的行动输入
[FunctionInput] Executing action handler for player 2
[FunctionInput] Action handler executed successfully
[InputManager] 玩家2的行动输入处理完成
envState:1
action: 移动: 是
  目标位置: (0, 19)
攻击: 是
  攻击详情:
    攻击者ID: 3
    目标ID: 4
    伤害值: 0
法术: 否
移动成功到 (0, 19)

当前棋盘:
    0  1  2  3  4  5  6  7  8  9 10 11 12 13 14 15 16 17 18 19 

 0  1  1  1  1  1  1  1  1  1  1  1  1  1  1  1  1  1  1  1  1 
 1  1  1  1  1  1  1  1  1  1  1  1  1  1  1  1  1  1  1  1  1 
 2  1  0  1  1  1  1  1  1  1  1  1  1  1  1  1  1  1  1  1  1 
 3  1  1  1  1  1  1  1  1  1  1  1  1  1  1  1  1  1  1  1  1 
 4  1  1  1 ## ##  1  1  1  1  1  1  1  1  1  1  1  1  1  1  1 
 5  1  1  1  1 ##  1  1  1  1  1  1  1  1  1  1  1  1  1  1  1 
 6  1  1  1  1  1  1  1  1  1  1  1  1  1  1  1  1  1  1  1  1 
 7  2  1  1  1  1  1  1  1  1  1  1  1  1  1  1  1  1  1  1  1 
 8  1  1  1  1  1  1  1  1  1  1  1  1  1  1  1  1  1  1  1  1 
 9  5  1  1  1  1  1  1  1  1  1  1  1  1  1  1  1  1  1  1  1 
10  1  1  1  1  1  1  1  1  1  1  1  1  1  1  1  1  1  1  1  1 
11  1  1  1  1  1  1  1  1  1  1  1  1  1  1  1  1  1  1  1  1 
12  1  1  1  1  1  1  1  1  1  1  1  1  1  1  1  1  1  1  1  1 
13  4  1  1  1  1  1  1  1  1  1  1  1  1  1  1  1  1  1  1  1 
14  1  1  1  1  1  1  1  1  1  1  1  1  1  1  1 ##  1  1  1  1 
15  1  1  1  1  1  1  1  1  1  1  1  1  1  1  1 ## ##  1  1  1 
16  1  1  1  1  1  1  1  1  1  1  1  1  1  1  1  1 ## ## ##  1 
17  1  1  1  1  1  1  1  1  1  1  1  1  1  1  1  1 ## ## ##  1 
18  1  1  1  1  1  1  1  1  1  1  1  1  1  1  1  1 ##  1 ##  1 
19  3  1  1  1  1  1  1  1  1  1  1  1  1  1  1  1  1  1 ##  1 


===== 回合 35 =====
当前行动棋子: ID=4, 玩家=1
Piece[ID=4] Archer | 队伍1 | 存活/等待
  位置: (0, 13) 高度: 0
  生命: 34/60 | 行动点: 1/1
  物理伤害: 16 | 魔法伤害: 0
  物理抗性: 8 | 魔法抗性: 0
  移动力: 27.5/27.5 | 攻击范围: 9
  属性: 力量5 敏捷15 智力10
  武器: 弓(类型3)
  技能槽: 1/1 | 法术范围: 0.0
  死亡回合: -1 | 队列索引: 0
[InputManager] 玩家1的输入方法为: 函数式输入
[InputManager] 开始处理玩家1的行动输入
[FunctionInput] Executing action handler for player 1
[FunctionInput] Action handler executed successfully
[InputManager] 玩家1的行动输入处理完成
envState:1
action: 移动: 是
  目标位置: (0, 15)
攻击: 是
  攻击详情:
    攻击者ID: 4
    目标ID: 5
    伤害值: 0
法术: 否
移动成功到 (0, 15)

当前棋盘:
    0  1  2  3  4  5  6  7  8  9 10 11 12 13 14 15 16 17 18 19 

 0  1  1  1  1  1  1  1  1  1  1  1  1  1  1  1  1  1  1  1  1 
 1  1  1  1  1  1  1  1  1  1  1  1  1  1  1  1  1  1  1  1  1 
 2  1  0  1  1  1  1  1  1  1  1  1  1  1  1  1  1  1  1  1  1 
 3  1  1  1  1  1  1  1  1  1  1  1  1  1  1  1  1  1  1  1  1 
 4  1  1  1 ## ##  1  1  1  1  1  1  1  1  1  1  1  1  1  1  1 
 5  1  1  1  1 ##  1  1  1  1  1  1  1  1  1  1  1  1  1  1  1 
 6  1  1  1  1  1  1  1  1  1  1  1  1  1  1  1  1  1  1  1  1 
 7  2  1  1  1  1  1  1  1  1  1  1  1  1  1  1  1  1  1  1  1 
 8  1  1  1  1  1  1  1  1  1  1  1  1  1  1  1  1  1  1  1  1 
 9  5  1  1  1  1  1  1  1  1  1  1  1  1  1  1  1  1  1  1  1 
10  1  1  1  1  1  1  1  1  1  1  1  1  1  1  1  1  1  1  1  1 
11  1  1  1  1  1  1  1  1  1  1  1  1  1  1  1  1  1  1  1  1 
12  1  1  1  1  1  1  1  1  1  1  1  1  1  1  1  1  1  1  1  1 
13  1  1  1  1  1  1  1  1  1  1  1  1  1  1  1  1  1  1  1  1 
14  1  1  1  1  1  1  1  1  1  1  1  1  1  1  1 ##  1  1  1  1 
15  4  1  1  1  1  1  1  1  1  1  1  1  1  1  1 ## ##  1  1  1 
16  1  1  1  1  1  1  1  1  1  1  1  1  1  1  1  1 ## ## ##  1 
17  1  1  1  1  1  1  1  1  1  1  1  1  1  1  1  1 ## ## ##  1 
18  1  1  1  1  1  1  1  1  1  1  1  1  1  1  1  1 ##  1 ##  1 
19  3  1  1  1  1  1  1  1  1  1  1  1  1  1  1  1  1  1 ##  1 


===== 回合 36 =====
当前行动棋子: ID=5, 玩家=2
Piece[ID=5] Archer | 队伍2 | 存活/等待
  位置: (0, 9) 高度: 0
  生命: 8/60 | 行动点: 1/1
  物理伤害: 16 | 魔法伤害: 0
  物理抗性: 8 | 魔法抗性: 0
  移动力: 27.5/27.5 | 攻击范围: 9
  属性: 力量5 敏捷15 智力10
  武器: 弓(类型3)
  技能槽: 1/1 | 法术范围: 0.0
  死亡回合: -1 | 队列索引: 0
[InputManager] 玩家2的输入方法为: 函数式输入
[InputManager] 开始处理玩家2的行动输入
[FunctionInput] Executing action handler for player 2
[FunctionInput] Action handler executed successfully
[InputManager] 玩家2的行动输入处理完成
envState:1
action: 移动: 是
  目标位置: (0, 9)
攻击: 是
  攻击详情:
    攻击者ID: 5
    目标ID: 1
    伤害值: 0
法术: 否
目标位置(0, 9)被占据
移动失败
[Attack] Auto hit - no roll needed.
[Attack] Dealing 21 damage to target.
对棋子1造成21点伤害

当前棋盘:
    0  1  2  3  4  5  6  7  8  9 10 11 12 13 14 15 16 17 18 19 

 0  1  1  1  1  1  1  1  1  1  1  1  1  1  1  1  1  1  1  1  1 
 1  1  1  1  1  1  1  1  1  1  1  1  1  1  1  1  1  1  1  1  1 
 2  1  0  1  1  1  1  1  1  1  1  1  1  1  1  1  1  1  1  1  1 
 3  1  1  1  1  1  1  1  1  1  1  1  1  1  1  1  1  1  1  1  1 
 4  1  1  1 ## ##  1  1  1  1  1  1  1  1  1  1  1  1  1  1  1 
 5  1  1  1  1 ##  1  1  1  1  1  1  1  1  1  1  1  1  1  1  1 
 6  1  1  1  1  1  1  1  1  1  1  1  1  1  1  1  1  1  1  1  1 
 7  2  1  1  1  1  1  1  1  1  1  1  1  1  1  1  1  1  1  1  1 
 8  1  1  1  1  1  1  1  1  1  1  1  1  1  1  1  1  1  1  1  1 
 9  5  1  1  1  1  1  1  1  1  1  1  1  1  1  1  1  1  1  1  1 
10  1  1  1  1  1  1  1  1  1  1  1  1  1  1  1  1  1  1  1  1 
11  1  1  1  1  1  1  1  1  1  1  1  1  1  1  1  1  1  1  1  1 
12  1  1  1  1  1  1  1  1  1  1  1  1  1  1  1  1  1  1  1  1 
13  1  1  1  1  1  1  1  1  1  1  1  1  1  1  1  1  1  1  1  1 
14  1  1  1  1  1  1  1  1  1  1  1  1  1  1  1 ##  1  1  1  1 
15  4  1  1  1  1  1  1  1  1  1  1  1  1  1  1 ## ##  1  1  1 
16  1  1  1  1  1  1  1  1  1  1  1  1  1  1  1  1 ## ## ##  1 
17  1  1  1  1  1  1  1  1  1  1  1  1  1  1  1  1 ## ## ##  1 
18  1  1  1  1  1  1  1  1  1  1  1  1  1  1  1  1 ##  1 ##  1 
19  3  1  1  1  1  1  1  1  1  1  1  1  1  1  1  1  1  1 ##  1 


===== 回合 37 =====
当前行动棋子: ID=0, 玩家=1
Piece[ID=0] Archer | 队伍1 | 存活/等待
  位置: (1, 2) 高度: -1
  生命: 47/60 | 行动点: 1/1
  物理伤害: 16 | 魔法伤害: 0
  物理抗性: 8 | 魔法抗性: 0
  移动力: 27.5/27.5 | 攻击范围: 9
  属性: 力量5 敏捷15 智力10
  武器: 弓(类型3)
  技能槽: 1/1 | 法术范围: 0.0
  死亡回合: -1 | 队列索引: 0
[InputManager] 玩家1的输入方法为: 函数式输入
[InputManager] 开始处理玩家1的行动输入
[FunctionInput] Executing action handler for player 1
[FunctionInput] Action handler executed successfully
[InputManager] 玩家1的行动输入处理完成
envState:1
action: 移动: 是
  目标位置: (0, 1)
攻击: 是
  攻击详情:
    攻击者ID: 0
    目标ID: 2
    伤害值: 0
法术: 否
移动成功到 (0, 1)

当前棋盘:
    0  1  2  3  4  5  6  7  8  9 10 11 12 13 14 15 16 17 18 19 

 0  1  1  1  1  1  1  1  1  1  1  1  1  1  1  1  1  1  1  1  1 
 1  0  1  1  1  1  1  1  1  1  1  1  1  1  1  1  1  1  1  1  1 
 2  1  1  1  1  1  1  1  1  1  1  1  1  1  1  1  1  1  1  1  1 
 3  1  1  1  1  1  1  1  1  1  1  1  1  1  1  1  1  1  1  1  1 
 4  1  1  1 ## ##  1  1  1  1  1  1  1  1  1  1  1  1  1  1  1 
 5  1  1  1  1 ##  1  1  1  1  1  1  1  1  1  1  1  1  1  1  1 
 6  1  1  1  1  1  1  1  1  1  1  1  1  1  1  1  1  1  1  1  1 
 7  2  1  1  1  1  1  1  1  1  1  1  1  1  1  1  1  1  1  1  1 
 8  1  1  1  1  1  1  1  1  1  1  1  1  1  1  1  1  1  1  1  1 
 9  5  1  1  1  1  1  1  1  1  1  1  1  1  1  1  1  1  1  1  1 
10  1  1  1  1  1  1  1  1  1  1  1  1  1  1  1  1  1  1  1  1 
11  1  1  1  1  1  1  1  1  1  1  1  1  1  1  1  1  1  1  1  1 
12  1  1  1  1  1  1  1  1  1  1  1  1  1  1  1  1  1  1  1  1 
13  1  1  1  1  1  1  1  1  1  1  1  1  1  1  1  1  1  1  1  1 
14  1  1  1  1  1  1  1  1  1  1  1  1  1  1  1 ##  1  1  1  1 
15  4  1  1  1  1  1  1  1  1  1  1  1  1  1  1 ## ##  1  1  1 
16  1  1  1  1  1  1  1  1  1  1  1  1  1  1  1  1 ## ## ##  1 
17  1  1  1  1  1  1  1  1  1  1  1  1  1  1  1  1 ## ## ##  1 
18  1  1  1  1  1  1  1  1  1  1  1  1  1  1  1  1 ##  1 ##  1 
19  3  1  1  1  1  1  1  1  1  1  1  1  1  1  1  1  1  1 ##  1 


===== 回合 38 =====
当前行动棋子: ID=1, 玩家=1
Piece[ID=1] Archer | 队伍1 | 存活/等待
  位置: (0, 3) 高度: 0
  生命: 47/60 | 行动点: 1/1
  物理伤害: 16 | 魔法伤害: 0
  物理抗性: 8 | 魔法抗性: 0
  移动力: 27.5/27.5 | 攻击范围: 9
  属性: 力量5 敏捷15 智力10
  武器: 弓(类型3)
  技能槽: 1/1 | 法术范围: 0.0
  死亡回合: -1 | 队列索引: 0
[InputManager] 玩家1的输入方法为: 函数式输入
[InputManager] 开始处理玩家1的行动输入
[FunctionInput] Executing action handler for player 1
[FunctionInput] Action handler executed successfully
[InputManager] 玩家1的行动输入处理完成
envState:1
action: 移动: 是
  目标位置: (0, 13)
攻击: 是
  攻击详情:
    攻击者ID: 1
    目标ID: 2
    伤害值: 0
法术: 否
移动成功到 (0, 13)

当前棋盘:
    0  1  2  3  4  5  6  7  8  9 10 11 12 13 14 15 16 17 18 19 

 0  1  1  1  1  1  1  1  1  1  1  1  1  1  1  1  1  1  1  1  1 
 1  0  1  1  1  1  1  1  1  1  1  1  1  1  1  1  1  1  1  1  1 
 2  1  1  1  1  1  1  1  1  1  1  1  1  1  1  1  1  1  1  1  1 
 3  1  1  1  1  1  1  1  1  1  1  1  1  1  1  1  1  1  1  1  1 
 4  1  1  1 ## ##  1  1  1  1  1  1  1  1  1  1  1  1  1  1  1 
 5  1  1  1  1 ##  1  1  1  1  1  1  1  1  1  1  1  1  1  1  1 
 6  1  1  1  1  1  1  1  1  1  1  1  1  1  1  1  1  1  1  1  1 
 7  2  1  1  1  1  1  1  1  1  1  1  1  1  1  1  1  1  1  1  1 
 8  1  1  1  1  1  1  1  1  1  1  1  1  1  1  1  1  1  1  1  1 
 9  5  1  1  1  1  1  1  1  1  1  1  1  1  1  1  1  1  1  1  1 
10  1  1  1  1  1  1  1  1  1  1  1  1  1  1  1  1  1  1  1  1 
11  1  1  1  1  1  1  1  1  1  1  1  1  1  1  1  1  1  1  1  1 
12  1  1  1  1  1  1  1  1  1  1  1  1  1  1  1  1  1  1  1  1 
13  1  1  1  1  1  1  1  1  1  1  1  1  1  1  1  1  1  1  1  1 
14  1  1  1  1  1  1  1  1  1  1  1  1  1  1  1 ##  1  1  1  1 
15  4  1  1  1  1  1  1  1  1  1  1  1  1  1  1 ## ##  1  1  1 
16  1  1  1  1  1  1  1  1  1  1  1  1  1  1  1  1 ## ## ##  1 
17  1  1  1  1  1  1  1  1  1  1  1  1  1  1  1  1 ## ## ##  1 
18  1  1  1  1  1  1  1  1  1  1  1  1  1  1  1  1 ##  1 ##  1 
19  3  1  1  1  1  1  1  1  1  1  1  1  1  1  1  1  1  1 ##  1 


===== 回合 39 =====
当前行动棋子: ID=2, 玩家=2
Piece[ID=2] Archer | 队伍2 | 存活/等待
  位置: (0, 7) 高度: 0
  生命: 60/60 | 行动点: 1/1
  物理伤害: 16 | 魔法伤害: 0
  物理抗性: 8 | 魔法抗性: 0
  移动力: 27.5/27.5 | 攻击范围: 9
  属性: 力量5 敏捷15 智力10
  武器: 弓(类型3)
  技能槽: 1/1 | 法术范围: 0.0
  死亡回合: -1 | 队列索引: 0
[InputManager] 玩家2的输入方法为: 函数式输入
[InputManager] 开始处理玩家2的行动输入
[FunctionInput] Executing action handler for player 2
[FunctionInput] Action handler executed successfully
[InputManager] 玩家2的行动输入处理完成
envState:1
action: 移动: 是
  目标位置: (0, 7)
攻击: 是
  攻击详情:
    攻击者ID: 2
    目标ID: 0
    伤害值: 0
法术: 否
目标位置(0, 7)被占据
移动失败
[Attack] Auto hit - no roll needed.
[Attack] Dealing 21 damage to target.
对棋子0造成21点伤害

当前棋盘:
    0  1  2  3  4  5  6  7  8  9 10 11 12 13 14 15 16 17 18 19 

 0  1  1  1  1  1  1  1  1  1  1  1  1  1  1  1  1  1  1  1  1 
 1  0  1  1  1  1  1  1  1  1  1  1  1  1  1  1  1  1  1  1  1 
 2  1  1  1  1  1  1  1  1  1  1  1  1  1  1  1  1  1  1  1  1 
 3  1  1  1  1  1  1  1  1  1  1  1  1  1  1  1  1  1  1  1  1 
 4  1  1  1 ## ##  1  1  1  1  1  1  1  1  1  1  1  1  1  1  1 
 5  1  1  1  1 ##  1  1  1  1  1  1  1  1  1  1  1  1  1  1  1 
 6  1  1  1  1  1  1  1  1  1  1  1  1  1  1  1  1  1  1  1  1 
 7  2  1  1  1  1  1  1  1  1  1  1  1  1  1  1  1  1  1  1  1 
 8  1  1  1  1  1  1  1  1  1  1  1  1  1  1  1  1  1  1  1  1 
 9  5  1  1  1  1  1  1  1  1  1  1  1  1  1  1  1  1  1  1  1 
10  1  1  1  1  1  1  1  1  1  1  1  1  1  1  1  1  1  1  1  1 
11  1  1  1  1  1  1  1  1  1  1  1  1  1  1  1  1  1  1  1  1 
12  1  1  1  1  1  1  1  1  1  1  1  1  1  1  1  1  1  1  1  1 
13  1  1  1  1  1  1  1  1  1  1  1  1  1  1  1  1  1  1  1  1 
14  1  1  1  1  1  1  1  1  1  1  1  1  1  1  1 ##  1  1  1  1 
15  4  1  1  1  1  1  1  1  1  1  1  1  1  1  1 ## ##  1  1  1 
16  1  1  1  1  1  1  1  1  1  1  1  1  1  1  1  1 ## ## ##  1 
17  1  1  1  1  1  1  1  1  1  1  1  1  1  1  1  1 ## ## ##  1 
18  1  1  1  1  1  1  1  1  1  1  1  1  1  1  1  1 ##  1 ##  1 
19  3  1  1  1  1  1  1  1  1  1  1  1  1  1  1  1  1  1 ##  1 


===== 回合 40 =====
当前行动棋子: ID=3, 玩家=2
Piece[ID=3] Archer | 队伍2 | 存活/等待
  位置: (0, 19) 高度: 0
  生命: 47/60 | 行动点: 1/1
  物理伤害: 16 | 魔法伤害: 0
  物理抗性: 8 | 魔法抗性: 0
  移动力: 27.5/27.5 | 攻击范围: 9
  属性: 力量5 敏捷15 智力10
  武器: 弓(类型3)
  技能槽: 1/1 | 法术范围: 0.0
  死亡回合: -1 | 队列索引: 0
[InputManager] 玩家2的输入方法为: 函数式输入
[InputManager] 开始处理玩家2的行动输入
[FunctionInput] Executing action handler for player 2
[FunctionInput] Action handler executed successfully
[InputManager] 玩家2的行动输入处理完成
envState:1
action: 移动: 是
  目标位置: (1, 10)
攻击: 是
  攻击详情:
    攻击者ID: 3
    目标ID: 4
    伤害值: 0
法术: 否
移动成功到 (1, 10)

当前棋盘:
    0  1  2  3  4  5  6  7  8  9 10 11 12 13 14 15 16 17 18 19 

 0  1  1  1  1  1  1  1  1  1  1  1  1  1  1  1  1  1  1  1  1 
 1  0  1  1  1  1  1  1  1  1  1  1  1  1  1  1  1  1  1  1  1 
 2  1  1  1  1  1  1  1  1  1  1  1  1  1  1  1  1  1  1  1  1 
 3  1  1  1  1  1  1  1  1  1  1  1  1  1  1  1  1  1  1  1  1 
 4  1  1  1 ## ##  1  1  1  1  1  1  1  1  1  1  1  1  1  1  1 
 5  1  1  1  1 ##  1  1  1  1  1  1  1  1  1  1  1  1  1  1  1 
 6  1  1  1  1  1  1  1  1  1  1  1  1  1  1  1  1  1  1  1  1 
 7  2  1  1  1  1  1  1  1  1  1  1  1  1  1  1  1  1  1  1  1 
 8  1  1  1  1  1  1  1  1  1  1  1  1  1  1  1  1  1  1  1  1 
 9  5  1  1  1  1  1  1  1  1  1  1  1  1  1  1  1  1  1  1  1 
10  1  3  1  1  1  1  1  1  1  1  1  1  1  1  1  1  1  1  1  1 
11  1  1  1  1  1  1  1  1  1  1  1  1  1  1  1  1  1  1  1  1 
12  1  1  1  1  1  1  1  1  1  1  1  1  1  1  1  1  1  1  1  1 
13  1  1  1  1  1  1  1  1  1  1  1  1  1  1  1  1  1  1  1  1 
14  1  1  1  1  1  1  1  1  1  1  1  1  1  1  1 ##  1  1  1  1 
15  4  1  1  1  1  1  1  1  1  1  1  1  1  1  1 ## ##  1  1  1 
16  1  1  1  1  1  1  1  1  1  1  1  1  1  1  1  1 ## ## ##  1 
17  1  1  1  1  1  1  1  1  1  1  1  1  1  1  1  1 ## ## ##  1 
18  1  1  1  1  1  1  1  1  1  1  1  1  1  1  1  1 ##  1 ##  1 
19  1  1  1  1  1  1  1  1  1  1  1  1  1  1  1  1  1  1 ##  1 


===== 回合 41 =====
当前行动棋子: ID=4, 玩家=1
Piece[ID=4] Archer | 队伍1 | 存活/等待
  位置: (0, 15) 高度: 0
  生命: 34/60 | 行动点: 1/1
  物理伤害: 16 | 魔法伤害: 0
  物理抗性: 8 | 魔法抗性: 0
  移动力: 27.5/27.5 | 攻击范围: 9
  属性: 力量5 敏捷15 智力10
  武器: 弓(类型3)
  技能槽: 1/1 | 法术范围: 0.0
  死亡回合: -1 | 队列索引: 0
[InputManager] 玩家1的输入方法为: 函数式输入
[InputManager] 开始处理玩家1的行动输入
[FunctionInput] Executing action handler for player 1
[FunctionInput] Action handler executed successfully
[InputManager] 玩家1的行动输入处理完成
envState:1
action: 移动: 是
  目标位置: (0, 3)
攻击: 是
  攻击详情:
    攻击者ID: 4
    目标ID: 5
    伤害值: 0
法术: 否
移动成功到 (0, 3)

当前棋盘:
    0  1  2  3  4  5  6  7  8  9 10 11 12 13 14 15 16 17 18 19 

 0  1  1  1  1  1  1  1  1  1  1  1  1  1  1  1  1  1  1  1  1 
 1  0  1  1  1  1  1  1  1  1  1  1  1  1  1  1  1  1  1  1  1 
 2  1  1  1  1  1  1  1  1  1  1  1  1  1  1  1  1  1  1  1  1 
 3  4  1  1  1  1  1  1  1  1  1  1  1  1  1  1  1  1  1  1  1 
 4  1  1  1 ## ##  1  1  1  1  1  1  1  1  1  1  1  1  1  1  1 
 5  1  1  1  1 ##  1  1  1  1  1  1  1  1  1  1  1  1  1  1  1 
 6  1  1  1  1  1  1  1  1  1  1  1  1  1  1  1  1  1  1  1  1 
 7  2  1  1  1  1  1  1  1  1  1  1  1  1  1  1  1  1  1  1  1 
 8  1  1  1  1  1  1  1  1  1  1  1  1  1  1  1  1  1  1  1  1 
 9  5  1  1  1  1  1  1  1  1  1  1  1  1  1  1  1  1  1  1  1 
10  1  3  1  1  1  1  1  1  1  1  1  1  1  1  1  1  1  1  1  1 
11  1  1  1  1  1  1  1  1  1  1  1  1  1  1  1  1  1  1  1  1 
12  1  1  1  1  1  1  1  1  1  1  1  1  1  1  1  1  1  1  1  1 
13  1  1  1  1  1  1  1  1  1  1  1  1  1  1  1  1  1  1  1  1 
14  1  1  1  1  1  1  1  1  1  1  1  1  1  1  1 ##  1  1  1  1 
15  1  1  1  1  1  1  1  1  1  1  1  1  1  1  1 ## ##  1  1  1 
16  1  1  1  1  1  1  1  1  1  1  1  1  1  1  1  1 ## ## ##  1 
17  1  1  1  1  1  1  1  1  1  1  1  1  1  1  1  1 ## ## ##  1 
18  1  1  1  1  1  1  1  1  1  1  1  1  1  1  1  1 ##  1 ##  1 
19  1  1  1  1  1  1  1  1  1  1  1  1  1  1  1  1  1  1 ##  1 


===== 回合 42 =====
当前行动棋子: ID=5, 玩家=2
Piece[ID=5] Archer | 队伍2 | 存活/等待
  位置: (0, 9) 高度: 0
  生命: 8/60 | 行动点: 1/1
  物理伤害: 16 | 魔法伤害: 0
  物理抗性: 8 | 魔法抗性: 0
  移动力: 27.5/27.5 | 攻击范围: 9
  属性: 力量5 敏捷15 智力10
  武器: 弓(类型3)
  技能槽: 1/1 | 法术范围: 0.0
  死亡回合: -1 | 队列索引: 0
[InputManager] 玩家2的输入方法为: 函数式输入
[InputManager] 开始处理玩家2的行动输入
[FunctionInput] Executing action handler for player 2
[FunctionInput] Action handler executed successfully
[InputManager] 玩家2的行动输入处理完成
envState:1
action: 移动: 是
  目标位置: (0, 19)
攻击: 是
  攻击详情:
    攻击者ID: 5
    目标ID: 1
    伤害值: 0
法术: 否
移动成功到 (0, 19)

当前棋盘:
    0  1  2  3  4  5  6  7  8  9 10 11 12 13 14 15 16 17 18 19 

 0  1  1  1  1  1  1  1  1  1  1  1  1  1  1  1  1  1  1  1  1 
 1  0  1  1  1  1  1  1  1  1  1  1  1  1  1  1  1  1  1  1  1 
 2  1  1  1  1  1  1  1  1  1  1  1  1  1  1  1  1  1  1  1  1 
 3  4  1  1  1  1  1  1  1  1  1  1  1  1  1  1  1  1  1  1  1 
 4  1  1  1 ## ##  1  1  1  1  1  1  1  1  1  1  1  1  1  1  1 
 5  1  1  1  1 ##  1  1  1  1  1  1  1  1  1  1  1  1  1  1  1 
 6  1  1  1  1  1  1  1  1  1  1  1  1  1  1  1  1  1  1  1  1 
 7  2  1  1  1  1  1  1  1  1  1  1  1  1  1  1  1  1  1  1  1 
 8  1  1  1  1  1  1  1  1  1  1  1  1  1  1  1  1  1  1  1  1 
 9  1  1  1  1  1  1  1  1  1  1  1  1  1  1  1  1  1  1  1  1 
10  1  3  1  1  1  1  1  1  1  1  1  1  1  1  1  1  1  1  1  1 
11  1  1  1  1  1  1  1  1  1  1  1  1  1  1  1  1  1  1  1  1 
12  1  1  1  1  1  1  1  1  1  1  1  1  1  1  1  1  1  1  1  1 
13  1  1  1  1  1  1  1  1  1  1  1  1  1  1  1  1  1  1  1  1 
14  1  1  1  1  1  1  1  1  1  1  1  1  1  1  1 ##  1  1  1  1 
15  1  1  1  1  1  1  1  1  1  1  1  1  1  1  1 ## ##  1  1  1 
16  1  1  1  1  1  1  1  1  1  1  1  1  1  1  1  1 ## ## ##  1 
17  1  1  1  1  1  1  1  1  1  1  1  1  1  1  1  1 ## ## ##  1 
18  1  1  1  1  1  1  1  1  1  1  1  1  1  1  1  1 ##  1 ##  1 
19  5  1  1  1  1  1  1  1  1  1  1  1  1  1  1  1  1  1 ##  1 


===== 回合 43 =====
当前行动棋子: ID=0, 玩家=1
Piece[ID=0] Archer | 队伍1 | 存活/等待
  位置: (0, 1) 高度: 0
  生命: 34/60 | 行动点: 1/1
  物理伤害: 16 | 魔法伤害: 0
  物理抗性: 8 | 魔法抗性: 0
  移动力: 27.5/27.5 | 攻击范围: 9
  属性: 力量5 敏捷15 智力10
  武器: 弓(类型3)
  技能槽: 1/1 | 法术范围: 0.0
  死亡回合: -1 | 队列索引: 0
[InputManager] 玩家1的输入方法为: 函数式输入
[InputManager] 开始处理玩家1的行动输入
[FunctionInput] Executing action handler for player 1
[FunctionInput] Action handler executed successfully
[InputManager] 玩家1的行动输入处理完成
envState:1
action: 移动: 是
  目标位置: (0, 1)
攻击: 是
  攻击详情:
    攻击者ID: 0
    目标ID: 2
    伤害值: 0
法术: 否
目标位置(0, 1)被占据
移动失败
[Attack] Auto hit - no roll needed.
[Attack] Dealing 21 damage to target.
对棋子2造成21点伤害

当前棋盘:
    0  1  2  3  4  5  6  7  8  9 10 11 12 13 14 15 16 17 18 19 

 0  1  1  1  1  1  1  1  1  1  1  1  1  1  1  1  1  1  1  1  1 
 1  0  1  1  1  1  1  1  1  1  1  1  1  1  1  1  1  1  1  1  1 
 2  1  1  1  1  1  1  1  1  1  1  1  1  1  1  1  1  1  1  1  1 
 3  4  1  1  1  1  1  1  1  1  1  1  1  1  1  1  1  1  1  1  1 
 4  1  1  1 ## ##  1  1  1  1  1  1  1  1  1  1  1  1  1  1  1 
 5  1  1  1  1 ##  1  1  1  1  1  1  1  1  1  1  1  1  1  1  1 
 6  1  1  1  1  1  1  1  1  1  1  1  1  1  1  1  1  1  1  1  1 
 7  2  1  1  1  1  1  1  1  1  1  1  1  1  1  1  1  1  1  1  1 
 8  1  1  1  1  1  1  1  1  1  1  1  1  1  1  1  1  1  1  1  1 
 9  1  1  1  1  1  1  1  1  1  1  1  1  1  1  1  1  1  1  1  1 
10  1  3  1  1  1  1  1  1  1  1  1  1  1  1  1  1  1  1  1  1 
11  1  1  1  1  1  1  1  1  1  1  1  1  1  1  1  1  1  1  1  1 
12  1  1  1  1  1  1  1  1  1  1  1  1  1  1  1  1  1  1  1  1 
13  1  1  1  1  1  1  1  1  1  1  1  1  1  1  1  1  1  1  1  1 
14  1  1  1  1  1  1  1  1  1  1  1  1  1  1  1 ##  1  1  1  1 
15  1  1  1  1  1  1  1  1  1  1  1  1  1  1  1 ## ##  1  1  1 
16  1  1  1  1  1  1  1  1  1  1  1  1  1  1  1  1 ## ## ##  1 
17  1  1  1  1  1  1  1  1  1  1  1  1  1  1  1  1 ## ## ##  1 
18  1  1  1  1  1  1  1  1  1  1  1  1  1  1  1  1 ##  1 ##  1 
19  5  1  1  1  1  1  1  1  1  1  1  1  1  1  1  1  1  1 ##  1 


===== 回合 44 =====
当前行动棋子: ID=1, 玩家=1
Piece[ID=1] Archer | 队伍1 | 存活/等待
  位置: (0, 13) 高度: 0
  生命: 47/60 | 行动点: 1/1
  物理伤害: 16 | 魔法伤害: 0
  物理抗性: 8 | 魔法抗性: 0
  移动力: 27.5/27.5 | 攻击范围: 9
  属性: 力量5 敏捷15 智力10
  武器: 弓(类型3)
  技能槽: 1/1 | 法术范围: 0.0
  死亡回合: -1 | 队列索引: 0
[InputManager] 玩家1的输入方法为: 函数式输入
[InputManager] 开始处理玩家1的行动输入
[FunctionInput] Executing action handler for player 1
[FunctionInput] Action handler executed successfully
[InputManager] 玩家1的行动输入处理完成
envState:1
action: 移动: 是
  目标位置: (0, 5)
攻击: 是
  攻击详情:
    攻击者ID: 1
    目标ID: 3
    伤害值: 0
法术: 否
移动成功到 (0, 5)

当前棋盘:
    0  1  2  3  4  5  6  7  8  9 10 11 12 13 14 15 16 17 18 19 

 0  1  1  1  1  1  1  1  1  1  1  1  1  1  1  1  1  1  1  1  1 
 1  0  1  1  1  1  1  1  1  1  1  1  1  1  1  1  1  1  1  1  1 
 2  1  1  1  1  1  1  1  1  1  1  1  1  1  1  1  1  1  1  1  1 
 3  4  1  1  1  1  1  1  1  1  1  1  1  1  1  1  1  1  1  1  1 
 4  1  1  1 ## ##  1  1  1  1  1  1  1  1  1  1  1  1  1  1  1 
 5  1  1  1  1 ##  1  1  1  1  1  1  1  1  1  1  1  1  1  1  1 
 6  1  1  1  1  1  1  1  1  1  1  1  1  1  1  1  1  1  1  1  1 
 7  2  1  1  1  1  1  1  1  1  1  1  1  1  1  1  1  1  1  1  1 
 8  1  1  1  1  1  1  1  1  1  1  1  1  1  1  1  1  1  1  1  1 
 9  1  1  1  1  1  1  1  1  1  1  1  1  1  1  1  1  1  1  1  1 
10  1  3  1  1  1  1  1  1  1  1  1  1  1  1  1  1  1  1  1  1 
11  1  1  1  1  1  1  1  1  1  1  1  1  1  1  1  1  1  1  1  1 
12  1  1  1  1  1  1  1  1  1  1  1  1  1  1  1  1  1  1  1  1 
13  1  1  1  1  1  1  1  1  1  1  1  1  1  1  1  1  1  1  1  1 
14  1  1  1  1  1  1  1  1  1  1  1  1  1  1  1 ##  1  1  1  1 
15  1  1  1  1  1  1  1  1  1  1  1  1  1  1  1 ## ##  1  1  1 
16  1  1  1  1  1  1  1  1  1  1  1  1  1  1  1  1 ## ## ##  1 
17  1  1  1  1  1  1  1  1  1  1  1  1  1  1  1  1 ## ## ##  1 
18  1  1  1  1  1  1  1  1  1  1  1  1  1  1  1  1 ##  1 ##  1 
19  5  1  1  1  1  1  1  1  1  1  1  1  1  1  1  1  1  1 ##  1 


===== 回合 45 =====
当前行动棋子: ID=2, 玩家=2
Piece[ID=2] Archer | 队伍2 | 存活/等待
  位置: (0, 7) 高度: 0
  生命: 47/60 | 行动点: 1/1
  物理伤害: 16 | 魔法伤害: 0
  物理抗性: 8 | 魔法抗性: 0
  移动力: 27.5/27.5 | 攻击范围: 9
  属性: 力量5 敏捷15 智力10
  武器: 弓(类型3)
  技能槽: 1/1 | 法术范围: 0.0
  死亡回合: -1 | 队列索引: 0
[InputManager] 玩家2的输入方法为: 函数式输入
[InputManager] 开始处理玩家2的行动输入
[FunctionInput] Executing action handler for player 2
[FunctionInput] Action handler executed successfully
[InputManager] 玩家2的行动输入处理完成
envState:1
action: 移动: 是
  目标位置: (0, 11)
攻击: 是
  攻击详情:
    攻击者ID: 2
    目标ID: 1
    伤害值: 0
法术: 否
移动成功到 (0, 11)

当前棋盘:
    0  1  2  3  4  5  6  7  8  9 10 11 12 13 14 15 16 17 18 19 

 0  1  1  1  1  1  1  1  1  1  1  1  1  1  1  1  1  1  1  1  1 
 1  0  1  1  1  1  1  1  1  1  1  1  1  1  1  1  1  1  1  1  1 
 2  1  1  1  1  1  1  1  1  1  1  1  1  1  1  1  1  1  1  1  1 
 3  4  1  1  1  1  1  1  1  1  1  1  1  1  1  1  1  1  1  1  1 
 4  1  1  1 ## ##  1  1  1  1  1  1  1  1  1  1  1  1  1  1  1 
 5  1  1  1  1 ##  1  1  1  1  1  1  1  1  1  1  1  1  1  1  1 
 6  1  1  1  1  1  1  1  1  1  1  1  1  1  1  1  1  1  1  1  1 
 7  1  1  1  1  1  1  1  1  1  1  1  1  1  1  1  1  1  1  1  1 
 8  1  1  1  1  1  1  1  1  1  1  1  1  1  1  1  1  1  1  1  1 
 9  1  1  1  1  1  1  1  1  1  1  1  1  1  1  1  1  1  1  1  1 
10  1  3  1  1  1  1  1  1  1  1  1  1  1  1  1  1  1  1  1  1 
11  2  1  1  1  1  1  1  1  1  1  1  1  1  1  1  1  1  1  1  1 
12  1  1  1  1  1  1  1  1  1  1  1  1  1  1  1  1  1  1  1  1 
13  1  1  1  1  1  1  1  1  1  1  1  1  1  1  1  1  1  1  1  1 
14  1  1  1  1  1  1  1  1  1  1  1  1  1  1  1 ##  1  1  1  1 
15  1  1  1  1  1  1  1  1  1  1  1  1  1  1  1 ## ##  1  1  1 
16  1  1  1  1  1  1  1  1  1  1  1  1  1  1  1  1 ## ## ##  1 
17  1  1  1  1  1  1  1  1  1  1  1  1  1  1  1  1 ## ## ##  1 
18  1  1  1  1  1  1  1  1  1  1  1  1  1  1  1  1 ##  1 ##  1 
19  5  1  1  1  1  1  1  1  1  1  1  1  1  1  1  1  1  1 ##  1 


===== 回合 46 =====
当前行动棋子: ID=3, 玩家=2
Piece[ID=3] Archer | 队伍2 | 存活/等待
  位置: (1, 10) 高度: 1
  生命: 47/60 | 行动点: 1/1
  物理伤害: 16 | 魔法伤害: 0
  物理抗性: 8 | 魔法抗性: 0
  移动力: 27.5/27.5 | 攻击范围: 9
  属性: 力量5 敏捷15 智力10
  武器: 弓(类型3)
  技能槽: 1/1 | 法术范围: 0.0
  死亡回合: -1 | 队列索引: 0
[InputManager] 玩家2的输入方法为: 函数式输入
[InputManager] 开始处理玩家2的行动输入
[FunctionInput] Executing action handler for player 2
[FunctionInput] Action handler executed successfully
[InputManager] 玩家2的行动输入处理完成
envState:1
action: 移动: 是
  目标位置: (1, 0)
攻击: 是
  攻击详情:
    攻击者ID: 3
    目标ID: 1
    伤害值: 0
法术: 否
移动成功到 (1, 0)

当前棋盘:
    0  1  2  3  4  5  6  7  8  9 10 11 12 13 14 15 16 17 18 19 

 0  1  3  1  1  1  1  1  1  1  1  1  1  1  1  1  1  1  1  1  1 
 1  0  1  1  1  1  1  1  1  1  1  1  1  1  1  1  1  1  1  1  1 
 2  1  1  1  1  1  1  1  1  1  1  1  1  1  1  1  1  1  1  1  1 
 3  4  1  1  1  1  1  1  1  1  1  1  1  1  1  1  1  1  1  1  1 
 4  1  1  1 ## ##  1  1  1  1  1  1  1  1  1  1  1  1  1  1  1 
 5  1  1  1  1 ##  1  1  1  1  1  1  1  1  1  1  1  1  1  1  1 
 6  1  1  1  1  1  1  1  1  1  1  1  1  1  1  1  1  1  1  1  1 
 7  1  1  1  1  1  1  1  1  1  1  1  1  1  1  1  1  1  1  1  1 
 8  1  1  1  1  1  1  1  1  1  1  1  1  1  1  1  1  1  1  1  1 
 9  1  1  1  1  1  1  1  1  1  1  1  1  1  1  1  1  1  1  1  1 
10  1  1  1  1  1  1  1  1  1  1  1  1  1  1  1  1  1  1  1  1 
11  2  1  1  1  1  1  1  1  1  1  1  1  1  1  1  1  1  1  1  1 
12  1  1  1  1  1  1  1  1  1  1  1  1  1  1  1  1  1  1  1  1 
13  1  1  1  1  1  1  1  1  1  1  1  1  1  1  1  1  1  1  1  1 
14  1  1  1  1  1  1  1  1  1  1  1  1  1  1  1 ##  1  1  1  1 
15  1  1  1  1  1  1  1  1  1  1  1  1  1  1  1 ## ##  1  1  1 
16  1  1  1  1  1  1  1  1  1  1  1  1  1  1  1  1 ## ## ##  1 
17  1  1  1  1  1  1  1  1  1  1  1  1  1  1  1  1 ## ## ##  1 
18  1  1  1  1  1  1  1  1  1  1  1  1  1  1  1  1 ##  1 ##  1 
19  5  1  1  1  1  1  1  1  1  1  1  1  1  1  1  1  1  1 ##  1 


===== 回合 47 =====
当前行动棋子: ID=4, 玩家=1
Piece[ID=4] Archer | 队伍1 | 存活/等待
  位置: (0, 3) 高度: 0
  生命: 34/60 | 行动点: 1/1
  物理伤害: 16 | 魔法伤害: 0
  物理抗性: 8 | 魔法抗性: 0
  移动力: 27.5/27.5 | 攻击范围: 9
  属性: 力量5 敏捷15 智力10
  武器: 弓(类型3)
  技能槽: 1/1 | 法术范围: 0.0
  死亡回合: -1 | 队列索引: 0
[InputManager] 玩家1的输入方法为: 函数式输入
[InputManager] 开始处理玩家1的行动输入
[FunctionInput] Executing action handler for player 1
[FunctionInput] Action handler executed successfully
[InputManager] 玩家1的行动输入处理完成
envState:1
action: 移动: 是
  目标位置: (1, 6)
攻击: 是
  攻击详情:
    攻击者ID: 4
    目标ID: 3
    伤害值: 0
法术: 否
移动成功到 (1, 6)

当前棋盘:
    0  1  2  3  4  5  6  7  8  9 10 11 12 13 14 15 16 17 18 19 

 0  1  3  1  1  1  1  1  1  1  1  1  1  1  1  1  1  1  1  1  1 
 1  0  1  1  1  1  1  1  1  1  1  1  1  1  1  1  1  1  1  1  1 
 2  1  1  1  1  1  1  1  1  1  1  1  1  1  1  1  1  1  1  1  1 
 3  1  1  1  1  1  1  1  1  1  1  1  1  1  1  1  1  1  1  1  1 
 4  1  1  1 ## ##  1  1  1  1  1  1  1  1  1  1  1  1  1  1  1 
 5  1  1  1  1 ##  1  1  1  1  1  1  1  1  1  1  1  1  1  1  1 
 6  1  4  1  1  1  1  1  1  1  1  1  1  1  1  1  1  1  1  1  1 
 7  1  1  1  1  1  1  1  1  1  1  1  1  1  1  1  1  1  1  1  1 
 8  1  1  1  1  1  1  1  1  1  1  1  1  1  1  1  1  1  1  1  1 
 9  1  1  1  1  1  1  1  1  1  1  1  1  1  1  1  1  1  1  1  1 
10  1  1  1  1  1  1  1  1  1  1  1  1  1  1  1  1  1  1  1  1 
11  2  1  1  1  1  1  1  1  1  1  1  1  1  1  1  1  1  1  1  1 
12  1  1  1  1  1  1  1  1  1  1  1  1  1  1  1  1  1  1  1  1 
13  1  1  1  1  1  1  1  1  1  1  1  1  1  1  1  1  1  1  1  1 
14  1  1  1  1  1  1  1  1  1  1  1  1  1  1  1 ##  1  1  1  1 
15  1  1  1  1  1  1  1  1  1  1  1  1  1  1  1 ## ##  1  1  1 
16  1  1  1  1  1  1  1  1  1  1  1  1  1  1  1  1 ## ## ##  1 
17  1  1  1  1  1  1  1  1  1  1  1  1  1  1  1  1 ## ## ##  1 
18  1  1  1  1  1  1  1  1  1  1  1  1  1  1  1  1 ##  1 ##  1 
19  5  1  1  1  1  1  1  1  1  1  1  1  1  1  1  1  1  1 ##  1 


===== 回合 48 =====
当前行动棋子: ID=5, 玩家=2
Piece[ID=5] Archer | 队伍2 | 存活/等待
  位置: (0, 19) 高度: 0
  生命: 8/60 | 行动点: 1/1
  物理伤害: 16 | 魔法伤害: 0
  物理抗性: 8 | 魔法抗性: 0
  移动力: 27.5/27.5 | 攻击范围: 9
  属性: 力量5 敏捷15 智力10
  武器: 弓(类型3)
  技能槽: 1/1 | 法术范围: 0.0
  死亡回合: -1 | 队列索引: 0
[InputManager] 玩家2的输入方法为: 函数式输入
[InputManager] 开始处理玩家2的行动输入
[FunctionInput] Executing action handler for player 2
[FunctionInput] Action handler executed successfully
[InputManager] 玩家2的行动输入处理完成
envState:1
action: 移动: 是
  目标位置: (1, 10)
攻击: 否
法术: 否
移动成功到 (1, 10)

当前棋盘:
    0  1  2  3  4  5  6  7  8  9 10 11 12 13 14 15 16 17 18 19 

 0  1  3  1  1  1  1  1  1  1  1  1  1  1  1  1  1  1  1  1  1 
 1  0  1  1  1  1  1  1  1  1  1  1  1  1  1  1  1  1  1  1  1 
 2  1  1  1  1  1  1  1  1  1  1  1  1  1  1  1  1  1  1  1  1 
 3  1  1  1  1  1  1  1  1  1  1  1  1  1  1  1  1  1  1  1  1 
 4  1  1  1 ## ##  1  1  1  1  1  1  1  1  1  1  1  1  1  1  1 
 5  1  1  1  1 ##  1  1  1  1  1  1  1  1  1  1  1  1  1  1  1 
 6  1  4  1  1  1  1  1  1  1  1  1  1  1  1  1  1  1  1  1  1 
 7  1  1  1  1  1  1  1  1  1  1  1  1  1  1  1  1  1  1  1  1 
 8  1  1  1  1  1  1  1  1  1  1  1  1  1  1  1  1  1  1  1  1 
 9  1  1  1  1  1  1  1  1  1  1  1  1  1  1  1  1  1  1  1  1 
10  1  5  1  1  1  1  1  1  1  1  1  1  1  1  1  1  1  1  1  1 
11  2  1  1  1  1  1  1  1  1  1  1  1  1  1  1  1  1  1  1  1 
12  1  1  1  1  1  1  1  1  1  1  1  1  1  1  1  1  1  1  1  1 
13  1  1  1  1  1  1  1  1  1  1  1  1  1  1  1  1  1  1  1  1 
14  1  1  1  1  1  1  1  1  1  1  1  1  1  1  1 ##  1  1  1  1 
15  1  1  1  1  1  1  1  1  1  1  1  1  1  1  1 ## ##  1  1  1 
16  1  1  1  1  1  1  1  1  1  1  1  1  1  1  1  1 ## ## ##  1 
17  1  1  1  1  1  1  1  1  1  1  1  1  1  1  1  1 ## ## ##  1 
18  1  1  1  1  1  1  1  1  1  1  1  1  1  1  1  1 ##  1 ##  1 
19  1  1  1  1  1  1  1  1  1  1  1  1  1  1  1  1  1  1 ##  1 


===== 回合 49 =====
当前行动棋子: ID=0, 玩家=1
Piece[ID=0] Archer | 队伍1 | 存活/等待
  位置: (0, 1) 高度: 0
  生命: 34/60 | 行动点: 1/1
  物理伤害: 16 | 魔法伤害: 0
  物理抗性: 8 | 魔法抗性: 0
  移动力: 27.5/27.5 | 攻击范围: 9
  属性: 力量5 敏捷15 智力10
  武器: 弓(类型3)
  技能槽: 1/1 | 法术范围: 0.0
  死亡回合: -1 | 队列索引: 0
[InputManager] 玩家1的输入方法为: 函数式输入
[InputManager] 开始处理玩家1的行动输入
[FunctionInput] Executing action handler for player 1
[FunctionInput] Action handler executed successfully
[InputManager] 玩家1的行动输入处理完成
envState:1
action: 移动: 是
  目标位置: (2, 5)
攻击: 是
  攻击详情:
    攻击者ID: 0
    目标ID: 3
    伤害值: 0
法术: 否
移动成功到 (2, 5)

当前棋盘:
    0  1  2  3  4  5  6  7  8  9 10 11 12 13 14 15 16 17 18 19 

 0  1  3  1  1  1  1  1  1  1  1  1  1  1  1  1  1  1  1  1  1 
 1  1  1  1  1  1  1  1  1  1  1  1  1  1  1  1  1  1  1  1  1 
 2  1  1  1  1  1  1  1  1  1  1  1  1  1  1  1  1  1  1  1  1 
 3  1  1  1  1  1  1  1  1  1  1  1  1  1  1  1  1  1  1  1  1 
 4  1  1  1 ## ##  1  1  1  1  1  1  1  1  1  1  1  1  1  1  1 
 5  1  1  0  1 ##  1  1  1  1  1  1  1  1  1  1  1  1  1  1  1 
 6  1  4  1  1  1  1  1  1  1  1  1  1  1  1  1  1  1  1  1  1 
 7  1  1  1  1  1  1  1  1  1  1  1  1  1  1  1  1  1  1  1  1 
 8  1  1  1  1  1  1  1  1  1  1  1  1  1  1  1  1  1  1  1  1 
 9  1  1  1  1  1  1  1  1  1  1  1  1  1  1  1  1  1  1  1  1 
10  1  5  1  1  1  1  1  1  1  1  1  1  1  1  1  1  1  1  1  1 
11  2  1  1  1  1  1  1  1  1  1  1  1  1  1  1  1  1  1  1  1 
12  1  1  1  1  1  1  1  1  1  1  1  1  1  1  1  1  1  1  1  1 
13  1  1  1  1  1  1  1  1  1  1  1  1  1  1  1  1  1  1  1  1 
14  1  1  1  1  1  1  1  1  1  1  1  1  1  1  1 ##  1  1  1  1 
15  1  1  1  1  1  1  1  1  1  1  1  1  1  1  1 ## ##  1  1  1 
16  1  1  1  1  1  1  1  1  1  1  1  1  1  1  1  1 ## ## ##  1 
17  1  1  1  1  1  1  1  1  1  1  1  1  1  1  1  1 ## ## ##  1 
18  1  1  1  1  1  1  1  1  1  1  1  1  1  1  1  1 ##  1 ##  1 
19  1  1  1  1  1  1  1  1  1  1  1  1  1  1  1  1  1  1 ##  1 


===== 回合 50 =====
当前行动棋子: ID=1, 玩家=1
Piece[ID=1] Archer | 队伍1 | 存活/等待
  位置: (0, 5) 高度: 0
  生命: 47/60 | 行动点: 1/1
  物理伤害: 16 | 魔法伤害: 0
  物理抗性: 8 | 魔法抗性: 0
  移动力: 27.5/27.5 | 攻击范围: 9
  属性: 力量5 敏捷15 智力10
  武器: 弓(类型3)
  技能槽: 1/1 | 法术范围: 0.0
  死亡回合: -1 | 队列索引: 0
[InputManager] 玩家1的输入方法为: 函数式输入
[InputManager] 开始处理玩家1的行动输入
[FunctionInput] Executing action handler for player 1
[FunctionInput] Action handler executed successfully
[InputManager] 玩家1的行动输入处理完成
envState:1
action: 移动: 是
  目标位置: (0, 5)
攻击: 是
  攻击详情:
    攻击者ID: 1
    目标ID: 2
    伤害值: 0
法术: 否
目标位置(0, 5)被占据
移动失败
[Attack] Auto hit - no roll needed.
[Attack] Dealing 21 damage to target.
对棋子2造成21点伤害

当前棋盘:
    0  1  2  3  4  5  6  7  8  9 10 11 12 13 14 15 16 17 18 19 

 0  1  3  1  1  1  1  1  1  1  1  1  1  1  1  1  1  1  1  1  1 
 1  1  1  1  1  1  1  1  1  1  1  1  1  1  1  1  1  1  1  1  1 
 2  1  1  1  1  1  1  1  1  1  1  1  1  1  1  1  1  1  1  1  1 
 3  1  1  1  1  1  1  1  1  1  1  1  1  1  1  1  1  1  1  1  1 
 4  1  1  1 ## ##  1  1  1  1  1  1  1  1  1  1  1  1  1  1  1 
 5  1  1  0  1 ##  1  1  1  1  1  1  1  1  1  1  1  1  1  1  1 
 6  1  4  1  1  1  1  1  1  1  1  1  1  1  1  1  1  1  1  1  1 
 7  1  1  1  1  1  1  1  1  1  1  1  1  1  1  1  1  1  1  1  1 
 8  1  1  1  1  1  1  1  1  1  1  1  1  1  1  1  1  1  1  1  1 
 9  1  1  1  1  1  1  1  1  1  1  1  1  1  1  1  1  1  1  1  1 
10  1  5  1  1  1  1  1  1  1  1  1  1  1  1  1  1  1  1  1  1 
11  2  1  1  1  1  1  1  1  1  1  1  1  1  1  1  1  1  1  1  1 
12  1  1  1  1  1  1  1  1  1  1  1  1  1  1  1  1  1  1  1  1 
13  1  1  1  1  1  1  1  1  1  1  1  1  1  1  1  1  1  1  1  1 
14  1  1  1  1  1  1  1  1  1  1  1  1  1  1  1 ##  1  1  1  1 
15  1  1  1  1  1  1  1  1  1  1  1  1  1  1  1 ## ##  1  1  1 
16  1  1  1  1  1  1  1  1  1  1  1  1  1  1  1  1 ## ## ##  1 
17  1  1  1  1  1  1  1  1  1  1  1  1  1  1  1  1 ## ## ##  1 
18  1  1  1  1  1  1  1  1  1  1  1  1  1  1  1  1 ##  1 ##  1 
19  1  1  1  1  1  1  1  1  1  1  1  1  1  1  1  1  1  1 ##  1 


===== 回合 51 =====
当前行动棋子: ID=2, 玩家=2
Piece[ID=2] Archer | 队伍2 | 存活/等待
  位置: (0, 11) 高度: 0
  生命: 34/60 | 行动点: 1/1
  物理伤害: 16 | 魔法伤害: 0
  物理抗性: 8 | 魔法抗性: 0
  移动力: 27.5/27.5 | 攻击范围: 9
  属性: 力量5 敏捷15 智力10
  武器: 弓(类型3)
  技能槽: 1/1 | 法术范围: 0.0
  死亡回合: -1 | 队列索引: 0
[InputManager] 玩家2的输入方法为: 函数式输入
[InputManager] 开始处理玩家2的行动输入
[FunctionInput] Executing action handler for player 2
[FunctionInput] Action handler executed successfully
[InputManager] 玩家2的行动输入处理完成
envState:1
action: 移动: 是
  目标位置: (0, 1)
攻击: 是
  攻击详情:
    攻击者ID: 2
    目标ID: 4
    伤害值: 0
法术: 否
移动成功到 (0, 1)

当前棋盘:
    0  1  2  3  4  5  6  7  8  9 10 11 12 13 14 15 16 17 18 19 

 0  1  3  1  1  1  1  1  1  1  1  1  1  1  1  1  1  1  1  1  1 
 1  2  1  1  1  1  1  1  1  1  1  1  1  1  1  1  1  1  1  1  1 
 2  1  1  1  1  1  1  1  1  1  1  1  1  1  1  1  1  1  1  1  1 
 3  1  1  1  1  1  1  1  1  1  1  1  1  1  1  1  1  1  1  1  1 
 4  1  1  1 ## ##  1  1  1  1  1  1  1  1  1  1  1  1  1  1  1 
 5  1  1  0  1 ##  1  1  1  1  1  1  1  1  1  1  1  1  1  1  1 
 6  1  4  1  1  1  1  1  1  1  1  1  1  1  1  1  1  1  1  1  1 
 7  1  1  1  1  1  1  1  1  1  1  1  1  1  1  1  1  1  1  1  1 
 8  1  1  1  1  1  1  1  1  1  1  1  1  1  1  1  1  1  1  1  1 
 9  1  1  1  1  1  1  1  1  1  1  1  1  1  1  1  1  1  1  1  1 
10  1  5  1  1  1  1  1  1  1  1  1  1  1  1  1  1  1  1  1  1 
11  1  1  1  1  1  1  1  1  1  1  1  1  1  1  1  1  1  1  1  1 
12  1  1  1  1  1  1  1  1  1  1  1  1  1  1  1  1  1  1  1  1 
13  1  1  1  1  1  1  1  1  1  1  1  1  1  1  1  1  1  1  1  1 
14  1  1  1  1  1  1  1  1  1  1  1  1  1  1  1 ##  1  1  1  1 
15  1  1  1  1  1  1  1  1  1  1  1  1  1  1  1 ## ##  1  1  1 
16  1  1  1  1  1  1  1  1  1  1  1  1  1  1  1  1 ## ## ##  1 
17  1  1  1  1  1  1  1  1  1  1  1  1  1  1  1  1 ## ## ##  1 
18  1  1  1  1  1  1  1  1  1  1  1  1  1  1  1  1 ##  1 ##  1 
19  1  1  1  1  1  1  1  1  1  1  1  1  1  1  1  1  1  1 ##  1 


===== 回合 52 =====
当前行动棋子: ID=3, 玩家=2
Piece[ID=3] Archer | 队伍2 | 存活/等待
  位置: (1, 0) 高度: -1
  生命: 47/60 | 行动点: 1/1
  物理伤害: 16 | 魔法伤害: 0
  物理抗性: 8 | 魔法抗性: 0
  移动力: 27.5/27.5 | 攻击范围: 9
  属性: 力量5 敏捷15 智力10
  武器: 弓(类型3)
  技能槽: 1/1 | 法术范围: 0.0
  死亡回合: -1 | 队列索引: 0
[InputManager] 玩家2的输入方法为: 函数式输入
[InputManager] 开始处理玩家2的行动输入
[FunctionInput] Executing action handler for player 2
[FunctionInput] Action handler executed successfully
[InputManager] 玩家2的行动输入处理完成
envState:1
action: 移动: 是
  目标位置: (0, 11)
攻击: 是
  攻击详情:
    攻击者ID: 3
    目标ID: 4
    伤害值: 0
法术: 否
移动成功到 (0, 11)

当前棋盘:
    0  1  2  3  4  5  6  7  8  9 10 11 12 13 14 15 16 17 18 19 

 0  1  1  1  1  1  1  1  1  1  1  1  1  1  1  1  1  1  1  1  1 
 1  2  1  1  1  1  1  1  1  1  1  1  1  1  1  1  1  1  1  1  1 
 2  1  1  1  1  1  1  1  1  1  1  1  1  1  1  1  1  1  1  1  1 
 3  1  1  1  1  1  1  1  1  1  1  1  1  1  1  1  1  1  1  1  1 
 4  1  1  1 ## ##  1  1  1  1  1  1  1  1  1  1  1  1  1  1  1 
 5  1  1  0  1 ##  1  1  1  1  1  1  1  1  1  1  1  1  1  1  1 
 6  1  4  1  1  1  1  1  1  1  1  1  1  1  1  1  1  1  1  1  1 
 7  1  1  1  1  1  1  1  1  1  1  1  1  1  1  1  1  1  1  1  1 
 8  1  1  1  1  1  1  1  1  1  1  1  1  1  1  1  1  1  1  1  1 
 9  1  1  1  1  1  1  1  1  1  1  1  1  1  1  1  1  1  1  1  1 
10  1  5  1  1  1  1  1  1  1  1  1  1  1  1  1  1  1  1  1  1 
11  3  1  1  1  1  1  1  1  1  1  1  1  1  1  1  1  1  1  1  1 
12  1  1  1  1  1  1  1  1  1  1  1  1  1  1  1  1  1  1  1  1 
13  1  1  1  1  1  1  1  1  1  1  1  1  1  1  1  1  1  1  1  1 
14  1  1  1  1  1  1  1  1  1  1  1  1  1  1  1 ##  1  1  1  1 
15  1  1  1  1  1  1  1  1  1  1  1  1  1  1  1 ## ##  1  1  1 
16  1  1  1  1  1  1  1  1  1  1  1  1  1  1  1  1 ## ## ##  1 
17  1  1  1  1  1  1  1  1  1  1  1  1  1  1  1  1 ## ## ##  1 
18  1  1  1  1  1  1  1  1  1  1  1  1  1  1  1  1 ##  1 ##  1 
19  1  1  1  1  1  1  1  1  1  1  1  1  1  1  1  1  1  1 ##  1 


===== 回合 53 =====
当前行动棋子: ID=4, 玩家=1
Piece[ID=4] Archer | 队伍1 | 存活/等待
  位置: (1, 6) 高度: 0
  生命: 34/60 | 行动点: 1/1
  物理伤害: 16 | 魔法伤害: 0
  物理抗性: 8 | 魔法抗性: 0
  移动力: 27.5/27.5 | 攻击范围: 9
  属性: 力量5 敏捷15 智力10
  武器: 弓(类型3)
  技能槽: 1/1 | 法术范围: 0.0
  死亡回合: -1 | 队列索引: 0
[InputManager] 玩家1的输入方法为: 函数式输入
[InputManager] 开始处理玩家1的行动输入
[FunctionInput] Executing action handler for player 1
[FunctionInput] Action handler executed successfully
[InputManager] 玩家1的行动输入处理完成
envState:1
action: 移动: 是
  目标位置: (0, 15)
攻击: 是
  攻击详情:
    攻击者ID: 4
    目标ID: 5
    伤害值: 0
法术: 否
移动成功到 (0, 15)

当前棋盘:
    0  1  2  3  4  5  6  7  8  9 10 11 12 13 14 15 16 17 18 19 

 0  1  1  1  1  1  1  1  1  1  1  1  1  1  1  1  1  1  1  1  1 
 1  2  1  1  1  1  1  1  1  1  1  1  1  1  1  1  1  1  1  1  1 
 2  1  1  1  1  1  1  1  1  1  1  1  1  1  1  1  1  1  1  1  1 
 3  1  1  1  1  1  1  1  1  1  1  1  1  1  1  1  1  1  1  1  1 
 4  1  1  1 ## ##  1  1  1  1  1  1  1  1  1  1  1  1  1  1  1 
 5  1  1  0  1 ##  1  1  1  1  1  1  1  1  1  1  1  1  1  1  1 
 6  1  1  1  1  1  1  1  1  1  1  1  1  1  1  1  1  1  1  1  1 
 7  1  1  1  1  1  1  1  1  1  1  1  1  1  1  1  1  1  1  1  1 
 8  1  1  1  1  1  1  1  1  1  1  1  1  1  1  1  1  1  1  1  1 
 9  1  1  1  1  1  1  1  1  1  1  1  1  1  1  1  1  1  1  1  1 
10  1  5  1  1  1  1  1  1  1  1  1  1  1  1  1  1  1  1  1  1 
11  3  1  1  1  1  1  1  1  1  1  1  1  1  1  1  1  1  1  1  1 
12  1  1  1  1  1  1  1  1  1  1  1  1  1  1  1  1  1  1  1  1 
13  1  1  1  1  1  1  1  1  1  1  1  1  1  1  1  1  1  1  1  1 
14  1  1  1  1  1  1  1  1  1  1  1  1  1  1  1 ##  1  1  1  1 
15  4  1  1  1  1  1  1  1  1  1  1  1  1  1  1 ## ##  1  1  1 
16  1  1  1  1  1  1  1  1  1  1  1  1  1  1  1  1 ## ## ##  1 
17  1  1  1  1  1  1  1  1  1  1  1  1  1  1  1  1 ## ## ##  1 
18  1  1  1  1  1  1  1  1  1  1  1  1  1  1  1  1 ##  1 ##  1 
19  1  1  1  1  1  1  1  1  1  1  1  1  1  1  1  1  1  1 ##  1 


===== 回合 54 =====
当前行动棋子: ID=5, 玩家=2
Piece[ID=5] Archer | 队伍2 | 存活/等待
  位置: (1, 10) 高度: 1
  生命: 8/60 | 行动点: 1/1
  物理伤害: 16 | 魔法伤害: 0
  物理抗性: 8 | 魔法抗性: 0
  移动力: 27.5/27.5 | 攻击范围: 9
  属性: 力量5 敏捷15 智力10
  武器: 弓(类型3)
  技能槽: 1/1 | 法术范围: 0.0
  死亡回合: -1 | 队列索引: 0
[InputManager] 玩家2的输入方法为: 函数式输入
[InputManager] 开始处理玩家2的行动输入
[FunctionInput] Executing action handler for player 2
[FunctionInput] Action handler executed successfully
[InputManager] 玩家2的行动输入处理完成
envState:1
action: 移动: 是
  目标位置: (0, 9)
攻击: 是
  攻击详情:
    攻击者ID: 5
    目标ID: 0
    伤害值: 0
法术: 否
移动成功到 (0, 9)

当前棋盘:
    0  1  2  3  4  5  6  7  8  9 10 11 12 13 14 15 16 17 18 19 

 0  1  1  1  1  1  1  1  1  1  1  1  1  1  1  1  1  1  1  1  1 
 1  2  1  1  1  1  1  1  1  1  1  1  1  1  1  1  1  1  1  1  1 
 2  1  1  1  1  1  1  1  1  1  1  1  1  1  1  1  1  1  1  1  1 
 3  1  1  1  1  1  1  1  1  1  1  1  1  1  1  1  1  1  1  1  1 
 4  1  1  1 ## ##  1  1  1  1  1  1  1  1  1  1  1  1  1  1  1 
 5  1  1  0  1 ##  1  1  1  1  1  1  1  1  1  1  1  1  1  1  1 
 6  1  1  1  1  1  1  1  1  1  1  1  1  1  1  1  1  1  1  1  1 
 7  1  1  1  1  1  1  1  1  1  1  1  1  1  1  1  1  1  1  1  1 
 8  1  1  1  1  1  1  1  1  1  1  1  1  1  1  1  1  1  1  1  1 
 9  5  1  1  1  1  1  1  1  1  1  1  1  1  1  1  1  1  1  1  1 
10  1  1  1  1  1  1  1  1  1  1  1  1  1  1  1  1  1  1  1  1 
11  3  1  1  1  1  1  1  1  1  1  1  1  1  1  1  1  1  1  1  1 
12  1  1  1  1  1  1  1  1  1  1  1  1  1  1  1  1  1  1  1  1 
13  1  1  1  1  1  1  1  1  1  1  1  1  1  1  1  1  1  1  1  1 
14  1  1  1  1  1  1  1  1  1  1  1  1  1  1  1 ##  1  1  1  1 
15  4  1  1  1  1  1  1  1  1  1  1  1  1  1  1 ## ##  1  1  1 
16  1  1  1  1  1  1  1  1  1  1  1  1  1  1  1  1 ## ## ##  1 
17  1  1  1  1  1  1  1  1  1  1  1  1  1  1  1  1 ## ## ##  1 
18  1  1  1  1  1  1  1  1  1  1  1  1  1  1  1  1 ##  1 ##  1 
19  1  1  1  1  1  1  1  1  1  1  1  1  1  1  1  1  1  1 ##  1 


===== 回合 55 =====
当前行动棋子: ID=0, 玩家=1
Piece[ID=0] Archer | 队伍1 | 存活/等待
  位置: (2, 5) 高度: 0
  生命: 34/60 | 行动点: 1/1
  物理伤害: 16 | 魔法伤害: 0
  物理抗性: 8 | 魔法抗性: 0
  移动力: 27.5/27.5 | 攻击范围: 9
  属性: 力量5 敏捷15 智力10
  武器: 弓(类型3)
  技能槽: 1/1 | 法术范围: 0.0
  死亡回合: -1 | 队列索引: 0
[InputManager] 玩家1的输入方法为: 函数式输入
[InputManager] 开始处理玩家1的行动输入
[FunctionInput] Executing action handler for player 1
[FunctionInput] Action handler executed successfully
[InputManager] 玩家1的行动输入处理完成
envState:1
action: 移动: 是
  目标位置: (0, 7)
攻击: 是
  攻击详情:
    攻击者ID: 0
    目标ID: 2
    伤害值: 0
法术: 否
移动成功到 (0, 7)

当前棋盘:
    0  1  2  3  4  5  6  7  8  9 10 11 12 13 14 15 16 17 18 19 

 0  1  1  1  1  1  1  1  1  1  1  1  1  1  1  1  1  1  1  1  1 
 1  2  1  1  1  1  1  1  1  1  1  1  1  1  1  1  1  1  1  1  1 
 2  1  1  1  1  1  1  1  1  1  1  1  1  1  1  1  1  1  1  1  1 
 3  1  1  1  1  1  1  1  1  1  1  1  1  1  1  1  1  1  1  1  1 
 4  1  1  1 ## ##  1  1  1  1  1  1  1  1  1  1  1  1  1  1  1 
 5  1  1  1  1 ##  1  1  1  1  1  1  1  1  1  1  1  1  1  1  1 
 6  1  1  1  1  1  1  1  1  1  1  1  1  1  1  1  1  1  1  1  1 
 7  0  1  1  1  1  1  1  1  1  1  1  1  1  1  1  1  1  1  1  1 
 8  1  1  1  1  1  1  1  1  1  1  1  1  1  1  1  1  1  1  1  1 
 9  5  1  1  1  1  1  1  1  1  1  1  1  1  1  1  1  1  1  1  1 
10  1  1  1  1  1  1  1  1  1  1  1  1  1  1  1  1  1  1  1  1 
11  3  1  1  1  1  1  1  1  1  1  1  1  1  1  1  1  1  1  1  1 
12  1  1  1  1  1  1  1  1  1  1  1  1  1  1  1  1  1  1  1  1 
13  1  1  1  1  1  1  1  1  1  1  1  1  1  1  1  1  1  1  1  1 
14  1  1  1  1  1  1  1  1  1  1  1  1  1  1  1 ##  1  1  1  1 
15  4  1  1  1  1  1  1  1  1  1  1  1  1  1  1 ## ##  1  1  1 
16  1  1  1  1  1  1  1  1  1  1  1  1  1  1  1  1 ## ## ##  1 
17  1  1  1  1  1  1  1  1  1  1  1  1  1  1  1  1 ## ## ##  1 
18  1  1  1  1  1  1  1  1  1  1  1  1  1  1  1  1 ##  1 ##  1 
19  1  1  1  1  1  1  1  1  1  1  1  1  1  1  1  1  1  1 ##  1 


===== 回合 56 =====
当前行动棋子: ID=1, 玩家=1
Piece[ID=1] Archer | 队伍1 | 存活/等待
  位置: (0, 5) 高度: 0
  生命: 47/60 | 行动点: 1/1
  物理伤害: 16 | 魔法伤害: 0
  物理抗性: 8 | 魔法抗性: 0
  移动力: 27.5/27.5 | 攻击范围: 9
  属性: 力量5 敏捷15 智力10
  武器: 弓(类型3)
  技能槽: 1/1 | 法术范围: 0.0
  死亡回合: -1 | 队列索引: 0
[InputManager] 玩家1的输入方法为: 函数式输入
[InputManager] 开始处理玩家1的行动输入
[FunctionInput] Executing action handler for player 1
[FunctionInput] Action handler executed successfully
[InputManager] 玩家1的行动输入处理完成
envState:1
action: 移动: 是
  目标位置: (1, 6)
攻击: 是
  攻击详情:
    攻击者ID: 1
    目标ID: 2
    伤害值: 0
法术: 否
移动成功到 (1, 6)

当前棋盘:
    0  1  2  3  4  5  6  7  8  9 10 11 12 13 14 15 16 17 18 19 

 0  1  1  1  1  1  1  1  1  1  1  1  1  1  1  1  1  1  1  1  1 
 1  2  1  1  1  1  1  1  1  1  1  1  1  1  1  1  1  1  1  1  1 
 2  1  1  1  1  1  1  1  1  1  1  1  1  1  1  1  1  1  1  1  1 
 3  1  1  1  1  1  1  1  1  1  1  1  1  1  1  1  1  1  1  1  1 
 4  1  1  1 ## ##  1  1  1  1  1  1  1  1  1  1  1  1  1  1  1 
 5  1  1  1  1 ##  1  1  1  1  1  1  1  1  1  1  1  1  1  1  1 
 6  1  1  1  1  1  1  1  1  1  1  1  1  1  1  1  1  1  1  1  1 
 7  0  1  1  1  1  1  1  1  1  1  1  1  1  1  1  1  1  1  1  1 
 8  1  1  1  1  1  1  1  1  1  1  1  1  1  1  1  1  1  1  1  1 
 9  5  1  1  1  1  1  1  1  1  1  1  1  1  1  1  1  1  1  1  1 
10  1  1  1  1  1  1  1  1  1  1  1  1  1  1  1  1  1  1  1  1 
11  3  1  1  1  1  1  1  1  1  1  1  1  1  1  1  1  1  1  1  1 
12  1  1  1  1  1  1  1  1  1  1  1  1  1  1  1  1  1  1  1  1 
13  1  1  1  1  1  1  1  1  1  1  1  1  1  1  1  1  1  1  1  1 
14  1  1  1  1  1  1  1  1  1  1  1  1  1  1  1 ##  1  1  1  1 
15  4  1  1  1  1  1  1  1  1  1  1  1  1  1  1 ## ##  1  1  1 
16  1  1  1  1  1  1  1  1  1  1  1  1  1  1  1  1 ## ## ##  1 
17  1  1  1  1  1  1  1  1  1  1  1  1  1  1  1  1 ## ## ##  1 
18  1  1  1  1  1  1  1  1  1  1  1  1  1  1  1  1 ##  1 ##  1 
19  1  1  1  1  1  1  1  1  1  1  1  1  1  1  1  1  1  1 ##  1 


===== 回合 57 =====
当前行动棋子: ID=2, 玩家=2
Piece[ID=2] Archer | 队伍2 | 存活/等待
  位置: (0, 1) 高度: 0
  生命: 34/60 | 行动点: 1/1
  物理伤害: 16 | 魔法伤害: 0
  物理抗性: 8 | 魔法抗性: 0
  移动力: 27.5/27.5 | 攻击范围: 9
  属性: 力量5 敏捷15 智力10
  武器: 弓(类型3)
  技能槽: 1/1 | 法术范围: 0.0
  死亡回合: -1 | 队列索引: 0
[InputManager] 玩家2的输入方法为: 函数式输入
[InputManager] 开始处理玩家2的行动输入
[FunctionInput] Executing action handler for player 2
[FunctionInput] Action handler executed successfully
[InputManager] 玩家2的行动输入处理完成
envState:1
action: 移动: 是
  目标位置: (0, 1)
攻击: 是
  攻击详情:
    攻击者ID: 2
    目标ID: 0
    伤害值: 0
法术: 否
目标位置(0, 1)被占据
移动失败
[Attack] Auto hit - no roll needed.
[Attack] Dealing 21 damage to target.
对棋子0造成21点伤害

当前棋盘:
    0  1  2  3  4  5  6  7  8  9 10 11 12 13 14 15 16 17 18 19 

 0  1  1  1  1  1  1  1  1  1  1  1  1  1  1  1  1  1  1  1  1 
 1  2  1  1  1  1  1  1  1  1  1  1  1  1  1  1  1  1  1  1  1 
 2  1  1  1  1  1  1  1  1  1  1  1  1  1  1  1  1  1  1  1  1 
 3  1  1  1  1  1  1  1  1  1  1  1  1  1  1  1  1  1  1  1  1 
 4  1  1  1 ## ##  1  1  1  1  1  1  1  1  1  1  1  1  1  1  1 
 5  1  1  1  1 ##  1  1  1  1  1  1  1  1  1  1  1  1  1  1  1 
 6  1  1  1  1  1  1  1  1  1  1  1  1  1  1  1  1  1  1  1  1 
 7  0  1  1  1  1  1  1  1  1  1  1  1  1  1  1  1  1  1  1  1 
 8  1  1  1  1  1  1  1  1  1  1  1  1  1  1  1  1  1  1  1  1 
 9  5  1  1  1  1  1  1  1  1  1  1  1  1  1  1  1  1  1  1  1 
10  1  1  1  1  1  1  1  1  1  1  1  1  1  1  1  1  1  1  1  1 
11  3  1  1  1  1  1  1  1  1  1  1  1  1  1  1  1  1  1  1  1 
12  1  1  1  1  1  1  1  1  1  1  1  1  1  1  1  1  1  1  1  1 
13  1  1  1  1  1  1  1  1  1  1  1  1  1  1  1  1  1  1  1  1 
14  1  1  1  1  1  1  1  1  1  1  1  1  1  1  1 ##  1  1  1  1 
15  4  1  1  1  1  1  1  1  1  1  1  1  1  1  1 ## ##  1  1  1 
16  1  1  1  1  1  1  1  1  1  1  1  1  1  1  1  1 ## ## ##  1 
17  1  1  1  1  1  1  1  1  1  1  1  1  1  1  1  1 ## ## ##  1 
18  1  1  1  1  1  1  1  1  1  1  1  1  1  1  1  1 ##  1 ##  1 
19  1  1  1  1  1  1  1  1  1  1  1  1  1  1  1  1  1  1 ##  1 


===== 回合 58 =====
当前行动棋子: ID=3, 玩家=2
Piece[ID=3] Archer | 队伍2 | 存活/等待
  位置: (0, 11) 高度: 0
  生命: 47/60 | 行动点: 1/1
  物理伤害: 16 | 魔法伤害: 0
  物理抗性: 8 | 魔法抗性: 0
  移动力: 27.5/27.5 | 攻击范围: 9
  属性: 力量5 敏捷15 智力10
  武器: 弓(类型3)
  技能槽: 1/1 | 法术范围: 0.0
  死亡回合: -1 | 队列索引: 0
[InputManager] 玩家2的输入方法为: 函数式输入
[InputManager] 开始处理玩家2的行动输入
[FunctionInput] Executing action handler for player 2
[FunctionInput] Action handler executed successfully
[InputManager] 玩家2的行动输入处理完成
envState:1
action: 移动: 是
  目标位置: (1, 10)
攻击: 是
  攻击详情:
    攻击者ID: 3
    目标ID: 4
    伤害值: 0
法术: 否
移动成功到 (1, 10)

当前棋盘:
    0  1  2  3  4  5  6  7  8  9 10 11 12 13 14 15 16 17 18 19 

 0  1  1  1  1  1  1  1  1  1  1  1  1  1  1  1  1  1  1  1  1 
 1  2  1  1  1  1  1  1  1  1  1  1  1  1  1  1  1  1  1  1  1 
 2  1  1  1  1  1  1  1  1  1  1  1  1  1  1  1  1  1  1  1  1 
 3  1  1  1  1  1  1  1  1  1  1  1  1  1  1  1  1  1  1  1  1 
 4  1  1  1 ## ##  1  1  1  1  1  1  1  1  1  1  1  1  1  1  1 
 5  1  1  1  1 ##  1  1  1  1  1  1  1  1  1  1  1  1  1  1  1 
 6  1  1  1  1  1  1  1  1  1  1  1  1  1  1  1  1  1  1  1  1 
 7  0  1  1  1  1  1  1  1  1  1  1  1  1  1  1  1  1  1  1  1 
 8  1  1  1  1  1  1  1  1  1  1  1  1  1  1  1  1  1  1  1  1 
 9  5  1  1  1  1  1  1  1  1  1  1  1  1  1  1  1  1  1  1  1 
10  1  3  1  1  1  1  1  1  1  1  1  1  1  1  1  1  1  1  1  1 
11  1  1  1  1  1  1  1  1  1  1  1  1  1  1  1  1  1  1  1  1 
12  1  1  1  1  1  1  1  1  1  1  1  1  1  1  1  1  1  1  1  1 
13  1  1  1  1  1  1  1  1  1  1  1  1  1  1  1  1  1  1  1  1 
14  1  1  1  1  1  1  1  1  1  1  1  1  1  1  1 ##  1  1  1  1 
15  4  1  1  1  1  1  1  1  1  1  1  1  1  1  1 ## ##  1  1  1 
16  1  1  1  1  1  1  1  1  1  1  1  1  1  1  1  1 ## ## ##  1 
17  1  1  1  1  1  1  1  1  1  1  1  1  1  1  1  1 ## ## ##  1 
18  1  1  1  1  1  1  1  1  1  1  1  1  1  1  1  1 ##  1 ##  1 
19  1  1  1  1  1  1  1  1  1  1  1  1  1  1  1  1  1  1 ##  1 


===== 回合 59 =====
当前行动棋子: ID=4, 玩家=1
Piece[ID=4] Archer | 队伍1 | 存活/等待
  位置: (0, 15) 高度: 0
  生命: 34/60 | 行动点: 1/1
  物理伤害: 16 | 魔法伤害: 0
  物理抗性: 8 | 魔法抗性: 0
  移动力: 27.5/27.5 | 攻击范围: 9
  属性: 力量5 敏捷15 智力10
  武器: 弓(类型3)
  技能槽: 1/1 | 法术范围: 0.0
  死亡回合: -1 | 队列索引: 0
[InputManager] 玩家1的输入方法为: 函数式输入
[InputManager] 开始处理玩家1的行动输入
[FunctionInput] Executing action handler for player 1
[FunctionInput] Action handler executed successfully
[InputManager] 玩家1的行动输入处理完成
envState:1
action: 移动: 是
  目标位置: (0, 3)
攻击: 是
  攻击详情:
    攻击者ID: 4
    目标ID: 5
    伤害值: 0
法术: 否
移动成功到 (0, 3)

当前棋盘:
    0  1  2  3  4  5  6  7  8  9 10 11 12 13 14 15 16 17 18 19 

 0  1  1  1  1  1  1  1  1  1  1  1  1  1  1  1  1  1  1  1  1 
 1  2  1  1  1  1  1  1  1  1  1  1  1  1  1  1  1  1  1  1  1 
 2  1  1  1  1  1  1  1  1  1  1  1  1  1  1  1  1  1  1  1  1 
 3  4  1  1  1  1  1  1  1  1  1  1  1  1  1  1  1  1  1  1  1 
 4  1  1  1 ## ##  1  1  1  1  1  1  1  1  1  1  1  1  1  1  1 
 5  1  1  1  1 ##  1  1  1  1  1  1  1  1  1  1  1  1  1  1  1 
 6  1  1  1  1  1  1  1  1  1  1  1  1  1  1  1  1  1  1  1  1 
 7  0  1  1  1  1  1  1  1  1  1  1  1  1  1  1  1  1  1  1  1 
 8  1  1  1  1  1  1  1  1  1  1  1  1  1  1  1  1  1  1  1  1 
 9  5  1  1  1  1  1  1  1  1  1  1  1  1  1  1  1  1  1  1  1 
10  1  3  1  1  1  1  1  1  1  1  1  1  1  1  1  1  1  1  1  1 
11  1  1  1  1  1  1  1  1  1  1  1  1  1  1  1  1  1  1  1  1 
12  1  1  1  1  1  1  1  1  1  1  1  1  1  1  1  1  1  1  1  1 
13  1  1  1  1  1  1  1  1  1  1  1  1  1  1  1  1  1  1  1  1 
14  1  1  1  1  1  1  1  1  1  1  1  1  1  1  1 ##  1  1  1  1 
15  1  1  1  1  1  1  1  1  1  1  1  1  1  1  1 ## ##  1  1  1 
16  1  1  1  1  1  1  1  1  1  1  1  1  1  1  1  1 ## ## ##  1 
17  1  1  1  1  1  1  1  1  1  1  1  1  1  1  1  1 ## ## ##  1 
18  1  1  1  1  1  1  1  1  1  1  1  1  1  1  1  1 ##  1 ##  1 
19  1  1  1  1  1  1  1  1  1  1  1  1  1  1  1  1  1  1 ##  1 


===== 回合 60 =====
当前行动棋子: ID=5, 玩家=2
Piece[ID=5] Archer | 队伍2 | 存活/等待
  位置: (0, 9) 高度: 0
  生命: 8/60 | 行动点: 1/1
  物理伤害: 16 | 魔法伤害: 0
  物理抗性: 8 | 魔法抗性: 0
  移动力: 27.5/27.5 | 攻击范围: 9
  属性: 力量5 敏捷15 智力10
  武器: 弓(类型3)
  技能槽: 1/1 | 法术范围: 0.0
  死亡回合: -1 | 队列索引: 0
[InputManager] 玩家2的输入方法为: 函数式输入
[InputManager] 开始处理玩家2的行动输入
[FunctionInput] Executing action handler for player 2
[FunctionInput] Action handler executed successfully
[InputManager] 玩家2的行动输入处理完成
envState:1
action: 移动: 是
  目标位置: (0, 13)
攻击: 是
  攻击详情:
    攻击者ID: 5
    目标ID: 0
    伤害值: 0
法术: 否
移动成功到 (0, 13)

当前棋盘:
    0  1  2  3  4  5  6  7  8  9 10 11 12 13 14 15 16 17 18 19 

 0  1  1  1  1  1  1  1  1  1  1  1  1  1  1  1  1  1  1  1  1 
 1  2  1  1  1  1  1  1  1  1  1  1  1  1  1  1  1  1  1  1  1 
 2  1  1  1  1  1  1  1  1  1  1  1  1  1  1  1  1  1  1  1  1 
 3  4  1  1  1  1  1  1  1  1  1  1  1  1  1  1  1  1  1  1  1 
 4  1  1  1 ## ##  1  1  1  1  1  1  1  1  1  1  1  1  1  1  1 
 5  1  1  1  1 ##  1  1  1  1  1  1  1  1  1  1  1  1  1  1  1 
 6  1  1  1  1  1  1  1  1  1  1  1  1  1  1  1  1  1  1  1  1 
 7  0  1  1  1  1  1  1  1  1  1  1  1  1  1  1  1  1  1  1  1 
 8  1  1  1  1  1  1  1  1  1  1  1  1  1  1  1  1  1  1  1  1 
 9  1  1  1  1  1  1  1  1  1  1  1  1  1  1  1  1  1  1  1  1 
10  1  3  1  1  1  1  1  1  1  1  1  1  1  1  1  1  1  1  1  1 
11  1  1  1  1  1  1  1  1  1  1  1  1  1  1  1  1  1  1  1  1 
12  1  1  1  1  1  1  1  1  1  1  1  1  1  1  1  1  1  1  1  1 
13  5  1  1  1  1  1  1  1  1  1  1  1  1  1  1  1  1  1  1  1 
14  1  1  1  1  1  1  1  1  1  1  1  1  1  1  1 ##  1  1  1  1 
15  1  1  1  1  1  1  1  1  1  1  1  1  1  1  1 ## ##  1  1  1 
16  1  1  1  1  1  1  1  1  1  1  1  1  1  1  1  1 ## ## ##  1 
17  1  1  1  1  1  1  1  1  1  1  1  1  1  1  1  1 ## ## ##  1 
18  1  1  1  1  1  1  1  1  1  1  1  1  1  1  1  1 ##  1 ##  1 
19  1  1  1  1  1  1  1  1  1  1  1  1  1  1  1  1  1  1 ##  1 


===== 回合 61 =====
当前行动棋子: ID=0, 玩家=1
Piece[ID=0] Archer | 队伍1 | 存活/等待
  位置: (0, 7) 高度: 0
  生命: 21/60 | 行动点: 1/1
  物理伤害: 16 | 魔法伤害: 0
  物理抗性: 8 | 魔法抗性: 0
  移动力: 27.5/27.5 | 攻击范围: 9
  属性: 力量5 敏捷15 智力10
  武器: 弓(类型3)
  技能槽: 1/1 | 法术范围: 0.0
  死亡回合: -1 | 队列索引: 0
[InputManager] 玩家1的输入方法为: 函数式输入
[InputManager] 开始处理玩家1的行动输入
[FunctionInput] Executing action handler for player 1
[FunctionInput] Action handler executed successfully
[InputManager] 玩家1的行动输入处理完成
envState:1
action: 移动: 是
  目标位置: (0, 5)
攻击: 是
  攻击详情:
    攻击者ID: 0
    目标ID: 3
    伤害值: 0
法术: 否
移动成功到 (0, 5)

当前棋盘:
    0  1  2  3  4  5  6  7  8  9 10 11 12 13 14 15 16 17 18 19 

 0  1  1  1  1  1  1  1  1  1  1  1  1  1  1  1  1  1  1  1  1 
 1  2  1  1  1  1  1  1  1  1  1  1  1  1  1  1  1  1  1  1  1 
 2  1  1  1  1  1  1  1  1  1  1  1  1  1  1  1  1  1  1  1  1 
 3  4  1  1  1  1  1  1  1  1  1  1  1  1  1  1  1  1  1  1  1 
 4  1  1  1 ## ##  1  1  1  1  1  1  1  1  1  1  1  1  1  1  1 
 5  0  1  1  1 ##  1  1  1  1  1  1  1  1  1  1  1  1  1  1  1 
 6  1  1  1  1  1  1  1  1  1  1  1  1  1  1  1  1  1  1  1  1 
 7  1  1  1  1  1  1  1  1  1  1  1  1  1  1  1  1  1  1  1  1 
 8  1  1  1  1  1  1  1  1  1  1  1  1  1  1  1  1  1  1  1  1 
 9  1  1  1  1  1  1  1  1  1  1  1  1  1  1  1  1  1  1  1  1 
10  1  3  1  1  1  1  1  1  1  1  1  1  1  1  1  1  1  1  1  1 
11  1  1  1  1  1  1  1  1  1  1  1  1  1  1  1  1  1  1  1  1 
12  1  1  1  1  1  1  1  1  1  1  1  1  1  1  1  1  1  1  1  1 
13  5  1  1  1  1  1  1  1  1  1  1  1  1  1  1  1  1  1  1  1 
14  1  1  1  1  1  1  1  1  1  1  1  1  1  1  1 ##  1  1  1  1 
15  1  1  1  1  1  1  1  1  1  1  1  1  1  1  1 ## ##  1  1  1 
16  1  1  1  1  1  1  1  1  1  1  1  1  1  1  1  1 ## ## ##  1 
17  1  1  1  1  1  1  1  1  1  1  1  1  1  1  1  1 ## ## ##  1 
18  1  1  1  1  1  1  1  1  1  1  1  1  1  1  1  1 ##  1 ##  1 
19  1  1  1  1  1  1  1  1  1  1  1  1  1  1  1  1  1  1 ##  1 


===== 回合 62 =====
当前行动棋子: ID=1, 玩家=1
Piece[ID=1] Archer | 队伍1 | 存活/等待
  位置: (1, 6) 高度: 0
  生命: 47/60 | 行动点: 1/1
  物理伤害: 16 | 魔法伤害: 0
  物理抗性: 8 | 魔法抗性: 0
  移动力: 27.5/27.5 | 攻击范围: 9
  属性: 力量5 敏捷15 智力10
  武器: 弓(类型3)
  技能槽: 1/1 | 法术范围: 0.0
  死亡回合: -1 | 队列索引: 0
[InputManager] 玩家1的输入方法为: 函数式输入
[InputManager] 开始处理玩家1的行动输入
[FunctionInput] Executing action handler for player 1
[FunctionInput] Action handler executed successfully
[InputManager] 玩家1的行动输入处理完成
envState:1
action: 移动: 是
  目标位置: (0, 15)
攻击: 是
  攻击详情:
    攻击者ID: 1
    目标ID: 3
    伤害值: 0
法术: 否
移动成功到 (0, 15)

当前棋盘:
    0  1  2  3  4  5  6  7  8  9 10 11 12 13 14 15 16 17 18 19 

 0  1  1  1  1  1  1  1  1  1  1  1  1  1  1  1  1  1  1  1  1 
 1  2  1  1  1  1  1  1  1  1  1  1  1  1  1  1  1  1  1  1  1 
 2  1  1  1  1  1  1  1  1  1  1  1  1  1  1  1  1  1  1  1  1 
 3  4  1  1  1  1  1  1  1  1  1  1  1  1  1  1  1  1  1  1  1 
 4  1  1  1 ## ##  1  1  1  1  1  1  1  1  1  1  1  1  1  1  1 
 5  0  1  1  1 ##  1  1  1  1  1  1  1  1  1  1  1  1  1  1  1 
 6  1  1  1  1  1  1  1  1  1  1  1  1  1  1  1  1  1  1  1  1 
 7  1  1  1  1  1  1  1  1  1  1  1  1  1  1  1  1  1  1  1  1 
 8  1  1  1  1  1  1  1  1  1  1  1  1  1  1  1  1  1  1  1  1 
 9  1  1  1  1  1  1  1  1  1  1  1  1  1  1  1  1  1  1  1  1 
10  1  3  1  1  1  1  1  1  1  1  1  1  1  1  1  1  1  1  1  1 
11  1  1  1  1  1  1  1  1  1  1  1  1  1  1  1  1  1  1  1  1 
12  1  1  1  1  1  1  1  1  1  1  1  1  1  1  1  1  1  1  1  1 
13  5  1  1  1  1  1  1  1  1  1  1  1  1  1  1  1  1  1  1  1 
14  1  1  1  1  1  1  1  1  1  1  1  1  1  1  1 ##  1  1  1  1 
15  1  1  1  1  1  1  1  1  1  1  1  1  1  1  1 ## ##  1  1  1 
16  1  1  1  1  1  1  1  1  1  1  1  1  1  1  1  1 ## ## ##  1 
17  1  1  1  1  1  1  1  1  1  1  1  1  1  1  1  1 ## ## ##  1 
18  1  1  1  1  1  1  1  1  1  1  1  1  1  1  1  1 ##  1 ##  1 
19  1  1  1  1  1  1  1  1  1  1  1  1  1  1  1  1  1  1 ##  1 


===== 回合 63 =====
当前行动棋子: ID=2, 玩家=2
Piece[ID=2] Archer | 队伍2 | 存活/等待
  位置: (0, 1) 高度: 0
  生命: 34/60 | 行动点: 1/1
  物理伤害: 16 | 魔法伤害: 0
  物理抗性: 8 | 魔法抗性: 0
  移动力: 27.5/27.5 | 攻击范围: 9
  属性: 力量5 敏捷15 智力10
  武器: 弓(类型3)
  技能槽: 1/1 | 法术范围: 0.0
  死亡回合: -1 | 队列索引: 0
[InputManager] 玩家2的输入方法为: 函数式输入
[InputManager] 开始处理玩家2的行动输入
[FunctionInput] Executing action handler for player 2
[FunctionInput] Action handler executed successfully
[InputManager] 玩家2的行动输入处理完成
envState:1
action: 移动: 是
  目标位置: (0, 9)
攻击: 是
  攻击详情:
    攻击者ID: 2
    目标ID: 4
    伤害值: 0
法术: 否
移动成功到 (0, 9)

当前棋盘:
    0  1  2  3  4  5  6  7  8  9 10 11 12 13 14 15 16 17 18 19 

 0  1  1  1  1  1  1  1  1  1  1  1  1  1  1  1  1  1  1  1  1 
 1  1  1  1  1  1  1  1  1  1  1  1  1  1  1  1  1  1  1  1  1 
 2  1  1  1  1  1  1  1  1  1  1  1  1  1  1  1  1  1  1  1  1 
 3  4  1  1  1  1  1  1  1  1  1  1  1  1  1  1  1  1  1  1  1 
 4  1  1  1 ## ##  1  1  1  1  1  1  1  1  1  1  1  1  1  1  1 
 5  0  1  1  1 ##  1  1  1  1  1  1  1  1  1  1  1  1  1  1  1 
 6  1  1  1  1  1  1  1  1  1  1  1  1  1  1  1  1  1  1  1  1 
 7  1  1  1  1  1  1  1  1  1  1  1  1  1  1  1  1  1  1  1  1 
 8  1  1  1  1  1  1  1  1  1  1  1  1  1  1  1  1  1  1  1  1 
 9  2  1  1  1  1  1  1  1  1  1  1  1  1  1  1  1  1  1  1  1 
10  1  3  1  1  1  1  1  1  1  1  1  1  1  1  1  1  1  1  1  1 
11  1  1  1  1  1  1  1  1  1  1  1  1  1  1  1  1  1  1  1  1 
12  1  1  1  1  1  1  1  1  1  1  1  1  1  1  1  1  1  1  1  1 
13  5  1  1  1  1  1  1  1  1  1  1  1  1  1  1  1  1  1  1  1 
14  1  1  1  1  1  1  1  1  1  1  1  1  1  1  1 ##  1  1  1  1 
15  1  1  1  1  1  1  1  1  1  1  1  1  1  1  1 ## ##  1  1  1 
16  1  1  1  1  1  1  1  1  1  1  1  1  1  1  1  1 ## ## ##  1 
17  1  1  1  1  1  1  1  1  1  1  1  1  1  1  1  1 ## ## ##  1 
18  1  1  1  1  1  1  1  1  1  1  1  1  1  1  1  1 ##  1 ##  1 
19  1  1  1  1  1  1  1  1  1  1  1  1  1  1  1  1  1  1 ##  1 


===== 回合 64 =====
当前行动棋子: ID=3, 玩家=2
Piece[ID=3] Archer | 队伍2 | 存活/等待
  位置: (1, 10) 高度: 1
  生命: 47/60 | 行动点: 1/1
  物理伤害: 16 | 魔法伤害: 0
  物理抗性: 8 | 魔法抗性: 0
  移动力: 27.5/27.5 | 攻击范围: 9
  属性: 力量5 敏捷15 智力10
  武器: 弓(类型3)
  技能槽: 1/1 | 法术范围: 0.0
  死亡回合: -1 | 队列索引: 0
[InputManager] 玩家2的输入方法为: 函数式输入
[InputManager] 开始处理玩家2的行动输入
[FunctionInput] Executing action handler for player 2
[FunctionInput] Action handler executed successfully
[InputManager] 玩家2的行动输入处理完成
envState:1
action: 移动: 是
  目标位置: (0, 11)
攻击: 是
  攻击详情:
    攻击者ID: 3
    目标ID: 0
    伤害值: 0
法术: 否
移动成功到 (0, 11)

当前棋盘:
    0  1  2  3  4  5  6  7  8  9 10 11 12 13 14 15 16 17 18 19 

 0  1  1  1  1  1  1  1  1  1  1  1  1  1  1  1  1  1  1  1  1 
 1  1  1  1  1  1  1  1  1  1  1  1  1  1  1  1  1  1  1  1  1 
 2  1  1  1  1  1  1  1  1  1  1  1  1  1  1  1  1  1  1  1  1 
 3  4  1  1  1  1  1  1  1  1  1  1  1  1  1  1  1  1  1  1  1 
 4  1  1  1 ## ##  1  1  1  1  1  1  1  1  1  1  1  1  1  1  1 
 5  0  1  1  1 ##  1  1  1  1  1  1  1  1  1  1  1  1  1  1  1 
 6  1  1  1  1  1  1  1  1  1  1  1  1  1  1  1  1  1  1  1  1 
 7  1  1  1  1  1  1  1  1  1  1  1  1  1  1  1  1  1  1  1  1 
 8  1  1  1  1  1  1  1  1  1  1  1  1  1  1  1  1  1  1  1  1 
 9  2  1  1  1  1  1  1  1  1  1  1  1  1  1  1  1  1  1  1  1 
10  1  1  1  1  1  1  1  1  1  1  1  1  1  1  1  1  1  1  1  1 
11  3  1  1  1  1  1  1  1  1  1  1  1  1  1  1  1  1  1  1  1 
12  1  1  1  1  1  1  1  1  1  1  1  1  1  1  1  1  1  1  1  1 
13  5  1  1  1  1  1  1  1  1  1  1  1  1  1  1  1  1  1  1  1 
14  1  1  1  1  1  1  1  1  1  1  1  1  1  1  1 ##  1  1  1  1 
15  1  1  1  1  1  1  1  1  1  1  1  1  1  1  1 ## ##  1  1  1 
16  1  1  1  1  1  1  1  1  1  1  1  1  1  1  1  1 ## ## ##  1 
17  1  1  1  1  1  1  1  1  1  1  1  1  1  1  1  1 ## ## ##  1 
18  1  1  1  1  1  1  1  1  1  1  1  1  1  1  1  1 ##  1 ##  1 
19  1  1  1  1  1  1  1  1  1  1  1  1  1  1  1  1  1  1 ##  1 


===== 回合 65 =====
当前行动棋子: ID=4, 玩家=1
Piece[ID=4] Archer | 队伍1 | 存活/等待
  位置: (0, 3) 高度: 0
  生命: 34/60 | 行动点: 1/1
  物理伤害: 16 | 魔法伤害: 0
  物理抗性: 8 | 魔法抗性: 0
  移动力: 27.5/27.5 | 攻击范围: 9
  属性: 力量5 敏捷15 智力10
  武器: 弓(类型3)
  技能槽: 1/1 | 法术范围: 0.0
  死亡回合: -1 | 队列索引: 0
[InputManager] 玩家1的输入方法为: 函数式输入
[InputManager] 开始处理玩家1的行动输入
[FunctionInput] Executing action handler for player 1
[FunctionInput] Action handler executed successfully
[InputManager] 玩家1的行动输入处理完成
envState:1
action: 移动: 是
  目标位置: (0, 3)
攻击: 是
  攻击详情:
    攻击者ID: 4
    目标ID: 2
    伤害值: 0
法术: 否
目标位置(0, 3)被占据
移动失败
[Attack] Auto hit - no roll needed.
[Attack] Dealing 21 damage to target.
对棋子2造成21点伤害

当前棋盘:
    0  1  2  3  4  5  6  7  8  9 10 11 12 13 14 15 16 17 18 19 

 0  1  1  1  1  1  1  1  1  1  1  1  1  1  1  1  1  1  1  1  1 
 1  1  1  1  1  1  1  1  1  1  1  1  1  1  1  1  1  1  1  1  1 
 2  1  1  1  1  1  1  1  1  1  1  1  1  1  1  1  1  1  1  1  1 
 3  4  1  1  1  1  1  1  1  1  1  1  1  1  1  1  1  1  1  1  1 
 4  1  1  1 ## ##  1  1  1  1  1  1  1  1  1  1  1  1  1  1  1 
 5  0  1  1  1 ##  1  1  1  1  1  1  1  1  1  1  1  1  1  1  1 
 6  1  1  1  1  1  1  1  1  1  1  1  1  1  1  1  1  1  1  1  1 
 7  1  1  1  1  1  1  1  1  1  1  1  1  1  1  1  1  1  1  1  1 
 8  1  1  1  1  1  1  1  1  1  1  1  1  1  1  1  1  1  1  1  1 
 9  2  1  1  1  1  1  1  1  1  1  1  1  1  1  1  1  1  1  1  1 
10  1  1  1  1  1  1  1  1  1  1  1  1  1  1  1  1  1  1  1  1 
11  3  1  1  1  1  1  1  1  1  1  1  1  1  1  1  1  1  1  1  1 
12  1  1  1  1  1  1  1  1  1  1  1  1  1  1  1  1  1  1  1  1 
13  5  1  1  1  1  1  1  1  1  1  1  1  1  1  1  1  1  1  1  1 
14  1  1  1  1  1  1  1  1  1  1  1  1  1  1  1 ##  1  1  1  1 
15  1  1  1  1  1  1  1  1  1  1  1  1  1  1  1 ## ##  1  1  1 
16  1  1  1  1  1  1  1  1  1  1  1  1  1  1  1  1 ## ## ##  1 
17  1  1  1  1  1  1  1  1  1  1  1  1  1  1  1  1 ## ## ##  1 
18  1  1  1  1  1  1  1  1  1  1  1  1  1  1  1  1 ##  1 ##  1 
19  1  1  1  1  1  1  1  1  1  1  1  1  1  1  1  1  1  1 ##  1 


===== 回合 66 =====
当前行动棋子: ID=5, 玩家=2
Piece[ID=5] Archer | 队伍2 | 存活/等待
  位置: (0, 13) 高度: 0
  生命: 8/60 | 行动点: 1/1
  物理伤害: 16 | 魔法伤害: 0
  物理抗性: 8 | 魔法抗性: 0
  移动力: 27.5/27.5 | 攻击范围: 9
  属性: 力量5 敏捷15 智力10
  武器: 弓(类型3)
  技能槽: 1/1 | 法术范围: 0.0
  死亡回合: -1 | 队列索引: 0
[InputManager] 玩家2的输入方法为: 函数式输入
[InputManager] 开始处理玩家2的行动输入
[FunctionInput] Executing action handler for player 2
[FunctionInput] Action handler executed successfully
[InputManager] 玩家2的行动输入处理完成
envState:1
action: 移动: 是
  目标位置: (1, 10)
攻击: 是
  攻击详情:
    攻击者ID: 5
    目标ID: 1
    伤害值: 0
法术: 否
移动成功到 (1, 10)

当前棋盘:
    0  1  2  3  4  5  6  7  8  9 10 11 12 13 14 15 16 17 18 19 

 0  1  1  1  1  1  1  1  1  1  1  1  1  1  1  1  1  1  1  1  1 
 1  1  1  1  1  1  1  1  1  1  1  1  1  1  1  1  1  1  1  1  1 
 2  1  1  1  1  1  1  1  1  1  1  1  1  1  1  1  1  1  1  1  1 
 3  4  1  1  1  1  1  1  1  1  1  1  1  1  1  1  1  1  1  1  1 
 4  1  1  1 ## ##  1  1  1  1  1  1  1  1  1  1  1  1  1  1  1 
 5  0  1  1  1 ##  1  1  1  1  1  1  1  1  1  1  1  1  1  1  1 
 6  1  1  1  1  1  1  1  1  1  1  1  1  1  1  1  1  1  1  1  1 
 7  1  1  1  1  1  1  1  1  1  1  1  1  1  1  1  1  1  1  1  1 
 8  1  1  1  1  1  1  1  1  1  1  1  1  1  1  1  1  1  1  1  1 
 9  2  1  1  1  1  1  1  1  1  1  1  1  1  1  1  1  1  1  1  1 
10  1  5  1  1  1  1  1  1  1  1  1  1  1  1  1  1  1  1  1  1 
11  3  1  1  1  1  1  1  1  1  1  1  1  1  1  1  1  1  1  1  1 
12  1  1  1  1  1  1  1  1  1  1  1  1  1  1  1  1  1  1  1  1 
13  1  1  1  1  1  1  1  1  1  1  1  1  1  1  1  1  1  1  1  1 
14  1  1  1  1  1  1  1  1  1  1  1  1  1  1  1 ##  1  1  1  1 
15  1  1  1  1  1  1  1  1  1  1  1  1  1  1  1 ## ##  1  1  1 
16  1  1  1  1  1  1  1  1  1  1  1  1  1  1  1  1 ## ## ##  1 
17  1  1  1  1  1  1  1  1  1  1  1  1  1  1  1  1 ## ## ##  1 
18  1  1  1  1  1  1  1  1  1  1  1  1  1  1  1  1 ##  1 ##  1 
19  1  1  1  1  1  1  1  1  1  1  1  1  1  1  1  1  1  1 ##  1 


===== 回合 67 =====
当前行动棋子: ID=0, 玩家=1
Piece[ID=0] Archer | 队伍1 | 存活/等待
  位置: (0, 5) 高度: 0
  生命: 21/60 | 行动点: 1/1
  物理伤害: 16 | 魔法伤害: 0
  物理抗性: 8 | 魔法抗性: 0
  移动力: 27.5/27.5 | 攻击范围: 9
  属性: 力量5 敏捷15 智力10
  武器: 弓(类型3)
  技能槽: 1/1 | 法术范围: 0.0
  死亡回合: -1 | 队列索引: 0
[InputManager] 玩家1的输入方法为: 函数式输入
[InputManager] 开始处理玩家1的行动输入
[FunctionInput] Executing action handler for player 1
[FunctionInput] Action handler executed successfully
[InputManager] 玩家1的行动输入处理完成
envState:1
action: 移动: 是
  目标位置: (1, 4)
攻击: 是
  攻击详情:
    攻击者ID: 0
    目标ID: 2
    伤害值: 0
法术: 否
移动成功到 (1, 4)

当前棋盘:
    0  1  2  3  4  5  6  7  8  9 10 11 12 13 14 15 16 17 18 19 

 0  1  1  1  1  1  1  1  1  1  1  1  1  1  1  1  1  1  1  1  1 
 1  1  1  1  1  1  1  1  1  1  1  1  1  1  1  1  1  1  1  1  1 
 2  1  1  1  1  1  1  1  1  1  1  1  1  1  1  1  1  1  1  1  1 
 3  4  1  1  1  1  1  1  1  1  1  1  1  1  1  1  1  1  1  1  1 
 4  1  0  1 ## ##  1  1  1  1  1  1  1  1  1  1  1  1  1  1  1 
 5  1  1  1  1 ##  1  1  1  1  1  1  1  1  1  1  1  1  1  1  1 
 6  1  1  1  1  1  1  1  1  1  1  1  1  1  1  1  1  1  1  1  1 
 7  1  1  1  1  1  1  1  1  1  1  1  1  1  1  1  1  1  1  1  1 
 8  1  1  1  1  1  1  1  1  1  1  1  1  1  1  1  1  1  1  1  1 
 9  2  1  1  1  1  1  1  1  1  1  1  1  1  1  1  1  1  1  1  1 
10  1  5  1  1  1  1  1  1  1  1  1  1  1  1  1  1  1  1  1  1 
11  3  1  1  1  1  1  1  1  1  1  1  1  1  1  1  1  1  1  1  1 
12  1  1  1  1  1  1  1  1  1  1  1  1  1  1  1  1  1  1  1  1 
13  1  1  1  1  1  1  1  1  1  1  1  1  1  1  1  1  1  1  1  1 
14  1  1  1  1  1  1  1  1  1  1  1  1  1  1  1 ##  1  1  1  1 
15  1  1  1  1  1  1  1  1  1  1  1  1  1  1  1 ## ##  1  1  1 
16  1  1  1  1  1  1  1  1  1  1  1  1  1  1  1  1 ## ## ##  1 
17  1  1  1  1  1  1  1  1  1  1  1  1  1  1  1  1 ## ## ##  1 
18  1  1  1  1  1  1  1  1  1  1  1  1  1  1  1  1 ##  1 ##  1 
19  1  1  1  1  1  1  1  1  1  1  1  1  1  1  1  1  1  1 ##  1 


===== 回合 68 =====
当前行动棋子: ID=1, 玩家=1
Piece[ID=1] Archer | 队伍1 | 存活/等待
  位置: (0, 15) 高度: 0
  生命: 47/60 | 行动点: 1/1
  物理伤害: 16 | 魔法伤害: 0
  物理抗性: 8 | 魔法抗性: 0
  移动力: 27.5/27.5 | 攻击范围: 9
  属性: 力量5 敏捷15 智力10
  武器: 弓(类型3)
  技能槽: 1/1 | 法术范围: 0.0
  死亡回合: -1 | 队列索引: 0
[InputManager] 玩家1的输入方法为: 函数式输入
[InputManager] 开始处理玩家1的行动输入
[FunctionInput] Executing action handler for player 1
[FunctionInput] Action handler executed successfully
[InputManager] 玩家1的行动输入处理完成
envState:1
action: 移动: 是
  目标位置: (0, 5)
攻击: 是
  攻击详情:
    攻击者ID: 1
    目标ID: 3
    伤害值: 0
法术: 否
移动成功到 (0, 5)

当前棋盘:
    0  1  2  3  4  5  6  7  8  9 10 11 12 13 14 15 16 17 18 19 

 0  1  1  1  1  1  1  1  1  1  1  1  1  1  1  1  1  1  1  1  1 
 1  1  1  1  1  1  1  1  1  1  1  1  1  1  1  1  1  1  1  1  1 
 2  1  1  1  1  1  1  1  1  1  1  1  1  1  1  1  1  1  1  1  1 
 3  4  1  1  1  1  1  1  1  1  1  1  1  1  1  1  1  1  1  1  1 
 4  1  0  1 ## ##  1  1  1  1  1  1  1  1  1  1  1  1  1  1  1 
 5  1  1  1  1 ##  1  1  1  1  1  1  1  1  1  1  1  1  1  1  1 
 6  1  1  1  1  1  1  1  1  1  1  1  1  1  1  1  1  1  1  1  1 
 7  1  1  1  1  1  1  1  1  1  1  1  1  1  1  1  1  1  1  1  1 
 8  1  1  1  1  1  1  1  1  1  1  1  1  1  1  1  1  1  1  1  1 
 9  2  1  1  1  1  1  1  1  1  1  1  1  1  1  1  1  1  1  1  1 
10  1  5  1  1  1  1  1  1  1  1  1  1  1  1  1  1  1  1  1  1 
11  3  1  1  1  1  1  1  1  1  1  1  1  1  1  1  1  1  1  1  1 
12  1  1  1  1  1  1  1  1  1  1  1  1  1  1  1  1  1  1  1  1 
13  1  1  1  1  1  1  1  1  1  1  1  1  1  1  1  1  1  1  1  1 
14  1  1  1  1  1  1  1  1  1  1  1  1  1  1  1 ##  1  1  1  1 
15  1  1  1  1  1  1  1  1  1  1  1  1  1  1  1 ## ##  1  1  1 
16  1  1  1  1  1  1  1  1  1  1  1  1  1  1  1  1 ## ## ##  1 
17  1  1  1  1  1  1  1  1  1  1  1  1  1  1  1  1 ## ## ##  1 
18  1  1  1  1  1  1  1  1  1  1  1  1  1  1  1  1 ##  1 ##  1 
19  1  1  1  1  1  1  1  1  1  1  1  1  1  1  1  1  1  1 ##  1 


===== 回合 69 =====
当前行动棋子: ID=2, 玩家=2
Piece[ID=2] Archer | 队伍2 | 存活/等待
  位置: (0, 9) 高度: 0
  生命: 21/60 | 行动点: 1/1
  物理伤害: 16 | 魔法伤害: 0
  物理抗性: 8 | 魔法抗性: 0
  移动力: 27.5/27.5 | 攻击范围: 9
  属性: 力量5 敏捷15 智力10
  武器: 弓(类型3)
  技能槽: 1/1 | 法术范围: 0.0
  死亡回合: -1 | 队列索引: 0
[InputManager] 玩家2的输入方法为: 函数式输入
[InputManager] 开始处理玩家2的行动输入
[FunctionInput] Executing action handler for player 2
[FunctionInput] Action handler executed successfully
[InputManager] 玩家2的行动输入处理完成
envState:1
action: 移动: 是
  目标位置: (1, 0)
攻击: 是
  攻击详情:
    攻击者ID: 2
    目标ID: 1
    伤害值: 0
法术: 否
移动成功到 (1, 0)

当前棋盘:
    0  1  2  3  4  5  6  7  8  9 10 11 12 13 14 15 16 17 18 19 

 0  1  2  1  1  1  1  1  1  1  1  1  1  1  1  1  1  1  1  1  1 
 1  1  1  1  1  1  1  1  1  1  1  1  1  1  1  1  1  1  1  1  1 
 2  1  1  1  1  1  1  1  1  1  1  1  1  1  1  1  1  1  1  1  1 
 3  4  1  1  1  1  1  1  1  1  1  1  1  1  1  1  1  1  1  1  1 
 4  1  0  1 ## ##  1  1  1  1  1  1  1  1  1  1  1  1  1  1  1 
 5  1  1  1  1 ##  1  1  1  1  1  1  1  1  1  1  1  1  1  1  1 
 6  1  1  1  1  1  1  1  1  1  1  1  1  1  1  1  1  1  1  1  1 
 7  1  1  1  1  1  1  1  1  1  1  1  1  1  1  1  1  1  1  1  1 
 8  1  1  1  1  1  1  1  1  1  1  1  1  1  1  1  1  1  1  1  1 
 9  1  1  1  1  1  1  1  1  1  1  1  1  1  1  1  1  1  1  1  1 
10  1  5  1  1  1  1  1  1  1  1  1  1  1  1  1  1  1  1  1  1 
11  3  1  1  1  1  1  1  1  1  1  1  1  1  1  1  1  1  1  1  1 
12  1  1  1  1  1  1  1  1  1  1  1  1  1  1  1  1  1  1  1  1 
13  1  1  1  1  1  1  1  1  1  1  1  1  1  1  1  1  1  1  1  1 
14  1  1  1  1  1  1  1  1  1  1  1  1  1  1  1 ##  1  1  1  1 
15  1  1  1  1  1  1  1  1  1  1  1  1  1  1  1 ## ##  1  1  1 
16  1  1  1  1  1  1  1  1  1  1  1  1  1  1  1  1 ## ## ##  1 
17  1  1  1  1  1  1  1  1  1  1  1  1  1  1  1  1 ## ## ##  1 
18  1  1  1  1  1  1  1  1  1  1  1  1  1  1  1  1 ##  1 ##  1 
19  1  1  1  1  1  1  1  1  1  1  1  1  1  1  1  1  1  1 ##  1 


===== 回合 70 =====
当前行动棋子: ID=3, 玩家=2
Piece[ID=3] Archer | 队伍2 | 存活/等待
  位置: (0, 11) 高度: 0
  生命: 47/60 | 行动点: 1/1
  物理伤害: 16 | 魔法伤害: 0
  物理抗性: 8 | 魔法抗性: 0
  移动力: 27.5/27.5 | 攻击范围: 9
  属性: 力量5 敏捷15 智力10
  武器: 弓(类型3)
  技能槽: 1/1 | 法术范围: 0.0
  死亡回合: -1 | 队列索引: 0
[InputManager] 玩家2的输入方法为: 函数式输入
[InputManager] 开始处理玩家2的行动输入
[FunctionInput] Executing action handler for player 2
[FunctionInput] Action handler executed successfully
[InputManager] 玩家2的行动输入处理完成
envState:1
action: 移动: 是
  目标位置: (0, 11)
攻击: 是
  攻击详情:
    攻击者ID: 3
    目标ID: 1
    伤害值: 0
法术: 否
目标位置(0, 11)被占据
移动失败
[Attack] Auto hit - no roll needed.
[Attack] Dealing 21 damage to target.
对棋子1造成21点伤害

当前棋盘:
    0  1  2  3  4  5  6  7  8  9 10 11 12 13 14 15 16 17 18 19 

 0  1  2  1  1  1  1  1  1  1  1  1  1  1  1  1  1  1  1  1  1 
 1  1  1  1  1  1  1  1  1  1  1  1  1  1  1  1  1  1  1  1  1 
 2  1  1  1  1  1  1  1  1  1  1  1  1  1  1  1  1  1  1  1  1 
 3  4  1  1  1  1  1  1  1  1  1  1  1  1  1  1  1  1  1  1  1 
 4  1  0  1 ## ##  1  1  1  1  1  1  1  1  1  1  1  1  1  1  1 
 5  1  1  1  1 ##  1  1  1  1  1  1  1  1  1  1  1  1  1  1  1 
 6  1  1  1  1  1  1  1  1  1  1  1  1  1  1  1  1  1  1  1  1 
 7  1  1  1  1  1  1  1  1  1  1  1  1  1  1  1  1  1  1  1  1 
 8  1  1  1  1  1  1  1  1  1  1  1  1  1  1  1  1  1  1  1  1 
 9  1  1  1  1  1  1  1  1  1  1  1  1  1  1  1  1  1  1  1  1 
10  1  5  1  1  1  1  1  1  1  1  1  1  1  1  1  1  1  1  1  1 
11  3  1  1  1  1  1  1  1  1  1  1  1  1  1  1  1  1  1  1  1 
12  1  1  1  1  1  1  1  1  1  1  1  1  1  1  1  1  1  1  1  1 
13  1  1  1  1  1  1  1  1  1  1  1  1  1  1  1  1  1  1  1  1 
14  1  1  1  1  1  1  1  1  1  1  1  1  1  1  1 ##  1  1  1  1 
15  1  1  1  1  1  1  1  1  1  1  1  1  1  1  1 ## ##  1  1  1 
16  1  1  1  1  1  1  1  1  1  1  1  1  1  1  1  1 ## ## ##  1 
17  1  1  1  1  1  1  1  1  1  1  1  1  1  1  1  1 ## ## ##  1 
18  1  1  1  1  1  1  1  1  1  1  1  1  1  1  1  1 ##  1 ##  1 
19  1  1  1  1  1  1  1  1  1  1  1  1  1  1  1  1  1  1 ##  1 


===== 回合 71 =====
当前行动棋子: ID=4, 玩家=1
Piece[ID=4] Archer | 队伍1 | 存活/等待
  位置: (0, 3) 高度: 0
  生命: 34/60 | 行动点: 1/1
  物理伤害: 16 | 魔法伤害: 0
  物理抗性: 8 | 魔法抗性: 0
  移动力: 27.5/27.5 | 攻击范围: 9
  属性: 力量5 敏捷15 智力10
  武器: 弓(类型3)
  技能槽: 1/1 | 法术范围: 0.0
  死亡回合: -1 | 队列索引: 0
[InputManager] 玩家1的输入方法为: 函数式输入
[InputManager] 开始处理玩家1的行动输入
[FunctionInput] Executing action handler for player 1
[FunctionInput] Action handler executed successfully
[InputManager] 玩家1的行动输入处理完成
envState:1
action: 移动: 是
  目标位置: (1, 6)
攻击: 是
  攻击详情:
    攻击者ID: 4
    目标ID: 2
    伤害值: 0
法术: 否
移动成功到 (1, 6)

当前棋盘:
    0  1  2  3  4  5  6  7  8  9 10 11 12 13 14 15 16 17 18 19 

 0  1  2  1  1  1  1  1  1  1  1  1  1  1  1  1  1  1  1  1  1 
 1  1  1  1  1  1  1  1  1  1  1  1  1  1  1  1  1  1  1  1  1 
 2  1  1  1  1  1  1  1  1  1  1  1  1  1  1  1  1  1  1  1  1 
 3  1  1  1  1  1  1  1  1  1  1  1  1  1  1  1  1  1  1  1  1 
 4  1  0  1 ## ##  1  1  1  1  1  1  1  1  1  1  1  1  1  1  1 
 5  1  1  1  1 ##  1  1  1  1  1  1  1  1  1  1  1  1  1  1  1 
 6  1  4  1  1  1  1  1  1  1  1  1  1  1  1  1  1  1  1  1  1 
 7  1  1  1  1  1  1  1  1  1  1  1  1  1  1  1  1  1  1  1  1 
 8  1  1  1  1  1  1  1  1  1  1  1  1  1  1  1  1  1  1  1  1 
 9  1  1  1  1  1  1  1  1  1  1  1  1  1  1  1  1  1  1  1  1 
10  1  5  1  1  1  1  1  1  1  1  1  1  1  1  1  1  1  1  1  1 
11  3  1  1  1  1  1  1  1  1  1  1  1  1  1  1  1  1  1  1  1 
12  1  1  1  1  1  1  1  1  1  1  1  1  1  1  1  1  1  1  1  1 
13  1  1  1  1  1  1  1  1  1  1  1  1  1  1  1  1  1  1  1  1 
14  1  1  1  1  1  1  1  1  1  1  1  1  1  1  1 ##  1  1  1  1 
15  1  1  1  1  1  1  1  1  1  1  1  1  1  1  1 ## ##  1  1  1 
16  1  1  1  1  1  1  1  1  1  1  1  1  1  1  1  1 ## ## ##  1 
17  1  1  1  1  1  1  1  1  1  1  1  1  1  1  1  1 ## ## ##  1 
18  1  1  1  1  1  1  1  1  1  1  1  1  1  1  1  1 ##  1 ##  1 
19  1  1  1  1  1  1  1  1  1  1  1  1  1  1  1  1  1  1 ##  1 


===== 回合 72 =====
当前行动棋子: ID=5, 玩家=2
Piece[ID=5] Archer | 队伍2 | 存活/等待
  位置: (1, 10) 高度: 1
  生命: 8/60 | 行动点: 1/1
  物理伤害: 16 | 魔法伤害: 0
  物理抗性: 8 | 魔法抗性: 0
  移动力: 27.5/27.5 | 攻击范围: 9
  属性: 力量5 敏捷15 智力10
  武器: 弓(类型3)
  技能槽: 1/1 | 法术范围: 0.0
  死亡回合: -1 | 队列索引: 0
[InputManager] 玩家2的输入方法为: 函数式输入
[InputManager] 开始处理玩家2的行动输入
[FunctionInput] Executing action handler for player 2
[FunctionInput] Action handler executed successfully
[InputManager] 玩家2的行动输入处理完成
envState:1
action: 移动: 是
  目标位置: (0, 1)
攻击: 是
  攻击详情:
    攻击者ID: 5
    目标ID: 4
    伤害值: 0
法术: 否
移动成功到 (0, 1)

当前棋盘:
    0  1  2  3  4  5  6  7  8  9 10 11 12 13 14 15 16 17 18 19 

 0  1  2  1  1  1  1  1  1  1  1  1  1  1  1  1  1  1  1  1  1 
 1  5  1  1  1  1  1  1  1  1  1  1  1  1  1  1  1  1  1  1  1 
 2  1  1  1  1  1  1  1  1  1  1  1  1  1  1  1  1  1  1  1  1 
 3  1  1  1  1  1  1  1  1  1  1  1  1  1  1  1  1  1  1  1  1 
 4  1  0  1 ## ##  1  1  1  1  1  1  1  1  1  1  1  1  1  1  1 
 5  1  1  1  1 ##  1  1  1  1  1  1  1  1  1  1  1  1  1  1  1 
 6  1  4  1  1  1  1  1  1  1  1  1  1  1  1  1  1  1  1  1  1 
 7  1  1  1  1  1  1  1  1  1  1  1  1  1  1  1  1  1  1  1  1 
 8  1  1  1  1  1  1  1  1  1  1  1  1  1  1  1  1  1  1  1  1 
 9  1  1  1  1  1  1  1  1  1  1  1  1  1  1  1  1  1  1  1  1 
10  1  1  1  1  1  1  1  1  1  1  1  1  1  1  1  1  1  1  1  1 
11  3  1  1  1  1  1  1  1  1  1  1  1  1  1  1  1  1  1  1  1 
12  1  1  1  1  1  1  1  1  1  1  1  1  1  1  1  1  1  1  1  1 
13  1  1  1  1  1  1  1  1  1  1  1  1  1  1  1  1  1  1  1  1 
14  1  1  1  1  1  1  1  1  1  1  1  1  1  1  1 ##  1  1  1  1 
15  1  1  1  1  1  1  1  1  1  1  1  1  1  1  1 ## ##  1  1  1 
16  1  1  1  1  1  1  1  1  1  1  1  1  1  1  1  1 ## ## ##  1 
17  1  1  1  1  1  1  1  1  1  1  1  1  1  1  1  1 ## ## ##  1 
18  1  1  1  1  1  1  1  1  1  1  1  1  1  1  1  1 ##  1 ##  1 
19  1  1  1  1  1  1  1  1  1  1  1  1  1  1  1  1  1  1 ##  1 


===== 回合 73 =====
当前行动棋子: ID=0, 玩家=1
Piece[ID=0] Archer | 队伍1 | 存活/等待
  位置: (1, 4) 高度: 0
  生命: 21/60 | 行动点: 1/1
  物理伤害: 16 | 魔法伤害: 0
  物理抗性: 8 | 魔法抗性: 0
  移动力: 27.5/27.5 | 攻击范围: 9
  属性: 力量5 敏捷15 智力10
  武器: 弓(类型3)
  技能槽: 1/1 | 法术范围: 0.0
  死亡回合: -1 | 队列索引: 0
[InputManager] 玩家1的输入方法为: 函数式输入
[InputManager] 开始处理玩家1的行动输入
[FunctionInput] Executing action handler for player 1
[FunctionInput] Action handler executed successfully
[InputManager] 玩家1的行动输入处理完成
envState:1
action: 移动: 是
  目标位置: (2, 5)
攻击: 是
  攻击详情:
    攻击者ID: 0
    目标ID: 2
    伤害值: 0
法术: 否
移动成功到 (2, 5)

当前棋盘:
    0  1  2  3  4  5  6  7  8  9 10 11 12 13 14 15 16 17 18 19 

 0  1  2  1  1  1  1  1  1  1  1  1  1  1  1  1  1  1  1  1  1 
 1  5  1  1  1  1  1  1  1  1  1  1  1  1  1  1  1  1  1  1  1 
 2  1  1  1  1  1  1  1  1  1  1  1  1  1  1  1  1  1  1  1  1 
 3  1  1  1  1  1  1  1  1  1  1  1  1  1  1  1  1  1  1  1  1 
 4  1  1  1 ## ##  1  1  1  1  1  1  1  1  1  1  1  1  1  1  1 
 5  1  1  0  1 ##  1  1  1  1  1  1  1  1  1  1  1  1  1  1  1 
 6  1  4  1  1  1  1  1  1  1  1  1  1  1  1  1  1  1  1  1  1 
 7  1  1  1  1  1  1  1  1  1  1  1  1  1  1  1  1  1  1  1  1 
 8  1  1  1  1  1  1  1  1  1  1  1  1  1  1  1  1  1  1  1  1 
 9  1  1  1  1  1  1  1  1  1  1  1  1  1  1  1  1  1  1  1  1 
10  1  1  1  1  1  1  1  1  1  1  1  1  1  1  1  1  1  1  1  1 
11  3  1  1  1  1  1  1  1  1  1  1  1  1  1  1  1  1  1  1  1 
12  1  1  1  1  1  1  1  1  1  1  1  1  1  1  1  1  1  1  1  1 
13  1  1  1  1  1  1  1  1  1  1  1  1  1  1  1  1  1  1  1  1 
14  1  1  1  1  1  1  1  1  1  1  1  1  1  1  1 ##  1  1  1  1 
15  1  1  1  1  1  1  1  1  1  1  1  1  1  1  1 ## ##  1  1  1 
16  1  1  1  1  1  1  1  1  1  1  1  1  1  1  1  1 ## ## ##  1 
17  1  1  1  1  1  1  1  1  1  1  1  1  1  1  1  1 ## ## ##  1 
18  1  1  1  1  1  1  1  1  1  1  1  1  1  1  1  1 ##  1 ##  1 
19  1  1  1  1  1  1  1  1  1  1  1  1  1  1  1  1  1  1 ##  1 


===== 回合 74 =====
当前行动棋子: ID=1, 玩家=1
Piece[ID=1] Archer | 队伍1 | 存活/等待
  位置: (0, 5) 高度: 0
  生命: 34/60 | 行动点: 1/1
  物理伤害: 16 | 魔法伤害: 0
  物理抗性: 8 | 魔法抗性: 0
  移动力: 27.5/27.5 | 攻击范围: 9
  属性: 力量5 敏捷15 智力10
  武器: 弓(类型3)
  技能槽: 1/1 | 法术范围: 0.0
  死亡回合: -1 | 队列索引: 0
[InputManager] 玩家1的输入方法为: 函数式输入
[InputManager] 开始处理玩家1的行动输入
[FunctionInput] Executing action handler for player 1
[FunctionInput] Action handler executed successfully
[InputManager] 玩家1的行动输入处理完成
envState:1
action: 移动: 是
  目标位置: (0, 7)
攻击: 是
  攻击详情:
    攻击者ID: 1
    目标ID: 5
    伤害值: 0
法术: 否
移动成功到 (0, 7)

当前棋盘:
    0  1  2  3  4  5  6  7  8  9 10 11 12 13 14 15 16 17 18 19 

 0  1  2  1  1  1  1  1  1  1  1  1  1  1  1  1  1  1  1  1  1 
 1  5  1  1  1  1  1  1  1  1  1  1  1  1  1  1  1  1  1  1  1 
 2  1  1  1  1  1  1  1  1  1  1  1  1  1  1  1  1  1  1  1  1 
 3  1  1  1  1  1  1  1  1  1  1  1  1  1  1  1  1  1  1  1  1 
 4  1  1  1 ## ##  1  1  1  1  1  1  1  1  1  1  1  1  1  1  1 
 5  1  1  0  1 ##  1  1  1  1  1  1  1  1  1  1  1  1  1  1  1 
 6  1  4  1  1  1  1  1  1  1  1  1  1  1  1  1  1  1  1  1  1 
 7  1  1  1  1  1  1  1  1  1  1  1  1  1  1  1  1  1  1  1  1 
 8  1  1  1  1  1  1  1  1  1  1  1  1  1  1  1  1  1  1  1  1 
 9  1  1  1  1  1  1  1  1  1  1  1  1  1  1  1  1  1  1  1  1 
10  1  1  1  1  1  1  1  1  1  1  1  1  1  1  1  1  1  1  1  1 
11  3  1  1  1  1  1  1  1  1  1  1  1  1  1  1  1  1  1  1  1 
12  1  1  1  1  1  1  1  1  1  1  1  1  1  1  1  1  1  1  1  1 
13  1  1  1  1  1  1  1  1  1  1  1  1  1  1  1  1  1  1  1  1 
14  1  1  1  1  1  1  1  1  1  1  1  1  1  1  1 ##  1  1  1  1 
15  1  1  1  1  1  1  1  1  1  1  1  1  1  1  1 ## ##  1  1  1 
16  1  1  1  1  1  1  1  1  1  1  1  1  1  1  1  1 ## ## ##  1 
17  1  1  1  1  1  1  1  1  1  1  1  1  1  1  1  1 ## ## ##  1 
18  1  1  1  1  1  1  1  1  1  1  1  1  1  1  1  1 ##  1 ##  1 
19  1  1  1  1  1  1  1  1  1  1  1  1  1  1  1  1  1  1 ##  1 


===== 回合 75 =====
当前行动棋子: ID=2, 玩家=2
Piece[ID=2] Archer | 队伍2 | 存活/等待
  位置: (1, 0) 高度: -1
  生命: 21/60 | 行动点: 1/1
  物理伤害: 16 | 魔法伤害: 0
  物理抗性: 8 | 魔法抗性: 0
  移动力: 27.5/27.5 | 攻击范围: 9
  属性: 力量5 敏捷15 智力10
  武器: 弓(类型3)
  技能槽: 1/1 | 法术范围: 0.0
  死亡回合: -1 | 队列索引: 0
[InputManager] 玩家2的输入方法为: 函数式输入
[InputManager] 开始处理玩家2的行动输入
[FunctionInput] Executing action handler for player 2
[FunctionInput] Action handler executed successfully
[InputManager] 玩家2的行动输入处理完成
envState:1
action: 移动: 是
  目标位置: (1, 0)
攻击: 是
  攻击详情:
    攻击者ID: 2
    目标ID: 4
    伤害值: 0
法术: 否
目标位置(1, 0)被占据
移动失败
[Attack] Auto hit - no roll needed.
[Attack] Dealing 21 damage to target.
对棋子4造成21点伤害

当前棋盘:
    0  1  2  3  4  5  6  7  8  9 10 11 12 13 14 15 16 17 18 19 

 0  1  2  1  1  1  1  1  1  1  1  1  1  1  1  1  1  1  1  1  1 
 1  5  1  1  1  1  1  1  1  1  1  1  1  1  1  1  1  1  1  1  1 
 2  1  1  1  1  1  1  1  1  1  1  1  1  1  1  1  1  1  1  1  1 
 3  1  1  1  1  1  1  1  1  1  1  1  1  1  1  1  1  1  1  1  1 
 4  1  1  1 ## ##  1  1  1  1  1  1  1  1  1  1  1  1  1  1  1 
 5  1  1  0  1 ##  1  1  1  1  1  1  1  1  1  1  1  1  1  1  1 
 6  1  4  1  1  1  1  1  1  1  1  1  1  1  1  1  1  1  1  1  1 
 7  1  1  1  1  1  1  1  1  1  1  1  1  1  1  1  1  1  1  1  1 
 8  1  1  1  1  1  1  1  1  1  1  1  1  1  1  1  1  1  1  1  1 
 9  1  1  1  1  1  1  1  1  1  1  1  1  1  1  1  1  1  1  1  1 
10  1  1  1  1  1  1  1  1  1  1  1  1  1  1  1  1  1  1  1  1 
11  3  1  1  1  1  1  1  1  1  1  1  1  1  1  1  1  1  1  1  1 
12  1  1  1  1  1  1  1  1  1  1  1  1  1  1  1  1  1  1  1  1 
13  1  1  1  1  1  1  1  1  1  1  1  1  1  1  1  1  1  1  1  1 
14  1  1  1  1  1  1  1  1  1  1  1  1  1  1  1 ##  1  1  1  1 
15  1  1  1  1  1  1  1  1  1  1  1  1  1  1  1 ## ##  1  1  1 
16  1  1  1  1  1  1  1  1  1  1  1  1  1  1  1  1 ## ## ##  1 
17  1  1  1  1  1  1  1  1  1  1  1  1  1  1  1  1 ## ## ##  1 
18  1  1  1  1  1  1  1  1  1  1  1  1  1  1  1  1 ##  1 ##  1 
19  1  1  1  1  1  1  1  1  1  1  1  1  1  1  1  1  1  1 ##  1 


===== 回合 76 =====
当前行动棋子: ID=3, 玩家=2
Piece[ID=3] Archer | 队伍2 | 存活/等待
  位置: (0, 11) 高度: 0
  生命: 47/60 | 行动点: 1/1
  物理伤害: 16 | 魔法伤害: 0
  物理抗性: 8 | 魔法抗性: 0
  移动力: 27.5/27.5 | 攻击范围: 9
  属性: 力量5 敏捷15 智力10
  武器: 弓(类型3)
  技能槽: 1/1 | 法术范围: 0.0
  死亡回合: -1 | 队列索引: 0
[InputManager] 玩家2的输入方法为: 函数式输入
[InputManager] 开始处理玩家2的行动输入
[FunctionInput] Executing action handler for player 2
[FunctionInput] Action handler executed successfully
[InputManager] 玩家2的行动输入处理完成
envState:1
action: 移动: 是
  目标位置: (0, 13)
攻击: 是
  攻击详情:
    攻击者ID: 3
    目标ID: 1
    伤害值: 0
法术: 否
移动成功到 (0, 13)

当前棋盘:
    0  1  2  3  4  5  6  7  8  9 10 11 12 13 14 15 16 17 18 19 

 0  1  2  1  1  1  1  1  1  1  1  1  1  1  1  1  1  1  1  1  1 
 1  5  1  1  1  1  1  1  1  1  1  1  1  1  1  1  1  1  1  1  1 
 2  1  1  1  1  1  1  1  1  1  1  1  1  1  1  1  1  1  1  1  1 
 3  1  1  1  1  1  1  1  1  1  1  1  1  1  1  1  1  1  1  1  1 
 4  1  1  1 ## ##  1  1  1  1  1  1  1  1  1  1  1  1  1  1  1 
 5  1  1  0  1 ##  1  1  1  1  1  1  1  1  1  1  1  1  1  1  1 
 6  1  4  1  1  1  1  1  1  1  1  1  1  1  1  1  1  1  1  1  1 
 7  1  1  1  1  1  1  1  1  1  1  1  1  1  1  1  1  1  1  1  1 
 8  1  1  1  1  1  1  1  1  1  1  1  1  1  1  1  1  1  1  1  1 
 9  1  1  1  1  1  1  1  1  1  1  1  1  1  1  1  1  1  1  1  1 
10  1  1  1  1  1  1  1  1  1  1  1  1  1  1  1  1  1  1  1  1 
11  1  1  1  1  1  1  1  1  1  1  1  1  1  1  1  1  1  1  1  1 
12  1  1  1  1  1  1  1  1  1  1  1  1  1  1  1  1  1  1  1  1 
13  3  1  1  1  1  1  1  1  1  1  1  1  1  1  1  1  1  1  1  1 
14  1  1  1  1  1  1  1  1  1  1  1  1  1  1  1 ##  1  1  1  1 
15  1  1  1  1  1  1  1  1  1  1  1  1  1  1  1 ## ##  1  1  1 
16  1  1  1  1  1  1  1  1  1  1  1  1  1  1  1  1 ## ## ##  1 
17  1  1  1  1  1  1  1  1  1  1  1  1  1  1  1  1 ## ## ##  1 
18  1  1  1  1  1  1  1  1  1  1  1  1  1  1  1  1 ##  1 ##  1 
19  1  1  1  1  1  1  1  1  1  1  1  1  1  1  1  1  1  1 ##  1 


===== 回合 77 =====
当前行动棋子: ID=4, 玩家=1
Piece[ID=4] Archer | 队伍1 | 存活/等待
  位置: (1, 6) 高度: 0
  生命: 21/60 | 行动点: 1/1
  物理伤害: 16 | 魔法伤害: 0
  物理抗性: 8 | 魔法抗性: 0
  移动力: 27.5/27.5 | 攻击范围: 9
  属性: 力量5 敏捷15 智力10
  武器: 弓(类型3)
  技能槽: 1/1 | 法术范围: 0.0
  死亡回合: -1 | 队列索引: 0
[InputManager] 玩家1的输入方法为: 函数式输入
[InputManager] 开始处理玩家1的行动输入
[FunctionInput] Executing action handler for player 1
[FunctionInput] Action handler executed successfully
[InputManager] 玩家1的行动输入处理完成
envState:1
action: 移动: 是
  目标位置: (1, 6)
攻击: 是
  攻击详情:
    攻击者ID: 4
    目标ID: 5
    伤害值: 0
法术: 否
目标位置(1, 6)被占据
移动失败
[Attack] Auto hit - no roll needed.
[Attack] Dealing 21 damage to target.
[DeathCheck] Roll: 14
对棋子5造成21点伤害

当前棋盘:
    0  1  2  3  4  5  6  7  8  9 10 11 12 13 14 15 16 17 18 19 

 0  1  2  1  1  1  1  1  1  1  1  1  1  1  1  1  1  1  1  1  1 
 1  1  1  1  1  1  1  1  1  1  1  1  1  1  1  1  1  1  1  1  1 
 2  1  1  1  1  1  1  1  1  1  1  1  1  1  1  1  1  1  1  1  1 
 3  1  1  1  1  1  1  1  1  1  1  1  1  1  1  1  1  1  1  1  1 
 4  1  1  1 ## ##  1  1  1  1  1  1  1  1  1  1  1  1  1  1  1 
 5  1  1  0  1 ##  1  1  1  1  1  1  1  1  1  1  1  1  1  1  1 
 6  1  4  1  1  1  1  1  1  1  1  1  1  1  1  1  1  1  1  1  1 
 7  1  1  1  1  1  1  1  1  1  1  1  1  1  1  1  1  1  1  1  1 
 8  1  1  1  1  1  1  1  1  1  1  1  1  1  1  1  1  1  1  1  1 
 9  1  1  1  1  1  1  1  1  1  1  1  1  1  1  1  1  1  1  1  1 
10  1  1  1  1  1  1  1  1  1  1  1  1  1  1  1  1  1  1  1  1 
11  1  1  1  1  1  1  1  1  1  1  1  1  1  1  1  1  1  1  1  1 
12  1  1  1  1  1  1  1  1  1  1  1  1  1  1  1  1  1  1  1  1 
13  3  1  1  1  1  1  1  1  1  1  1  1  1  1  1  1  1  1  1  1 
14  1  1  1  1  1  1  1  1  1  1  1  1  1  1  1 ##  1  1  1  1 
15  1  1  1  1  1  1  1  1  1  1  1  1  1  1  1 ## ##  1  1  1 
16  1  1  1  1  1  1  1  1  1  1  1  1  1  1  1  1 ## ## ##  1 
17  1  1  1  1  1  1  1  1  1  1  1  1  1  1  1  1 ## ## ##  1 
18  1  1  1  1  1  1  1  1  1  1  1  1  1  1  1  1 ##  1 ##  1 
19  1  1  1  1  1  1  1  1  1  1  1  1  1  1  1  1  1  1 ##  1 


===== 回合 78 =====
当前行动棋子: ID=0, 玩家=1
Piece[ID=0] Archer | 队伍1 | 存活/等待
  位置: (2, 5) 高度: 0
  生命: 21/60 | 行动点: 1/1
  物理伤害: 16 | 魔法伤害: 0
  物理抗性: 8 | 魔法抗性: 0
  移动力: 27.5/27.5 | 攻击范围: 9
  属性: 力量5 敏捷15 智力10
  武器: 弓(类型3)
  技能槽: 1/1 | 法术范围: 0.0
  死亡回合: -1 | 队列索引: 0
[InputManager] 玩家1的输入方法为: 函数式输入
[InputManager] 开始处理玩家1的行动输入
[FunctionInput] Executing action handler for player 1
[FunctionInput] Action handler executed successfully
[InputManager] 玩家1的行动输入处理完成
envState:1
action: 移动: 是
  目标位置: (0, 5)
攻击: 是
  攻击详情:
    攻击者ID: 0
    目标ID: 2
    伤害值: 0
法术: 否
移动成功到 (0, 5)

当前棋盘:
    0  1  2  3  4  5  6  7  8  9 10 11 12 13 14 15 16 17 18 19 

 0  1  2  1  1  1  1  1  1  1  1  1  1  1  1  1  1  1  1  1  1 
 1  1  1  1  1  1  1  1  1  1  1  1  1  1  1  1  1  1  1  1  1 
 2  1  1  1  1  1  1  1  1  1  1  1  1  1  1  1  1  1  1  1  1 
 3  1  1  1  1  1  1  1  1  1  1  1  1  1  1  1  1  1  1  1  1 
 4  1  1  1 ## ##  1  1  1  1  1  1  1  1  1  1  1  1  1  1  1 
 5  0  1  1  1 ##  1  1  1  1  1  1  1  1  1  1  1  1  1  1  1 
 6  1  4  1  1  1  1  1  1  1  1  1  1  1  1  1  1  1  1  1  1 
 7  1  1  1  1  1  1  1  1  1  1  1  1  1  1  1  1  1  1  1  1 
 8  1  1  1  1  1  1  1  1  1  1  1  1  1  1  1  1  1  1  1  1 
 9  1  1  1  1  1  1  1  1  1  1  1  1  1  1  1  1  1  1  1  1 
10  1  1  1  1  1  1  1  1  1  1  1  1  1  1  1  1  1  1  1  1 
11  1  1  1  1  1  1  1  1  1  1  1  1  1  1  1  1  1  1  1  1 
12  1  1  1  1  1  1  1  1  1  1  1  1  1  1  1  1  1  1  1  1 
13  3  1  1  1  1  1  1  1  1  1  1  1  1  1  1  1  1  1  1  1 
14  1  1  1  1  1  1  1  1  1  1  1  1  1  1  1 ##  1  1  1  1 
15  1  1  1  1  1  1  1  1  1  1  1  1  1  1  1 ## ##  1  1  1 
16  1  1  1  1  1  1  1  1  1  1  1  1  1  1  1  1 ## ## ##  1 
17  1  1  1  1  1  1  1  1  1  1  1  1  1  1  1  1 ## ## ##  1 
18  1  1  1  1  1  1  1  1  1  1  1  1  1  1  1  1 ##  1 ##  1 
19  1  1  1  1  1  1  1  1  1  1  1  1  1  1  1  1  1  1 ##  1 


===== 回合 79 =====
当前行动棋子: ID=1, 玩家=1
Piece[ID=1] Archer | 队伍1 | 存活/等待
  位置: (0, 7) 高度: 0
  生命: 34/60 | 行动点: 1/1
  物理伤害: 16 | 魔法伤害: 0
  物理抗性: 8 | 魔法抗性: 0
  移动力: 27.5/27.5 | 攻击范围: 9
  属性: 力量5 敏捷15 智力10
  武器: 弓(类型3)
  技能槽: 1/1 | 法术范围: 0.0
  死亡回合: -1 | 队列索引: 0
[InputManager] 玩家1的输入方法为: 函数式输入
[InputManager] 开始处理玩家1的行动输入
[FunctionInput] Executing action handler for player 1
[FunctionInput] Action handler executed successfully
[InputManager] 玩家1的行动输入处理完成
envState:1
action: 移动: 是
  目标位置: (0, 7)
攻击: 是
  攻击详情:
    攻击者ID: 1
    目标ID: 3
    伤害值: 0
法术: 否
目标位置(0, 7)被占据
移动失败
[Attack] Auto hit - no roll needed.
[Attack] Dealing 21 damage to target.
对棋子3造成21点伤害

当前棋盘:
    0  1  2  3  4  5  6  7  8  9 10 11 12 13 14 15 16 17 18 19 

 0  1  2  1  1  1  1  1  1  1  1  1  1  1  1  1  1  1  1  1  1 
 1  1  1  1  1  1  1  1  1  1  1  1  1  1  1  1  1  1  1  1  1 
 2  1  1  1  1  1  1  1  1  1  1  1  1  1  1  1  1  1  1  1  1 
 3  1  1  1  1  1  1  1  1  1  1  1  1  1  1  1  1  1  1  1  1 
 4  1  1  1 ## ##  1  1  1  1  1  1  1  1  1  1  1  1  1  1  1 
 5  0  1  1  1 ##  1  1  1  1  1  1  1  1  1  1  1  1  1  1  1 
 6  1  4  1  1  1  1  1  1  1  1  1  1  1  1  1  1  1  1  1  1 
 7  1  1  1  1  1  1  1  1  1  1  1  1  1  1  1  1  1  1  1  1 
 8  1  1  1  1  1  1  1  1  1  1  1  1  1  1  1  1  1  1  1  1 
 9  1  1  1  1  1  1  1  1  1  1  1  1  1  1  1  1  1  1  1  1 
10  1  1  1  1  1  1  1  1  1  1  1  1  1  1  1  1  1  1  1  1 
11  1  1  1  1  1  1  1  1  1  1  1  1  1  1  1  1  1  1  1  1 
12  1  1  1  1  1  1  1  1  1  1  1  1  1  1  1  1  1  1  1  1 
13  3  1  1  1  1  1  1  1  1  1  1  1  1  1  1  1  1  1  1  1 
14  1  1  1  1  1  1  1  1  1  1  1  1  1  1  1 ##  1  1  1  1 
15  1  1  1  1  1  1  1  1  1  1  1  1  1  1  1 ## ##  1  1  1 
16  1  1  1  1  1  1  1  1  1  1  1  1  1  1  1  1 ## ## ##  1 
17  1  1  1  1  1  1  1  1  1  1  1  1  1  1  1  1 ## ## ##  1 
18  1  1  1  1  1  1  1  1  1  1  1  1  1  1  1  1 ##  1 ##  1 
19  1  1  1  1  1  1  1  1  1  1  1  1  1  1  1  1  1  1 ##  1 


===== 回合 80 =====
当前行动棋子: ID=2, 玩家=2
Piece[ID=2] Archer | 队伍2 | 存活/等待
  位置: (1, 0) 高度: -1
  生命: 21/60 | 行动点: 1/1
  物理伤害: 16 | 魔法伤害: 0
  物理抗性: 8 | 魔法抗性: 0
  移动力: 27.5/27.5 | 攻击范围: 9
  属性: 力量5 敏捷15 智力10
  武器: 弓(类型3)
  技能槽: 1/1 | 法术范围: 0.0
  死亡回合: -1 | 队列索引: 0
[InputManager] 玩家2的输入方法为: 函数式输入
[InputManager] 开始处理玩家2的行动输入
[FunctionInput] Executing action handler for player 2
[FunctionInput] Action handler executed successfully
[InputManager] 玩家2的行动输入处理完成
envState:1
action: 移动: 是
  目标位置: (0, 1)
攻击: 是
  攻击详情:
    攻击者ID: 2
    目标ID: 4
    伤害值: 0
法术: 否
移动成功到 (0, 1)

当前棋盘:
    0  1  2  3  4  5  6  7  8  9 10 11 12 13 14 15 16 17 18 19 

 0  1  1  1  1  1  1  1  1  1  1  1  1  1  1  1  1  1  1  1  1 
 1  2  1  1  1  1  1  1  1  1  1  1  1  1  1  1  1  1  1  1  1 
 2  1  1  1  1  1  1  1  1  1  1  1  1  1  1  1  1  1  1  1  1 
 3  1  1  1  1  1  1  1  1  1  1  1  1  1  1  1  1  1  1  1  1 
 4  1  1  1 ## ##  1  1  1  1  1  1  1  1  1  1  1  1  1  1  1 
 5  0  1  1  1 ##  1  1  1  1  1  1  1  1  1  1  1  1  1  1  1 
 6  1  4  1  1  1  1  1  1  1  1  1  1  1  1  1  1  1  1  1  1 
 7  1  1  1  1  1  1  1  1  1  1  1  1  1  1  1  1  1  1  1  1 
 8  1  1  1  1  1  1  1  1  1  1  1  1  1  1  1  1  1  1  1  1 
 9  1  1  1  1  1  1  1  1  1  1  1  1  1  1  1  1  1  1  1  1 
10  1  1  1  1  1  1  1  1  1  1  1  1  1  1  1  1  1  1  1  1 
11  1  1  1  1  1  1  1  1  1  1  1  1  1  1  1  1  1  1  1  1 
12  1  1  1  1  1  1  1  1  1  1  1  1  1  1  1  1  1  1  1  1 
13  3  1  1  1  1  1  1  1  1  1  1  1  1  1  1  1  1  1  1  1 
14  1  1  1  1  1  1  1  1  1  1  1  1  1  1  1 ##  1  1  1  1 
15  1  1  1  1  1  1  1  1  1  1  1  1  1  1  1 ## ##  1  1  1 
16  1  1  1  1  1  1  1  1  1  1  1  1  1  1  1  1 ## ## ##  1 
17  1  1  1  1  1  1  1  1  1  1  1  1  1  1  1  1 ## ## ##  1 
18  1  1  1  1  1  1  1  1  1  1  1  1  1  1  1  1 ##  1 ##  1 
19  1  1  1  1  1  1  1  1  1  1  1  1  1  1  1  1  1  1 ##  1 


===== 回合 81 =====
当前行动棋子: ID=3, 玩家=2
Piece[ID=3] Archer | 队伍2 | 存活/等待
  位置: (0, 13) 高度: 0
  生命: 34/60 | 行动点: 1/1
  物理伤害: 16 | 魔法伤害: 0
  物理抗性: 8 | 魔法抗性: 0
  移动力: 27.5/27.5 | 攻击范围: 9
  属性: 力量5 敏捷15 智力10
  武器: 弓(类型3)
  技能槽: 1/1 | 法术范围: 0.0
  死亡回合: -1 | 队列索引: 0
[InputManager] 玩家2的输入方法为: 函数式输入
[InputManager] 开始处理玩家2的行动输入
[FunctionInput] Executing action handler for player 2
[FunctionInput] Action handler executed successfully
[InputManager] 玩家2的行动输入处理完成
envState:1
action: 移动: 是
  目标位置: (0, 13)
攻击: 是
  攻击详情:
    攻击者ID: 3
    目标ID: 1
    伤害值: 0
法术: 否
目标位置(0, 13)被占据
移动失败
[Attack] Auto hit - no roll needed.
[Attack] Dealing 21 damage to target.
对棋子1造成21点伤害

当前棋盘:
    0  1  2  3  4  5  6  7  8  9 10 11 12 13 14 15 16 17 18 19 

 0  1  1  1  1  1  1  1  1  1  1  1  1  1  1  1  1  1  1  1  1 
 1  2  1  1  1  1  1  1  1  1  1  1  1  1  1  1  1  1  1  1  1 
 2  1  1  1  1  1  1  1  1  1  1  1  1  1  1  1  1  1  1  1  1 
 3  1  1  1  1  1  1  1  1  1  1  1  1  1  1  1  1  1  1  1  1 
 4  1  1  1 ## ##  1  1  1  1  1  1  1  1  1  1  1  1  1  1  1 
 5  0  1  1  1 ##  1  1  1  1  1  1  1  1  1  1  1  1  1  1  1 
 6  1  4  1  1  1  1  1  1  1  1  1  1  1  1  1  1  1  1  1  1 
 7  1  1  1  1  1  1  1  1  1  1  1  1  1  1  1  1  1  1  1  1 
 8  1  1  1  1  1  1  1  1  1  1  1  1  1  1  1  1  1  1  1  1 
 9  1  1  1  1  1  1  1  1  1  1  1  1  1  1  1  1  1  1  1  1 
10  1  1  1  1  1  1  1  1  1  1  1  1  1  1  1  1  1  1  1  1 
11  1  1  1  1  1  1  1  1  1  1  1  1  1  1  1  1  1  1  1  1 
12  1  1  1  1  1  1  1  1  1  1  1  1  1  1  1  1  1  1  1  1 
13  3  1  1  1  1  1  1  1  1  1  1  1  1  1  1  1  1  1  1  1 
14  1  1  1  1  1  1  1  1  1  1  1  1  1  1  1 ##  1  1  1  1 
15  1  1  1  1  1  1  1  1  1  1  1  1  1  1  1 ## ##  1  1  1 
16  1  1  1  1  1  1  1  1  1  1  1  1  1  1  1  1 ## ## ##  1 
17  1  1  1  1  1  1  1  1  1  1  1  1  1  1  1  1 ## ## ##  1 
18  1  1  1  1  1  1  1  1  1  1  1  1  1  1  1  1 ##  1 ##  1 
19  1  1  1  1  1  1  1  1  1  1  1  1  1  1  1  1  1  1 ##  1 


===== 回合 82 =====
当前行动棋子: ID=4, 玩家=1
Piece[ID=4] Archer | 队伍1 | 存活/等待
  位置: (1, 6) 高度: 0
  生命: 21/60 | 行动点: 1/1
  物理伤害: 16 | 魔法伤害: 0
  物理抗性: 8 | 魔法抗性: 0
  移动力: 27.5/27.5 | 攻击范围: 9
  属性: 力量5 敏捷15 智力10
  武器: 弓(类型3)
  技能槽: 1/1 | 法术范围: 0.0
  死亡回合: -1 | 队列索引: 0
[InputManager] 玩家1的输入方法为: 函数式输入
[InputManager] 开始处理玩家1的行动输入
[FunctionInput] Executing action handler for player 1
[FunctionInput] Action handler executed successfully
[InputManager] 玩家1的行动输入处理完成
envState:1
action: 移动: 是
  目标位置: (1, 6)
攻击: 是
  攻击详情:
    攻击者ID: 4
    目标ID: 2
    伤害值: 0
法术: 否
目标位置(1, 6)被占据
移动失败
[Attack] Auto hit - no roll needed.
[Attack] Dealing 21 damage to target.
对棋子2造成21点伤害

当前棋盘:
    0  1  2  3  4  5  6  7  8  9 10 11 12 13 14 15 16 17 18 19 

 0  1  1  1  1  1  1  1  1  1  1  1  1  1  1  1  1  1  1  1  1 
 1  2  1  1  1  1  1  1  1  1  1  1  1  1  1  1  1  1  1  1  1 
 2  1  1  1  1  1  1  1  1  1  1  1  1  1  1  1  1  1  1  1  1 
 3  1  1  1  1  1  1  1  1  1  1  1  1  1  1  1  1  1  1  1  1 
 4  1  1  1 ## ##  1  1  1  1  1  1  1  1  1  1  1  1  1  1  1 
 5  0  1  1  1 ##  1  1  1  1  1  1  1  1  1  1  1  1  1  1  1 
 6  1  4  1  1  1  1  1  1  1  1  1  1  1  1  1  1  1  1  1  1 
 7  1  1  1  1  1  1  1  1  1  1  1  1  1  1  1  1  1  1  1  1 
 8  1  1  1  1  1  1  1  1  1  1  1  1  1  1  1  1  1  1  1  1 
 9  1  1  1  1  1  1  1  1  1  1  1  1  1  1  1  1  1  1  1  1 
10  1  1  1  1  1  1  1  1  1  1  1  1  1  1  1  1  1  1  1  1 
11  1  1  1  1  1  1  1  1  1  1  1  1  1  1  1  1  1  1  1  1 
12  1  1  1  1  1  1  1  1  1  1  1  1  1  1  1  1  1  1  1  1 
13  3  1  1  1  1  1  1  1  1  1  1  1  1  1  1  1  1  1  1  1 
14  1  1  1  1  1  1  1  1  1  1  1  1  1  1  1 ##  1  1  1  1 
15  1  1  1  1  1  1  1  1  1  1  1  1  1  1  1 ## ##  1  1  1 
16  1  1  1  1  1  1  1  1  1  1  1  1  1  1  1  1 ## ## ##  1 
17  1  1  1  1  1  1  1  1  1  1  1  1  1  1  1  1 ## ## ##  1 
18  1  1  1  1  1  1  1  1  1  1  1  1  1  1  1  1 ##  1 ##  1 
19  1  1  1  1  1  1  1  1  1  1  1  1  1  1  1  1  1  1 ##  1 


===== 回合 83 =====
当前行动棋子: ID=0, 玩家=1
Piece[ID=0] Archer | 队伍1 | 存活/等待
  位置: (0, 5) 高度: 0
  生命: 21/60 | 行动点: 1/1
  物理伤害: 16 | 魔法伤害: 0
  物理抗性: 8 | 魔法抗性: 0
  移动力: 27.5/27.5 | 攻击范围: 9
  属性: 力量5 敏捷15 智力10
  武器: 弓(类型3)
  技能槽: 1/1 | 法术范围: 0.0
  死亡回合: -1 | 队列索引: 0
[InputManager] 玩家1的输入方法为: 函数式输入
[InputManager] 开始处理玩家1的行动输入
[FunctionInput] Executing action handler for player 1
[FunctionInput] Action handler executed successfully
[InputManager] 玩家1的行动输入处理完成
envState:1
action: 移动: 是
  目标位置: (2, 5)
攻击: 是
  攻击详情:
    攻击者ID: 0
    目标ID: 2
    伤害值: 0
法术: 否
移动成功到 (2, 5)

当前棋盘:
    0  1  2  3  4  5  6  7  8  9 10 11 12 13 14 15 16 17 18 19 

 0  1  1  1  1  1  1  1  1  1  1  1  1  1  1  1  1  1  1  1  1 
 1  2  1  1  1  1  1  1  1  1  1  1  1  1  1  1  1  1  1  1  1 
 2  1  1  1  1  1  1  1  1  1  1  1  1  1  1  1  1  1  1  1  1 
 3  1  1  1  1  1  1  1  1  1  1  1  1  1  1  1  1  1  1  1  1 
 4  1  1  1 ## ##  1  1  1  1  1  1  1  1  1  1  1  1  1  1  1 
 5  1  1  0  1 ##  1  1  1  1  1  1  1  1  1  1  1  1  1  1  1 
 6  1  4  1  1  1  1  1  1  1  1  1  1  1  1  1  1  1  1  1  1 
 7  1  1  1  1  1  1  1  1  1  1  1  1  1  1  1  1  1  1  1  1 
 8  1  1  1  1  1  1  1  1  1  1  1  1  1  1  1  1  1  1  1  1 
 9  1  1  1  1  1  1  1  1  1  1  1  1  1  1  1  1  1  1  1  1 
10  1  1  1  1  1  1  1  1  1  1  1  1  1  1  1  1  1  1  1  1 
11  1  1  1  1  1  1  1  1  1  1  1  1  1  1  1  1  1  1  1  1 
12  1  1  1  1  1  1  1  1  1  1  1  1  1  1  1  1  1  1  1  1 
13  3  1  1  1  1  1  1  1  1  1  1  1  1  1  1  1  1  1  1  1 
14  1  1  1  1  1  1  1  1  1  1  1  1  1  1  1 ##  1  1  1  1 
15  1  1  1  1  1  1  1  1  1  1  1  1  1  1  1 ## ##  1  1  1 
16  1  1  1  1  1  1  1  1  1  1  1  1  1  1  1  1 ## ## ##  1 
17  1  1  1  1  1  1  1  1  1  1  1  1  1  1  1  1 ## ## ##  1 
18  1  1  1  1  1  1  1  1  1  1  1  1  1  1  1  1 ##  1 ##  1 
19  1  1  1  1  1  1  1  1  1  1  1  1  1  1  1  1  1  1 ##  1 


===== 回合 84 =====
当前行动棋子: ID=1, 玩家=1
Piece[ID=1] Archer | 队伍1 | 存活/等待
  位置: (0, 7) 高度: 0
  生命: 21/60 | 行动点: 1/1
  物理伤害: 16 | 魔法伤害: 0
  物理抗性: 8 | 魔法抗性: 0
  移动力: 27.5/27.5 | 攻击范围: 9
  属性: 力量5 敏捷15 智力10
  武器: 弓(类型3)
  技能槽: 1/1 | 法术范围: 0.0
  死亡回合: -1 | 队列索引: 0
[InputManager] 玩家1的输入方法为: 函数式输入
[InputManager] 开始处理玩家1的行动输入
[FunctionInput] Executing action handler for player 1
[FunctionInput] Action handler executed successfully
[InputManager] 玩家1的行动输入处理完成
envState:1
action: 移动: 是
  目标位置: (0, 7)
攻击: 是
  攻击详情:
    攻击者ID: 1
    目标ID: 2
    伤害值: 0
法术: 否
目标位置(0, 7)被占据
移动失败
[Attack] Auto hit - no roll needed.
[Attack] Dealing 21 damage to target.
[DeathCheck] Roll: 13
对棋子2造成21点伤害

当前棋盘:
    0  1  2  3  4  5  6  7  8  9 10 11 12 13 14 15 16 17 18 19 

 0  1  1  1  1  1  1  1  1  1  1  1  1  1  1  1  1  1  1  1  1 
 1  1  1  1  1  1  1  1  1  1  1  1  1  1  1  1  1  1  1  1  1 
 2  1  1  1  1  1  1  1  1  1  1  1  1  1  1  1  1  1  1  1  1 
 3  1  1  1  1  1  1  1  1  1  1  1  1  1  1  1  1  1  1  1  1 
 4  1  1  1 ## ##  1  1  1  1  1  1  1  1  1  1  1  1  1  1  1 
 5  1  1  0  1 ##  1  1  1  1  1  1  1  1  1  1  1  1  1  1  1 
 6  1  4  1  1  1  1  1  1  1  1  1  1  1  1  1  1  1  1  1  1 
 7  1  1  1  1  1  1  1  1  1  1  1  1  1  1  1  1  1  1  1  1 
 8  1  1  1  1  1  1  1  1  1  1  1  1  1  1  1  1  1  1  1  1 
 9  1  1  1  1  1  1  1  1  1  1  1  1  1  1  1  1  1  1  1  1 
10  1  1  1  1  1  1  1  1  1  1  1  1  1  1  1  1  1  1  1  1 
11  1  1  1  1  1  1  1  1  1  1  1  1  1  1  1  1  1  1  1  1 
12  1  1  1  1  1  1  1  1  1  1  1  1  1  1  1  1  1  1  1  1 
13  3  1  1  1  1  1  1  1  1  1  1  1  1  1  1  1  1  1  1  1 
14  1  1  1  1  1  1  1  1  1  1  1  1  1  1  1 ##  1  1  1  1 
15  1  1  1  1  1  1  1  1  1  1  1  1  1  1  1 ## ##  1  1  1 
16  1  1  1  1  1  1  1  1  1  1  1  1  1  1  1  1 ## ## ##  1 
17  1  1  1  1  1  1  1  1  1  1  1  1  1  1  1  1 ## ## ##  1 
18  1  1  1  1  1  1  1  1  1  1  1  1  1  1  1  1 ##  1 ##  1 
19  1  1  1  1  1  1  1  1  1  1  1  1  1  1  1  1  1  1 ##  1 


===== 回合 85 =====
当前行动棋子: ID=3, 玩家=2
Piece[ID=3] Archer | 队伍2 | 存活/等待
  位置: (0, 13) 高度: 0
  生命: 34/60 | 行动点: 1/1
  物理伤害: 16 | 魔法伤害: 0
  物理抗性: 8 | 魔法抗性: 0
  移动力: 27.5/27.5 | 攻击范围: 9
  属性: 力量5 敏捷15 智力10
  武器: 弓(类型3)
  技能槽: 1/1 | 法术范围: 0.0
  死亡回合: -1 | 队列索引: 0
[InputManager] 玩家2的输入方法为: 函数式输入
[InputManager] 开始处理玩家2的行动输入
[FunctionInput] Executing action handler for player 2
[FunctionInput] Action handler executed successfully
[InputManager] 玩家2的行动输入处理完成
envState:1
action: 移动: 是
  目标位置: (0, 1)
攻击: 是
  攻击详情:
    攻击者ID: 3
    目标ID: 1
    伤害值: 0
法术: 否
移动成功到 (0, 1)

当前棋盘:
    0  1  2  3  4  5  6  7  8  9 10 11 12 13 14 15 16 17 18 19 

 0  1  1  1  1  1  1  1  1  1  1  1  1  1  1  1  1  1  1  1  1 
 1  3  1  1  1  1  1  1  1  1  1  1  1  1  1  1  1  1  1  1  1 
 2  1  1  1  1  1  1  1  1  1  1  1  1  1  1  1  1  1  1  1  1 
 3  1  1  1  1  1  1  1  1  1  1  1  1  1  1  1  1  1  1  1  1 
 4  1  1  1 ## ##  1  1  1  1  1  1  1  1  1  1  1  1  1  1  1 
 5  1  1  0  1 ##  1  1  1  1  1  1  1  1  1  1  1  1  1  1  1 
 6  1  4  1  1  1  1  1  1  1  1  1  1  1  1  1  1  1  1  1  1 
 7  1  1  1  1  1  1  1  1  1  1  1  1  1  1  1  1  1  1  1  1 
 8  1  1  1  1  1  1  1  1  1  1  1  1  1  1  1  1  1  1  1  1 
 9  1  1  1  1  1  1  1  1  1  1  1  1  1  1  1  1  1  1  1  1 
10  1  1  1  1  1  1  1  1  1  1  1  1  1  1  1  1  1  1  1  1 
11  1  1  1  1  1  1  1  1  1  1  1  1  1  1  1  1  1  1  1  1 
12  1  1  1  1  1  1  1  1  1  1  1  1  1  1  1  1  1  1  1  1 
13  1  1  1  1  1  1  1  1  1  1  1  1  1  1  1  1  1  1  1  1 
14  1  1  1  1  1  1  1  1  1  1  1  1  1  1  1 ##  1  1  1  1 
15  1  1  1  1  1  1  1  1  1  1  1  1  1  1  1 ## ##  1  1  1 
16  1  1  1  1  1  1  1  1  1  1  1  1  1  1  1  1 ## ## ##  1 
17  1  1  1  1  1  1  1  1  1  1  1  1  1  1  1  1 ## ## ##  1 
18  1  1  1  1  1  1  1  1  1  1  1  1  1  1  1  1 ##  1 ##  1 
19  1  1  1  1  1  1  1  1  1  1  1  1  1  1  1  1  1  1 ##  1 


===== 回合 86 =====
当前行动棋子: ID=4, 玩家=1
Piece[ID=4] Archer | 队伍1 | 存活/等待
  位置: (1, 6) 高度: 0
  生命: 21/60 | 行动点: 1/1
  物理伤害: 16 | 魔法伤害: 0
  物理抗性: 8 | 魔法抗性: 0
  移动力: 27.5/27.5 | 攻击范围: 9
  属性: 力量5 敏捷15 智力10
  武器: 弓(类型3)
  技能槽: 1/1 | 法术范围: 0.0
  死亡回合: -1 | 队列索引: 0
[InputManager] 玩家1的输入方法为: 函数式输入
[InputManager] 开始处理玩家1的行动输入
[FunctionInput] Executing action handler for player 1
[FunctionInput] Action handler executed successfully
[InputManager] 玩家1的行动输入处理完成
envState:1
action: 移动: 是
  目标位置: (1, 6)
攻击: 是
  攻击详情:
    攻击者ID: 4
    目标ID: 3
    伤害值: 0
法术: 否
目标位置(1, 6)被占据
移动失败
[Attack] Auto hit - no roll needed.
[Attack] Dealing 21 damage to target.
对棋子3造成21点伤害

当前棋盘:
    0  1  2  3  4  5  6  7  8  9 10 11 12 13 14 15 16 17 18 19 

 0  1  1  1  1  1  1  1  1  1  1  1  1  1  1  1  1  1  1  1  1 
 1  3  1  1  1  1  1  1  1  1  1  1  1  1  1  1  1  1  1  1  1 
 2  1  1  1  1  1  1  1  1  1  1  1  1  1  1  1  1  1  1  1  1 
 3  1  1  1  1  1  1  1  1  1  1  1  1  1  1  1  1  1  1  1  1 
 4  1  1  1 ## ##  1  1  1  1  1  1  1  1  1  1  1  1  1  1  1 
 5  1  1  0  1 ##  1  1  1  1  1  1  1  1  1  1  1  1  1  1  1 
 6  1  4  1  1  1  1  1  1  1  1  1  1  1  1  1  1  1  1  1  1 
 7  1  1  1  1  1  1  1  1  1  1  1  1  1  1  1  1  1  1  1  1 
 8  1  1  1  1  1  1  1  1  1  1  1  1  1  1  1  1  1  1  1  1 
 9  1  1  1  1  1  1  1  1  1  1  1  1  1  1  1  1  1  1  1  1 
10  1  1  1  1  1  1  1  1  1  1  1  1  1  1  1  1  1  1  1  1 
11  1  1  1  1  1  1  1  1  1  1  1  1  1  1  1  1  1  1  1  1 
12  1  1  1  1  1  1  1  1  1  1  1  1  1  1  1  1  1  1  1  1 
13  1  1  1  1  1  1  1  1  1  1  1  1  1  1  1  1  1  1  1  1 
14  1  1  1  1  1  1  1  1  1  1  1  1  1  1  1 ##  1  1  1  1 
15  1  1  1  1  1  1  1  1  1  1  1  1  1  1  1 ## ##  1  1  1 
16  1  1  1  1  1  1  1  1  1  1  1  1  1  1  1  1 ## ## ##  1 
17  1  1  1  1  1  1  1  1  1  1  1  1  1  1  1  1 ## ## ##  1 
18  1  1  1  1  1  1  1  1  1  1  1  1  1  1  1  1 ##  1 ##  1 
19  1  1  1  1  1  1  1  1  1  1  1  1  1  1  1  1  1  1 ##  1 


===== 回合 87 =====
当前行动棋子: ID=0, 玩家=1
Piece[ID=0] Archer | 队伍1 | 存活/等待
  位置: (2, 5) 高度: 0
  生命: 21/60 | 行动点: 1/1
  物理伤害: 16 | 魔法伤害: 0
  物理抗性: 8 | 魔法抗性: 0
  移动力: 27.5/27.5 | 攻击范围: 9
  属性: 力量5 敏捷15 智力10
  武器: 弓(类型3)
  技能槽: 1/1 | 法术范围: 0.0
  死亡回合: -1 | 队列索引: 0
[InputManager] 玩家1的输入方法为: 函数式输入
[InputManager] 开始处理玩家1的行动输入
[FunctionInput] Executing action handler for player 1
[FunctionInput] Action handler executed successfully
[InputManager] 玩家1的行动输入处理完成
envState:1
action: 移动: 是
  目标位置: (2, 5)
攻击: 是
  攻击详情:
    攻击者ID: 0
    目标ID: 3
    伤害值: 0
法术: 否
目标位置(2, 5)被占据
移动失败
[Attack] Auto hit - no roll needed.
[Attack] Dealing 21 damage to target.
对棋子3造成21点伤害

当前棋盘:
    0  1  2  3  4  5  6  7  8  9 10 11 12 13 14 15 16 17 18 19 

 0  1  1  1  1  1  1  1  1  1  1  1  1  1  1  1  1  1  1  1  1 
 1  3  1  1  1  1  1  1  1  1  1  1  1  1  1  1  1  1  1  1  1 
 2  1  1  1  1  1  1  1  1  1  1  1  1  1  1  1  1  1  1  1  1 
 3  1  1  1  1  1  1  1  1  1  1  1  1  1  1  1  1  1  1  1  1 
 4  1  1  1 ## ##  1  1  1  1  1  1  1  1  1  1  1  1  1  1  1 
 5  1  1  0  1 ##  1  1  1  1  1  1  1  1  1  1  1  1  1  1  1 
 6  1  4  1  1  1  1  1  1  1  1  1  1  1  1  1  1  1  1  1  1 
 7  1  1  1  1  1  1  1  1  1  1  1  1  1  1  1  1  1  1  1  1 
 8  1  1  1  1  1  1  1  1  1  1  1  1  1  1  1  1  1  1  1  1 
 9  1  1  1  1  1  1  1  1  1  1  1  1  1  1  1  1  1  1  1  1 
10  1  1  1  1  1  1  1  1  1  1  1  1  1  1  1  1  1  1  1  1 
11  1  1  1  1  1  1  1  1  1  1  1  1  1  1  1  1  1  1  1  1 
12  1  1  1  1  1  1  1  1  1  1  1  1  1  1  1  1  1  1  1  1 
13  1  1  1  1  1  1  1  1  1  1  1  1  1  1  1  1  1  1  1  1 
14  1  1  1  1  1  1  1  1  1  1  1  1  1  1  1 ##  1  1  1  1 
15  1  1  1  1  1  1  1  1  1  1  1  1  1  1  1 ## ##  1  1  1 
16  1  1  1  1  1  1  1  1  1  1  1  1  1  1  1  1 ## ## ##  1 
17  1  1  1  1  1  1  1  1  1  1  1  1  1  1  1  1 ## ## ##  1 
18  1  1  1  1  1  1  1  1  1  1  1  1  1  1  1  1 ##  1 ##  1 
19  1  1  1  1  1  1  1  1  1  1  1  1  1  1  1  1  1  1 ##  1 


===== 回合 88 =====
当前行动棋子: ID=1, 玩家=1
Piece[ID=1] Archer | 队伍1 | 存活/等待
  位置: (0, 7) 高度: 0
  生命: 21/60 | 行动点: 1/1
  物理伤害: 16 | 魔法伤害: 0
  物理抗性: 8 | 魔法抗性: 0
  移动力: 27.5/27.5 | 攻击范围: 9
  属性: 力量5 敏捷15 智力10
  武器: 弓(类型3)
  技能槽: 1/1 | 法术范围: 0.0
  死亡回合: -1 | 队列索引: 0
[InputManager] 玩家1的输入方法为: 函数式输入
[InputManager] 开始处理玩家1的行动输入
[FunctionInput] Executing action handler for player 1
[FunctionInput] Action handler executed successfully
[InputManager] 玩家1的行动输入处理完成
envState:1
action: 移动: 是
  目标位置: (0, 7)
攻击: 是
  攻击详情:
    攻击者ID: 1
    目标ID: 3
    伤害值: 0
法术: 否
目标位置(0, 7)被占据
移动失败
[Attack] Auto hit - no roll needed.
[Attack] Dealing 21 damage to target.
[DeathCheck] Roll: 3
对棋子3造成21点伤害
游戏结束!
玩家1获胜!

当前棋盘:
    0  1  2  3  4  5  6  7  8  9 10 11 12 13 14 15 16 17 18 19 

 0  1  1  1  1  1  1  1  1  1  1  1  1  1  1  1  1  1  1  1  1 
 1  1  1  1  1  1  1  1  1  1  1  1  1  1  1  1  1  1  1  1  1 
 2  1  1  1  1  1  1  1  1  1  1  1  1  1  1  1  1  1  1  1  1 
 3  1  1  1  1  1  1  1  1  1  1  1  1  1  1  1  1  1  1  1  1 
 4  1  1  1 ## ##  1  1  1  1  1  1  1  1  1  1  1  1  1  1  1 
 5  1  1  0  1 ##  1  1  1  1  1  1  1  1  1  1  1  1  1  1  1 
 6  1  4  1  1  1  1  1  1  1  1  1  1  1  1  1  1  1  1  1  1 
 7  1  1  1  1  1  1  1  1  1  1  1  1  1  1  1  1  1  1  1  1 
 8  1  1  1  1  1  1  1  1  1  1  1  1  1  1  1  1  1  1  1  1 
 9  1  1  1  1  1  1  1  1  1  1  1  1  1  1  1  1  1  1  1  1 
10  1  1  1  1  1  1  1  1  1  1  1  1  1  1  1  1  1  1  1  1 
11  1  1  1  1  1  1  1  1  1  1  1  1  1  1  1  1  1  1  1  1 
12  1  1  1  1  1  1  1  1  1  1  1  1  1  1  1  1  1  1  1  1 
13  1  1  1  1  1  1  1  1  1  1  1  1  1  1  1  1  1  1  1  1 
14  1  1  1  1  1  1  1  1  1  1  1  1  1  1  1 ##  1  1  1  1 
15  1  1  1  1  1  1  1  1  1  1  1  1  1  1  1 ## ##  1  1  1 
16  1  1  1  1  1  1  1  1  1  1  1  1  1  1  1  1 ## ## ##  1 
17  1  1  1  1  1  1  1  1  1  1  1  1  1  1  1  1 ## ## ##  1 
18  1  1  1  1  1  1  1  1  1  1  1  1  1  1  1  1 ##  1 ##  1 
19  1  1  1  1  1  1  1  1  1  1  1  1  1  1  1  1  1  1 ##  1 

