=== 函数式双 AI 本地模式 ===
策略: aggressive, 棋盘: ./BoardCase/case1.txt
Width: 20, Height: 20
游戏初始化完成，开始游戏！

当前棋盘:
    0  1  2  3  4  5  6  7  8  9 10 11 12 13 14 15 16 17 18 19 

 0  1  1  1  1  1  1  1  1  1  1  1  1  1  1  1  1  1  1  1  1 
 1  1  1  1  1  1  1  1  1  1  1  1  1  1  1  1  1  1  1  1  1 
 2  1  1  1  1  1  1  1  1  1  1  1  1  1  1  1  1  1  1  1  1 
 3  1  1  1  1  1  1  1  1  1  1  1  1  1  1  1  1  1  1  1  1 
 4  1  1  1 ## ##  1  1  1  1  1  1  1  1  1  1  1  1  1  1  1 
 5  1  1  1  3 ##  4  1  1  1  1  1  1  1  1  1  1  1  1  1  1 
 6  1  1  1  1  1  1  1  1  1  1  1  1  1  1  1  1  1  1  1  1 
 7  1  1  1  1  1  1  1  1  1  1  1  1  1  1  1  1  1  1  1  1 
 8  1  1  1  1  1  1  1  1  1  1  1  1  1  1  1  1  1  1  1  1 
 9  1  1  1  1  1  1  1  1  1  1  1  1  1  1  1  1  1  1  1  1 
10  1  1  1  1  1  1  1  1  1  1  1  1  1  1  1  1  1  1  1  1 
11  1  1  1  1  1  1  1  1  1  1  1  1  1  1  1  1  1  1  1  1 
12  1  1  1  1  1  1  1  1  1  1  1  1  1  1  1  1  1  1  1  1 
13  1  1  1  1  1  1  1  1  1  1  1  1  1  1  1  1  1  1  1  1 
14  1  1  1  1  1  1  1  1  1  1  1  1  1  1  2 ##  0  5  1  1 
15  1  1  1  1  1  1  1  1  1  1  1  1  1  1  1 ## ##  1  1  1 
16  1  1  1  1  1  1  1  1  1  1  1  1  1  1  1  1 ## ## ##  1 
17  1  1  1  1  1  1  1  1  1  1  1  1  1  1  1  1 ## ## ##  1 
18  1  1  1  1  1  1  1  1  1  1  1  1  1  1  1  1 ##  1 ##  1 
19  1  1  1  1  1  1  1  1  1  1  1  1  1  1  1  1  1  1 ##  1 


===== 回合 1 =====
当前行动棋子: ID=0, 玩家=2
[InputManager] 玩家2的输入方法为: 函数式输入
[InputManager] 开始处理玩家2的行动输入
[FunctionInput] Executing action handler for player 2
[FunctionInput] Action handler executed successfully
[InputManager] 玩家2的行动输入处理完成
envState:1
action: 移动: 是
  目标位置: (5, 4)
攻击: 否
法术: 否
移动成功到 (5, 4)

当前棋盘:
    0  1  2  3  4  5  6  7  8  9 10 11 12 13 14 15 16 17 18 19 

 0  1  1  1  1  1  1  1  1  1  1  1  1  1  1  1  1  1  1  1  1 
 1  1  1  1  1  1  1  1  1  1  1  1  1  1  1  1  1  1  1  1  1 
 2  1  1  1  1  1  1  1  1  1  1  1  1  1  1  1  1  1  1  1  1 
 3  1  1  1  1  1  1  1  1  1  1  1  1  1  1  1  1  1  1  1  1 
 4  1  1  1 ## ##  0  1  1  1  1  1  1  1  1  1  1  1  1  1  1 
 5  1  1  1  3 ##  4  1  1  1  1  1  1  1  1  1  1  1  1  1  1 
 6  1  1  1  1  1  1  1  1  1  1  1  1  1  1  1  1  1  1  1  1 
 7  1  1  1  1  1  1  1  1  1  1  1  1  1  1  1  1  1  1  1  1 
 8  1  1  1  1  1  1  1  1  1  1  1  1  1  1  1  1  1  1  1  1 
 9  1  1  1  1  1  1  1  1  1  1  1  1  1  1  1  1  1  1  1  1 
10  1  1  1  1  1  1  1  1  1  1  1  1  1  1  1  1  1  1  1  1 
11  1  1  1  1  1  1  1  1  1  1  1  1  1  1  1  1  1  1  1  1 
12  1  1  1  1  1  1  1  1  1  1  1  1  1  1  1  1  1  1  1  1 
13  1  1  1  1  1  1  1  1  1  1  1  1  1  1  1  1  1  1  1  1 
14  1  1  1  1  1  1  1  1  1  1  1  1  1  1  2 ##  1  5  1  1 
15  1  1  1  1  1  1  1  1  1  1  1  1  1  1  1 ## ##  1  1  1 
16  1  1  1  1  1  1  1  1  1  1  1  1  1  1  1  1 ## ## ##  1 
17  1  1  1  1  1  1  1  1  1  1  1  1  1  1  1  1 ## ## ##  1 
18  1  1  1  1  1  1  1  1  1  1  1  1  1  1  1  1 ##  1 ##  1 
19  1  1  1  1  1  1  1  1  1  1  1  1  1  1  1  1  1  1 ##  1 

[[[1.         1.         1.         ... 1.         1.         1.        ]
  [1.         1.         1.         ... 1.         1.         1.        ]
  [1.         1.         1.         ... 1.         1.         1.        ]
  ...
  [1.         1.         1.         ... 0.         1.         1.        ]
  [1.         1.         1.         ... 0.         0.         0.        ]
  [1.         1.         1.         ... 1.         1.         1.        ]]

 [[0.1        0.1        0.1        ... 0.1        0.1        0.1       ]
  [0.         0.2        0.         ... 0.1        0.1        0.1       ]
  [0.1        0.1        0.         ... 0.1        0.1        0.1       ]
  ...
  [0.1        0.1        0.1        ... 0.2        0.1        0.1       ]
  [0.1        0.1        0.1        ... 0.         0.         0.        ]
  [0.1        0.1        0.1        ... 0.1        0.1        0.1       ]]

 [[0.         0.         0.         ... 0.         0.         0.        ]
  [0.         0.         0.         ... 0.         0.         0.        ]
  [0.         0.         0.         ... 0.         0.         0.        ]
  ...
  [0.         0.         0.         ... 0.27272728 0.         0.        ]
  [0.         0.         0.         ... 0.         0.         0.        ]
  [0.         0.         0.         ... 0.         0.         0.        ]]

 ...

 [[0.3        0.3        0.3        ... 0.3        0.3        0.3       ]
  [0.3        0.3        0.3        ... 0.3        0.3        0.3       ]
  [0.3        0.3        0.3        ... 0.3        0.3        0.3       ]
  ...
  [0.3        0.3        0.3        ... 0.3        0.3        0.3       ]
  [0.3        0.3        0.3        ... 0.3        0.3        0.3       ]
  [0.3        0.3        0.3        ... 0.3        0.3        0.3       ]]

 [[0.         0.         0.         ... 0.         0.         0.        ]
  [0.         0.         0.         ... 0.         0.         0.        ]
  [0.         0.         0.         ... 0.         0.         0.        ]
  ...
  [0.         0.         0.         ... 0.         0.         0.        ]
  [0.         0.         0.         ... 0.         0.         0.        ]
  [0.         0.         0.         ... 0.         0.         0.        ]]

 [[0.         0.         0.         ... 0.         0.         0.        ]
  [0.         0.         0.         ... 0.         0.         0.        ]
  [0.         0.         0.         ... 0.         0.         0.        ]
  ...
  [0.         0.         0.         ... 0.         0.         0.        ]
  [0.         0.         0.         ... 0.         0.         0.        ]
  [0.         0.         0.         ... 0.         0.         0.        ]]]

===== 回合 2 =====
当前行动棋子: ID=1, 玩家=1
[InputManager] 玩家1的输入方法为: 函数式输入
[InputManager] 开始处理玩家1的行动输入
[FunctionInput] Executing action handler for player 1
[FunctionInput] Action handler executed successfully
[InputManager] 玩家1的行动输入处理完成
envState:1
action: 移动: 是
  目标位置: (5, 3)
攻击: 否
法术: 否
移动成功到 (5, 3)

当前棋盘:
    0  1  2  3  4  5  6  7  8  9 10 11 12 13 14 15 16 17 18 19 

 0  1  1  1  1  1  1  1  1  1  1  1  1  1  1  1  1  1  1  1  1 
 1  1  1  1  1  1  1  1  1  1  1  1  1  1  1  1  1  1  1  1  1 
 2  1  1  1  1  1  1  1  1  1  1  1  1  1  1  1  1  1  1  1  1 
 3  1  1  1  1  1  1  1  1  1  1  1  1  1  1  1  1  1  1  1  1 
 4  1  1  1 ## ##  0  1  1  1  1  1  1  1  1  1  1  1  1  1  1 
 5  1  1  1  3 ##  4  1  1  1  1  1  1  1  1  1  1  1  1  1  1 
 6  1  1  1  1  1  1  1  1  1  1  1  1  1  1  1  1  1  1  1  1 
 7  1  1  1  1  1  1  1  1  1  1  1  1  1  1  1  1  1  1  1  1 
 8  1  1  1  1  1  1  1  1  1  1  1  1  1  1  1  1  1  1  1  1 
 9  1  1  1  1  1  1  1  1  1  1  1  1  1  1  1  1  1  1  1  1 
10  1  1  1  1  1  1  1  1  1  1  1  1  1  1  1  1  1  1  1  1 
11  1  1  1  1  1  1  1  1  1  1  1  1  1  1  1  1  1  1  1  1 
12  1  1  1  1  1  1  1  1  1  1  1  1  1  1  1  1  1  1  1  1 
13  1  1  1  1  1  1  1  1  1  1  1  1  1  1  1  1  1  1  1  1 
14  1  1  1  1  1  1  1  1  1  1  1  1  1  1  2 ##  1  5  1  1 
15  1  1  1  1  1  1  1  1  1  1  1  1  1  1  1 ## ##  1  1  1 
16  1  1  1  1  1  1  1  1  1  1  1  1  1  1  1  1 ## ## ##  1 
17  1  1  1  1  1  1  1  1  1  1  1  1  1  1  1  1 ## ## ##  1 
18  1  1  1  1  1  1  1  1  1  1  1  1  1  1  1  1 ##  1 ##  1 
19  1  1  1  1  1  1  1  1  1  1  1  1  1  1  1  1  1  1 ##  1 

[[[1.  1.  1.  ... 1.  1.  1. ]
  [1.  1.  1.  ... 1.  1.  1. ]
  [1.  1.  1.  ... 1.  1.  1. ]
  ...
  [1.  1.  1.  ... 0.  1.  1. ]
  [1.  1.  1.  ... 0.  0.  0. ]
  [1.  1.  1.  ... 1.  1.  1. ]]

 [[0.1 0.1 0.1 ... 0.1 0.1 0.1]
  [0.  0.2 0.  ... 0.1 0.1 0.1]
  [0.1 0.1 0.  ... 0.1 0.1 0.1]
  ...
  [0.1 0.1 0.1 ... 0.2 0.1 0.1]
  [0.1 0.1 0.1 ... 0.  0.  0. ]
  [0.1 0.1 0.1 ... 0.1 0.1 0.1]]

 [[0.  0.  0.  ... 0.  0.  0. ]
  [0.  0.  0.  ... 0.  0.  0. ]
  [0.  0.  0.  ... 0.  0.  0. ]
  ...
  [0.  0.  0.  ... 0.  0.  0. ]
  [0.  0.  0.  ... 0.  0.  0. ]
  [0.  0.  0.  ... 0.  0.  0. ]]

 ...

 [[0.3 0.3 0.3 ... 0.3 0.3 0.3]
  [0.3 0.3 0.3 ... 0.3 0.3 0.3]
  [0.3 0.3 0.3 ... 0.3 0.3 0.3]
  ...
  [0.3 0.3 0.3 ... 0.3 0.3 0.3]
  [0.3 0.3 0.3 ... 0.3 0.3 0.3]
  [0.3 0.3 0.3 ... 0.3 0.3 0.3]]

 [[0.  0.  0.  ... 0.  0.  0. ]
  [0.  0.  0.  ... 0.  0.  0. ]
  [0.  0.  0.  ... 0.  0.  0. ]
  ...
  [0.  0.  0.  ... 0.  0.  0. ]
  [0.  0.  0.  ... 0.  0.  0. ]
  [0.  0.  0.  ... 0.  0.  0. ]]

 [[0.  0.  0.  ... 0.  0.  0. ]
  [0.  0.  0.  ... 0.  0.  0. ]
  [0.  0.  0.  ... 0.  0.  0. ]
  ...
  [0.  0.  0.  ... 0.  0.  0. ]
  [0.  0.  0.  ... 0.  0.  0. ]
  [0.  0.  0.  ... 0.  0.  0. ]]]

===== 回合 3 =====
当前行动棋子: ID=2, 玩家=2
[InputManager] 玩家2的输入方法为: 函数式输入
[InputManager] 开始处理玩家2的行动输入
[FunctionInput] Executing action handler for player 2
[FunctionInput] Action handler executed successfully
[InputManager] 玩家2的行动输入处理完成
envState:1
action: 移动: 是
  目标位置: (5, 6)
攻击: 否
法术: 否
移动成功到 (5, 6)

当前棋盘:
    0  1  2  3  4  5  6  7  8  9 10 11 12 13 14 15 16 17 18 19 

 0  1  1  1  1  1  1  1  1  1  1  1  1  1  1  1  1  1  1  1  1 
 1  1  1  1  1  1  1  1  1  1  1  1  1  1  1  1  1  1  1  1  1 
 2  1  1  1  1  1  1  1  1  1  1  1  1  1  1  1  1  1  1  1  1 
 3  1  1  1  1  1  1  1  1  1  1  1  1  1  1  1  1  1  1  1  1 
 4  1  1  1 ## ##  0  1  1  1  1  1  1  1  1  1  1  1  1  1  1 
 5  1  1  1  3 ##  4  1  1  1  1  1  1  1  1  1  1  1  1  1  1 
 6  1  1  1  1  1  2  1  1  1  1  1  1  1  1  1  1  1  1  1  1 
 7  1  1  1  1  1  1  1  1  1  1  1  1  1  1  1  1  1  1  1  1 
 8  1  1  1  1  1  1  1  1  1  1  1  1  1  1  1  1  1  1  1  1 
 9  1  1  1  1  1  1  1  1  1  1  1  1  1  1  1  1  1  1  1  1 
10  1  1  1  1  1  1  1  1  1  1  1  1  1  1  1  1  1  1  1  1 
11  1  1  1  1  1  1  1  1  1  1  1  1  1  1  1  1  1  1  1  1 
12  1  1  1  1  1  1  1  1  1  1  1  1  1  1  1  1  1  1  1  1 
13  1  1  1  1  1  1  1  1  1  1  1  1  1  1  1  1  1  1  1  1 
14  1  1  1  1  1  1  1  1  1  1  1  1  1  1  1 ##  1  5  1  1 
15  1  1  1  1  1  1  1  1  1  1  1  1  1  1  1 ## ##  1  1  1 
16  1  1  1  1  1  1  1  1  1  1  1  1  1  1  1  1 ## ## ##  1 
17  1  1  1  1  1  1  1  1  1  1  1  1  1  1  1  1 ## ## ##  1 
18  1  1  1  1  1  1  1  1  1  1  1  1  1  1  1  1 ##  1 ##  1 
19  1  1  1  1  1  1  1  1  1  1  1  1  1  1  1  1  1  1 ##  1 

[[[1.         1.         1.         ... 1.         1.         1.        ]
  [1.         1.         1.         ... 1.         1.         1.        ]
  [1.         1.         1.         ... 1.         1.         1.        ]
  ...
  [1.         1.         1.         ... 0.         1.         1.        ]
  [1.         1.         1.         ... 0.         0.         0.        ]
  [1.         1.         1.         ... 1.         1.         1.        ]]

 [[0.1        0.1        0.1        ... 0.1        0.1        0.1       ]
  [0.         0.2        0.         ... 0.1        0.1        0.1       ]
  [0.1        0.1        0.         ... 0.1        0.1        0.1       ]
  ...
  [0.1        0.1        0.1        ... 0.2        0.1        0.1       ]
  [0.1        0.1        0.1        ... 0.         0.         0.        ]
  [0.1        0.1        0.1        ... 0.1        0.1        0.1       ]]

 [[0.         0.         0.         ... 0.         0.         0.        ]
  [0.         0.         0.         ... 0.         0.         0.        ]
  [0.         0.         0.         ... 0.         0.         0.        ]
  ...
  [0.         0.         0.         ... 0.27272728 0.         0.        ]
  [0.         0.         0.         ... 0.         0.         0.        ]
  [0.         0.         0.         ... 0.         0.         0.        ]]

 ...

 [[0.3        0.3        0.3        ... 0.3        0.3        0.3       ]
  [0.3        0.3        0.3        ... 0.3        0.3        0.3       ]
  [0.3        0.3        0.3        ... 0.3        0.3        0.3       ]
  ...
  [0.3        0.3        0.3        ... 0.3        0.3        0.3       ]
  [0.3        0.3        0.3        ... 0.3        0.3        0.3       ]
  [0.3        0.3        0.3        ... 0.3        0.3        0.3       ]]

 [[0.         0.         0.         ... 0.         0.         0.        ]
  [0.         0.         0.         ... 0.         0.         0.        ]
  [0.         0.         0.         ... 0.         0.         0.        ]
  ...
  [0.         0.         0.         ... 0.         0.         0.        ]
  [0.         0.         0.         ... 0.         0.         0.        ]
  [0.         0.         0.         ... 0.         0.         0.        ]]

 [[0.         0.         0.         ... 0.         0.         0.        ]
  [0.         0.         0.         ... 0.         0.         0.        ]
  [0.         0.         0.         ... 0.         0.         0.        ]
  ...
  [0.         0.         0.         ... 0.         0.         0.        ]
  [0.         0.         0.         ... 0.         0.         0.        ]
  [0.         0.         0.         ... 0.         0.         0.        ]]]

===== 回合 4 =====
当前行动棋子: ID=3, 玩家=1
[InputManager] 玩家1的输入方法为: 函数式输入
[InputManager] 开始处理玩家1的行动输入
[FunctionInput] Executing action handler for player 1
[FunctionInput] Action handler executed successfully
[InputManager] 玩家1的行动输入处理完成
envState:1
action: 移动: 是
  目标位置: (6, 4)
攻击: 是
  攻击详情:
    攻击者ID: 3
    目标ID: 0
    伤害值: 0
法术: 否
移动成功到 (6, 4)
[Attack] Auto hit - no roll needed.
[Attack] Dealing 30 damage to target.
对棋子0造成30点伤害

当前棋盘:
    0  1  2  3  4  5  6  7  8  9 10 11 12 13 14 15 16 17 18 19 

 0  1  1  1  1  1  1  1  1  1  1  1  1  1  1  1  1  1  1  1  1 
 1  1  1  1  1  1  1  1  1  1  1  1  1  1  1  1  1  1  1  1  1 
 2  1  1  1  1  1  1  1  1  1  1  1  1  1  1  1  1  1  1  1  1 
 3  1  1  1  1  1  1  1  1  1  1  1  1  1  1  1  1  1  1  1  1 
 4  1  1  1 ## ##  0  3  1  1  1  1  1  1  1  1  1  1  1  1  1 
 5  1  1  1  1 ##  4  1  1  1  1  1  1  1  1  1  1  1  1  1  1 
 6  1  1  1  1  1  2  1  1  1  1  1  1  1  1  1  1  1  1  1  1 
 7  1  1  1  1  1  1  1  1  1  1  1  1  1  1  1  1  1  1  1  1 
 8  1  1  1  1  1  1  1  1  1  1  1  1  1  1  1  1  1  1  1  1 
 9  1  1  1  1  1  1  1  1  1  1  1  1  1  1  1  1  1  1  1  1 
10  1  1  1  1  1  1  1  1  1  1  1  1  1  1  1  1  1  1  1  1 
11  1  1  1  1  1  1  1  1  1  1  1  1  1  1  1  1  1  1  1  1 
12  1  1  1  1  1  1  1  1  1  1  1  1  1  1  1  1  1  1  1  1 
13  1  1  1  1  1  1  1  1  1  1  1  1  1  1  1  1  1  1  1  1 
14  1  1  1  1  1  1  1  1  1  1  1  1  1  1  1 ##  1  5  1  1 
15  1  1  1  1  1  1  1  1  1  1  1  1  1  1  1 ## ##  1  1  1 
16  1  1  1  1  1  1  1  1  1  1  1  1  1  1  1  1 ## ## ##  1 
17  1  1  1  1  1  1  1  1  1  1  1  1  1  1  1  1 ## ## ##  1 
18  1  1  1  1  1  1  1  1  1  1  1  1  1  1  1  1 ##  1 ##  1 
19  1  1  1  1  1  1  1  1  1  1  1  1  1  1  1  1  1  1 ##  1 

[[[1.  1.  1.  ... 1.  1.  1. ]
  [1.  1.  1.  ... 1.  1.  1. ]
  [1.  1.  1.  ... 1.  1.  1. ]
  ...
  [1.  1.  1.  ... 0.  1.  1. ]
  [1.  1.  1.  ... 0.  0.  0. ]
  [1.  1.  1.  ... 1.  1.  1. ]]

 [[0.1 0.1 0.1 ... 0.1 0.1 0.1]
  [0.  0.2 0.  ... 0.1 0.1 0.1]
  [0.1 0.1 0.  ... 0.1 0.1 0.1]
  ...
  [0.1 0.1 0.1 ... 0.2 0.1 0.1]
  [0.1 0.1 0.1 ... 0.  0.  0. ]
  [0.1 0.1 0.1 ... 0.1 0.1 0.1]]

 [[0.  0.  0.  ... 0.  0.  0. ]
  [0.  0.  0.  ... 0.  0.  0. ]
  [0.  0.  0.  ... 0.  0.  0. ]
  ...
  [0.  0.  0.  ... 0.  0.  0. ]
  [0.  0.  0.  ... 0.  0.  0. ]
  [0.  0.  0.  ... 0.  0.  0. ]]

 ...

 [[0.3 0.3 0.3 ... 0.3 0.3 0.3]
  [0.3 0.3 0.3 ... 0.3 0.3 0.3]
  [0.3 0.3 0.3 ... 0.3 0.3 0.3]
  ...
  [0.3 0.3 0.3 ... 0.3 0.3 0.3]
  [0.3 0.3 0.3 ... 0.3 0.3 0.3]
  [0.3 0.3 0.3 ... 0.3 0.3 0.3]]

 [[0.  0.  0.  ... 0.  0.  0. ]
  [0.  0.  0.  ... 0.  0.  0. ]
  [0.  0.  0.  ... 0.  0.  0. ]
  ...
  [0.  0.  0.  ... 0.  0.  0. ]
  [0.  0.  0.  ... 0.  0.  0. ]
  [0.  0.  0.  ... 0.  0.  0. ]]

 [[0.  0.  0.  ... 0.  0.  0. ]
  [0.  0.  0.  ... 0.  0.  0. ]
  [0.  0.  0.  ... 0.  0.  0. ]
  ...
  [0.  0.  0.  ... 0.  0.  0. ]
  [0.  0.  0.  ... 0.  0.  0. ]
  [0.  0.  0.  ... 0.  0.  0. ]]]

===== 回合 5 =====
当前行动棋子: ID=4, 玩家=1
[InputManager] 玩家1的输入方法为: 函数式输入
[InputManager] 开始处理玩家1的行动输入
[FunctionInput] Executing action handler for player 1
[FunctionInput] Action handler executed successfully
[InputManager] 玩家1的行动输入处理完成
envState:1
action: 移动: 是
  目标位置: (5, 5)
攻击: 是
  攻击详情:
    攻击者ID: 4
    目标ID: 0
    伤害值: 0
法术: 否
目标位置(5, 5)被占据
移动失败
[Attack] Auto hit - no roll needed.
[Attack] Dealing 30 damage to target.
对棋子0造成30点伤害

当前棋盘:
    0  1  2  3  4  5  6  7  8  9 10 11 12 13 14 15 16 17 18 19 

 0  1  1  1  1  1  1  1  1  1  1  1  1  1  1  1  1  1  1  1  1 
 1  1  1  1  1  1  1  1  1  1  1  1  1  1  1  1  1  1  1  1  1 
 2  1  1  1  1  1  1  1  1  1  1  1  1  1  1  1  1  1  1  1  1 
 3  1  1  1  1  1  1  1  1  1  1  1  1  1  1  1  1  1  1  1  1 
 4  1  1  1 ## ##  0  3  1  1  1  1  1  1  1  1  1  1  1  1  1 
 5  1  1  1  1 ##  4  1  1  1  1  1  1  1  1  1  1  1  1  1  1 
 6  1  1  1  1  1  2  1  1  1  1  1  1  1  1  1  1  1  1  1  1 
 7  1  1  1  1  1  1  1  1  1  1  1  1  1  1  1  1  1  1  1  1 
 8  1  1  1  1  1  1  1  1  1  1  1  1  1  1  1  1  1  1  1  1 
 9  1  1  1  1  1  1  1  1  1  1  1  1  1  1  1  1  1  1  1  1 
10  1  1  1  1  1  1  1  1  1  1  1  1  1  1  1  1  1  1  1  1 
11  1  1  1  1  1  1  1  1  1  1  1  1  1  1  1  1  1  1  1  1 
12  1  1  1  1  1  1  1  1  1  1  1  1  1  1  1  1  1  1  1  1 
13  1  1  1  1  1  1  1  1  1  1  1  1  1  1  1  1  1  1  1  1 
14  1  1  1  1  1  1  1  1  1  1  1  1  1  1  1 ##  1  5  1  1 
15  1  1  1  1  1  1  1  1  1  1  1  1  1  1  1 ## ##  1  1  1 
16  1  1  1  1  1  1  1  1  1  1  1  1  1  1  1  1 ## ## ##  1 
17  1  1  1  1  1  1  1  1  1  1  1  1  1  1  1  1 ## ## ##  1 
18  1  1  1  1  1  1  1  1  1  1  1  1  1  1  1  1 ##  1 ##  1 
19  1  1  1  1  1  1  1  1  1  1  1  1  1  1  1  1  1  1 ##  1 

[[[1.  1.  1.  ... 1.  1.  1. ]
  [1.  1.  1.  ... 1.  1.  1. ]
  [1.  1.  1.  ... 1.  1.  1. ]
  ...
  [1.  1.  1.  ... 0.  1.  1. ]
  [1.  1.  1.  ... 0.  0.  0. ]
  [1.  1.  1.  ... 1.  1.  1. ]]

 [[0.1 0.1 0.1 ... 0.1 0.1 0.1]
  [0.  0.2 0.  ... 0.1 0.1 0.1]
  [0.1 0.1 0.  ... 0.1 0.1 0.1]
  ...
  [0.1 0.1 0.1 ... 0.2 0.1 0.1]
  [0.1 0.1 0.1 ... 0.  0.  0. ]
  [0.1 0.1 0.1 ... 0.1 0.1 0.1]]

 [[0.  0.  0.  ... 0.  0.  0. ]
  [0.  0.  0.  ... 0.  0.  0. ]
  [0.  0.  0.  ... 0.  0.  0. ]
  ...
  [0.  0.  0.  ... 0.  0.  0. ]
  [0.  0.  0.  ... 0.  0.  0. ]
  [0.  0.  0.  ... 0.  0.  0. ]]

 ...

 [[0.3 0.3 0.3 ... 0.3 0.3 0.3]
  [0.3 0.3 0.3 ... 0.3 0.3 0.3]
  [0.3 0.3 0.3 ... 0.3 0.3 0.3]
  ...
  [0.3 0.3 0.3 ... 0.3 0.3 0.3]
  [0.3 0.3 0.3 ... 0.3 0.3 0.3]
  [0.3 0.3 0.3 ... 0.3 0.3 0.3]]

 [[0.  0.  0.  ... 0.  0.  0. ]
  [0.  0.  0.  ... 0.  0.  0. ]
  [0.  0.  0.  ... 0.  0.  0. ]
  ...
  [0.  0.  0.  ... 0.  0.  0. ]
  [0.  0.  0.  ... 0.  0.  0. ]
  [0.  0.  0.  ... 0.  0.  0. ]]

 [[0.  0.  0.  ... 0.  0.  0. ]
  [0.  0.  0.  ... 0.  0.  0. ]
  [0.  0.  0.  ... 0.  0.  0. ]
  ...
  [0.  0.  0.  ... 0.  0.  0. ]
  [0.  0.  0.  ... 0.  0.  0. ]
  [0.  0.  0.  ... 0.  0.  0. ]]]

===== 回合 6 =====
当前行动棋子: ID=5, 玩家=2
[InputManager] 玩家2的输入方法为: 函数式输入
[InputManager] 开始处理玩家2的行动输入
[FunctionInput] Executing action handler for player 2
[FunctionInput] Action handler executed successfully
[InputManager] 玩家2的行动输入处理完成
envState:1
action: 移动: 是
  目标位置: (6, 3)
攻击: 否
法术: 否
移动成功到 (6, 3)

当前棋盘:
    0  1  2  3  4  5  6  7  8  9 10 11 12 13 14 15 16 17 18 19 

 0  1  1  1  1  1  1  1  1  1  1  1  1  1  1  1  1  1  1  1  1 
 1  1  1  1  1  1  1  1  1  1  1  1  1  1  1  1  1  1  1  1  1 
 2  1  1  1  1  1  1  1  1  1  1  1  1  1  1  1  1  1  1  1  1 
 3  1  1  1  1  1  1  5  1  1  1  1  1  1  1  1  1  1  1  1  1 
 4  1  1  1 ## ##  0  3  1  1  1  1  1  1  1  1  1  1  1  1  1 
 5  1  1  1  1 ##  4  1  1  1  1  1  1  1  1  1  1  1  1  1  1 
 6  1  1  1  1  1  2  1  1  1  1  1  1  1  1  1  1  1  1  1  1 
 7  1  1  1  1  1  1  1  1  1  1  1  1  1  1  1  1  1  1  1  1 
 8  1  1  1  1  1  1  1  1  1  1  1  1  1  1  1  1  1  1  1  1 
 9  1  1  1  1  1  1  1  1  1  1  1  1  1  1  1  1  1  1  1  1 
10  1  1  1  1  1  1  1  1  1  1  1  1  1  1  1  1  1  1  1  1 
11  1  1  1  1  1  1  1  1  1  1  1  1  1  1  1  1  1  1  1  1 
12  1  1  1  1  1  1  1  1  1  1  1  1  1  1  1  1  1  1  1  1 
13  1  1  1  1  1  1  1  1  1  1  1  1  1  1  1  1  1  1  1  1 
14  1  1  1  1  1  1  1  1  1  1  1  1  1  1  1 ##  1  1  1  1 
15  1  1  1  1  1  1  1  1  1  1  1  1  1  1  1 ## ##  1  1  1 
16  1  1  1  1  1  1  1  1  1  1  1  1  1  1  1  1 ## ## ##  1 
17  1  1  1  1  1  1  1  1  1  1  1  1  1  1  1  1 ## ## ##  1 
18  1  1  1  1  1  1  1  1  1  1  1  1  1  1  1  1 ##  1 ##  1 
19  1  1  1  1  1  1  1  1  1  1  1  1  1  1  1  1  1  1 ##  1 

[[[1.  1.  1.  ... 1.  1.  1. ]
  [1.  1.  1.  ... 1.  1.  1. ]
  [1.  1.  1.  ... 1.  1.  1. ]
  ...
  [1.  1.  1.  ... 0.  1.  1. ]
  [1.  1.  1.  ... 0.  0.  0. ]
  [1.  1.  1.  ... 1.  1.  1. ]]

 [[0.1 0.1 0.1 ... 0.1 0.1 0.1]
  [0.  0.2 0.  ... 0.1 0.1 0.1]
  [0.1 0.1 0.  ... 0.1 0.1 0.1]
  ...
  [0.1 0.1 0.1 ... 0.2 0.1 0.1]
  [0.1 0.1 0.1 ... 0.  0.  0. ]
  [0.1 0.1 0.1 ... 0.1 0.1 0.1]]

 [[0.  0.  0.  ... 0.  0.  0. ]
  [0.  0.  0.  ... 0.  0.  0. ]
  [0.  0.  0.  ... 0.  0.  0. ]
  ...
  [0.  0.  0.  ... 0.  0.  0. ]
  [0.  0.  0.  ... 0.  0.  0. ]
  [0.  0.  0.  ... 0.  0.  0. ]]

 ...

 [[0.3 0.3 0.3 ... 0.3 0.3 0.3]
  [0.3 0.3 0.3 ... 0.3 0.3 0.3]
  [0.3 0.3 0.3 ... 0.3 0.3 0.3]
  ...
  [0.3 0.3 0.3 ... 0.3 0.3 0.3]
  [0.3 0.3 0.3 ... 0.3 0.3 0.3]
  [0.3 0.3 0.3 ... 0.3 0.3 0.3]]

 [[0.  0.  0.  ... 0.  0.  0. ]
  [0.  0.  0.  ... 0.  0.  0. ]
  [0.  0.  0.  ... 0.  0.  0. ]
  ...
  [0.  0.  0.  ... 0.  0.  0. ]
  [0.  0.  0.  ... 0.  0.  0. ]
  [0.  0.  0.  ... 0.  0.  0. ]]

 [[0.  0.  0.  ... 0.  0.  0. ]
  [0.  0.  0.  ... 0.  0.  0. ]
  [0.  0.  0.  ... 0.  0.  0. ]
  ...
  [0.  0.  0.  ... 0.  0.  0. ]
  [0.  0.  0.  ... 0.  0.  0. ]
  [0.  0.  0.  ... 0.  0.  0. ]]]

===== 回合 7 =====
当前行动棋子: ID=0, 玩家=2
[InputManager] 玩家2的输入方法为: 函数式输入
[InputManager] 开始处理玩家2的行动输入
[FunctionInput] Executing action handler for player 2
[FunctionInput] Action handler executed successfully
[InputManager] 玩家2的行动输入处理完成
envState:1
action: 移动: 是
  目标位置: (5, 4)
攻击: 是
  攻击详情:
    攻击者ID: 0
    目标ID: 1
    伤害值: 0
法术: 否
目标位置(5, 4)被占据
移动失败
[Attack] Auto hit - no roll needed.
[Attack] Dealing 30 damage to target.
对棋子1造成30点伤害

当前棋盘:
    0  1  2  3  4  5  6  7  8  9 10 11 12 13 14 15 16 17 18 19 

 0  1  1  1  1  1  1  1  1  1  1  1  1  1  1  1  1  1  1  1  1 
 1  1  1  1  1  1  1  1  1  1  1  1  1  1  1  1  1  1  1  1  1 
 2  1  1  1  1  1  1  1  1  1  1  1  1  1  1  1  1  1  1  1  1 
 3  1  1  1  1  1  1  5  1  1  1  1  1  1  1  1  1  1  1  1  1 
 4  1  1  1 ## ##  0  3  1  1  1  1  1  1  1  1  1  1  1  1  1 
 5  1  1  1  1 ##  4  1  1  1  1  1  1  1  1  1  1  1  1  1  1 
 6  1  1  1  1  1  2  1  1  1  1  1  1  1  1  1  1  1  1  1  1 
 7  1  1  1  1  1  1  1  1  1  1  1  1  1  1  1  1  1  1  1  1 
 8  1  1  1  1  1  1  1  1  1  1  1  1  1  1  1  1  1  1  1  1 
 9  1  1  1  1  1  1  1  1  1  1  1  1  1  1  1  1  1  1  1  1 
10  1  1  1  1  1  1  1  1  1  1  1  1  1  1  1  1  1  1  1  1 
11  1  1  1  1  1  1  1  1  1  1  1  1  1  1  1  1  1  1  1  1 
12  1  1  1  1  1  1  1  1  1  1  1  1  1  1  1  1  1  1  1  1 
13  1  1  1  1  1  1  1  1  1  1  1  1  1  1  1  1  1  1  1  1 
14  1  1  1  1  1  1  1  1  1  1  1  1  1  1  1 ##  1  1  1  1 
15  1  1  1  1  1  1  1  1  1  1  1  1  1  1  1 ## ##  1  1  1 
16  1  1  1  1  1  1  1  1  1  1  1  1  1  1  1  1 ## ## ##  1 
17  1  1  1  1  1  1  1  1  1  1  1  1  1  1  1  1 ## ## ##  1 
18  1  1  1  1  1  1  1  1  1  1  1  1  1  1  1  1 ##  1 ##  1 
19  1  1  1  1  1  1  1  1  1  1  1  1  1  1  1  1  1  1 ##  1 

[[[1.  1.  1.  ... 1.  1.  1. ]
  [1.  1.  1.  ... 1.  1.  1. ]
  [1.  1.  1.  ... 1.  1.  1. ]
  ...
  [1.  1.  1.  ... 0.  1.  1. ]
  [1.  1.  1.  ... 0.  0.  0. ]
  [1.  1.  1.  ... 1.  1.  1. ]]

 [[0.1 0.1 0.1 ... 0.1 0.1 0.1]
  [0.  0.2 0.  ... 0.1 0.1 0.1]
  [0.1 0.1 0.  ... 0.1 0.1 0.1]
  ...
  [0.1 0.1 0.1 ... 0.2 0.1 0.1]
  [0.1 0.1 0.1 ... 0.  0.  0. ]
  [0.1 0.1 0.1 ... 0.1 0.1 0.1]]

 [[0.  0.  0.  ... 0.  0.  0. ]
  [0.  0.  0.  ... 0.  0.  0. ]
  [0.  0.  0.  ... 0.  0.  0. ]
  ...
  [0.  0.  0.  ... 0.  0.  0. ]
  [0.  0.  0.  ... 0.  0.  0. ]
  [0.  0.  0.  ... 0.  0.  0. ]]

 ...

 [[0.3 0.3 0.3 ... 0.3 0.3 0.3]
  [0.3 0.3 0.3 ... 0.3 0.3 0.3]
  [0.3 0.3 0.3 ... 0.3 0.3 0.3]
  ...
  [0.3 0.3 0.3 ... 0.3 0.3 0.3]
  [0.3 0.3 0.3 ... 0.3 0.3 0.3]
  [0.3 0.3 0.3 ... 0.3 0.3 0.3]]

 [[0.  0.  0.  ... 0.  0.  0. ]
  [0.  0.  0.  ... 0.  0.  0. ]
  [0.  0.  0.  ... 0.  0.  0. ]
  ...
  [0.  0.  0.  ... 0.  0.  0. ]
  [0.  0.  0.  ... 0.  0.  0. ]
  [0.  0.  0.  ... 0.  0.  0. ]]

 [[0.  0.  0.  ... 0.  0.  0. ]
  [0.  0.  0.  ... 0.  0.  0. ]
  [0.  0.  0.  ... 0.  0.  0. ]
  ...
  [0.  0.  0.  ... 0.  0.  0. ]
  [0.  0.  0.  ... 0.  0.  0. ]
  [0.  0.  0.  ... 0.  0.  0. ]]]

===== 回合 8 =====
当前行动棋子: ID=1, 玩家=1
[InputManager] 玩家1的输入方法为: 函数式输入
[InputManager] 开始处理玩家1的行动输入
[FunctionInput] Executing action handler for player 1
[FunctionInput] Action handler executed successfully
[InputManager] 玩家1的行动输入处理完成
envState:1
action: 移动: 是
  目标位置: (5, 3)
攻击: 是
  攻击详情:
    攻击者ID: 1
    目标ID: 5
    伤害值: 0
法术: 否
目标位置(5, 3)被占据
移动失败
[Attack] Auto hit - no roll needed.
[Attack] Dealing 30 damage to target.
对棋子5造成30点伤害

当前棋盘:
    0  1  2  3  4  5  6  7  8  9 10 11 12 13 14 15 16 17 18 19 

 0  1  1  1  1  1  1  1  1  1  1  1  1  1  1  1  1  1  1  1  1 
 1  1  1  1  1  1  1  1  1  1  1  1  1  1  1  1  1  1  1  1  1 
 2  1  1  1  1  1  1  1  1  1  1  1  1  1  1  1  1  1  1  1  1 
 3  1  1  1  1  1  1  5  1  1  1  1  1  1  1  1  1  1  1  1  1 
 4  1  1  1 ## ##  0  3  1  1  1  1  1  1  1  1  1  1  1  1  1 
 5  1  1  1  1 ##  4  1  1  1  1  1  1  1  1  1  1  1  1  1  1 
 6  1  1  1  1  1  2  1  1  1  1  1  1  1  1  1  1  1  1  1  1 
 7  1  1  1  1  1  1  1  1  1  1  1  1  1  1  1  1  1  1  1  1 
 8  1  1  1  1  1  1  1  1  1  1  1  1  1  1  1  1  1  1  1  1 
 9  1  1  1  1  1  1  1  1  1  1  1  1  1  1  1  1  1  1  1  1 
10  1  1  1  1  1  1  1  1  1  1  1  1  1  1  1  1  1  1  1  1 
11  1  1  1  1  1  1  1  1  1  1  1  1  1  1  1  1  1  1  1  1 
12  1  1  1  1  1  1  1  1  1  1  1  1  1  1  1  1  1  1  1  1 
13  1  1  1  1  1  1  1  1  1  1  1  1  1  1  1  1  1  1  1  1 
14  1  1  1  1  1  1  1  1  1  1  1  1  1  1  1 ##  1  1  1  1 
15  1  1  1  1  1  1  1  1  1  1  1  1  1  1  1 ## ##  1  1  1 
16  1  1  1  1  1  1  1  1  1  1  1  1  1  1  1  1 ## ## ##  1 
17  1  1  1  1  1  1  1  1  1  1  1  1  1  1  1  1 ## ## ##  1 
18  1  1  1  1  1  1  1  1  1  1  1  1  1  1  1  1 ##  1 ##  1 
19  1  1  1  1  1  1  1  1  1  1  1  1  1  1  1  1  1  1 ##  1 

[[[1.  1.  1.  ... 1.  1.  1. ]
  [1.  1.  1.  ... 1.  1.  1. ]
  [1.  1.  1.  ... 1.  1.  1. ]
  ...
  [1.  1.  1.  ... 0.  1.  1. ]
  [1.  1.  1.  ... 0.  0.  0. ]
  [1.  1.  1.  ... 1.  1.  1. ]]

 [[0.1 0.1 0.1 ... 0.1 0.1 0.1]
  [0.  0.2 0.  ... 0.1 0.1 0.1]
  [0.1 0.1 0.  ... 0.1 0.1 0.1]
  ...
  [0.1 0.1 0.1 ... 0.2 0.1 0.1]
  [0.1 0.1 0.1 ... 0.  0.  0. ]
  [0.1 0.1 0.1 ... 0.1 0.1 0.1]]

 [[0.  0.  0.  ... 0.  0.  0. ]
  [0.  0.  0.  ... 0.  0.  0. ]
  [0.  0.  0.  ... 0.  0.  0. ]
  ...
  [0.  0.  0.  ... 0.  0.  0. ]
  [0.  0.  0.  ... 0.  0.  0. ]
  [0.  0.  0.  ... 0.  0.  0. ]]

 ...

 [[0.3 0.3 0.3 ... 0.3 0.3 0.3]
  [0.3 0.3 0.3 ... 0.3 0.3 0.3]
  [0.3 0.3 0.3 ... 0.3 0.3 0.3]
  ...
  [0.3 0.3 0.3 ... 0.3 0.3 0.3]
  [0.3 0.3 0.3 ... 0.3 0.3 0.3]
  [0.3 0.3 0.3 ... 0.3 0.3 0.3]]

 [[0.  0.  0.  ... 0.  0.  0. ]
  [0.  0.  0.  ... 0.  0.  0. ]
  [0.  0.  0.  ... 0.  0.  0. ]
  ...
  [0.  0.  0.  ... 0.  0.  0. ]
  [0.  0.  0.  ... 0.  0.  0. ]
  [0.  0.  0.  ... 0.  0.  0. ]]

 [[0.  0.  0.  ... 0.  0.  0. ]
  [0.  0.  0.  ... 0.  0.  0. ]
  [0.  0.  0.  ... 0.  0.  0. ]
  ...
  [0.  0.  0.  ... 0.  0.  0. ]
  [0.  0.  0.  ... 0.  0.  0. ]
  [0.  0.  0.  ... 0.  0.  0. ]]]

===== 回合 9 =====
当前行动棋子: ID=2, 玩家=2
[InputManager] 玩家2的输入方法为: 函数式输入
[InputManager] 开始处理玩家2的行动输入
[FunctionInput] Executing action handler for player 2
[FunctionInput] Action handler executed successfully
[InputManager] 玩家2的行动输入处理完成
envState:1
action: 移动: 是
  目标位置: (5, 6)
攻击: 是
  攻击详情:
    攻击者ID: 2
    目标ID: 4
    伤害值: 0
法术: 否
目标位置(5, 6)被占据
移动失败
[Attack] Auto hit - no roll needed.
[Attack] Dealing 30 damage to target.
对棋子4造成30点伤害

当前棋盘:
    0  1  2  3  4  5  6  7  8  9 10 11 12 13 14 15 16 17 18 19 

 0  1  1  1  1  1  1  1  1  1  1  1  1  1  1  1  1  1  1  1  1 
 1  1  1  1  1  1  1  1  1  1  1  1  1  1  1  1  1  1  1  1  1 
 2  1  1  1  1  1  1  1  1  1  1  1  1  1  1  1  1  1  1  1  1 
 3  1  1  1  1  1  1  5  1  1  1  1  1  1  1  1  1  1  1  1  1 
 4  1  1  1 ## ##  0  3  1  1  1  1  1  1  1  1  1  1  1  1  1 
 5  1  1  1  1 ##  4  1  1  1  1  1  1  1  1  1  1  1  1  1  1 
 6  1  1  1  1  1  2  1  1  1  1  1  1  1  1  1  1  1  1  1  1 
 7  1  1  1  1  1  1  1  1  1  1  1  1  1  1  1  1  1  1  1  1 
 8  1  1  1  1  1  1  1  1  1  1  1  1  1  1  1  1  1  1  1  1 
 9  1  1  1  1  1  1  1  1  1  1  1  1  1  1  1  1  1  1  1  1 
10  1  1  1  1  1  1  1  1  1  1  1  1  1  1  1  1  1  1  1  1 
11  1  1  1  1  1  1  1  1  1  1  1  1  1  1  1  1  1  1  1  1 
12  1  1  1  1  1  1  1  1  1  1  1  1  1  1  1  1  1  1  1  1 
13  1  1  1  1  1  1  1  1  1  1  1  1  1  1  1  1  1  1  1  1 
14  1  1  1  1  1  1  1  1  1  1  1  1  1  1  1 ##  1  1  1  1 
15  1  1  1  1  1  1  1  1  1  1  1  1  1  1  1 ## ##  1  1  1 
16  1  1  1  1  1  1  1  1  1  1  1  1  1  1  1  1 ## ## ##  1 
17  1  1  1  1  1  1  1  1  1  1  1  1  1  1  1  1 ## ## ##  1 
18  1  1  1  1  1  1  1  1  1  1  1  1  1  1  1  1 ##  1 ##  1 
19  1  1  1  1  1  1  1  1  1  1  1  1  1  1  1  1  1  1 ##  1 

[[[1.  1.  1.  ... 1.  1.  1. ]
  [1.  1.  1.  ... 1.  1.  1. ]
  [1.  1.  1.  ... 1.  1.  1. ]
  ...
  [1.  1.  1.  ... 0.  1.  1. ]
  [1.  1.  1.  ... 0.  0.  0. ]
  [1.  1.  1.  ... 1.  1.  1. ]]

 [[0.1 0.1 0.1 ... 0.1 0.1 0.1]
  [0.  0.2 0.  ... 0.1 0.1 0.1]
  [0.1 0.1 0.  ... 0.1 0.1 0.1]
  ...
  [0.1 0.1 0.1 ... 0.2 0.1 0.1]
  [0.1 0.1 0.1 ... 0.  0.  0. ]
  [0.1 0.1 0.1 ... 0.1 0.1 0.1]]

 [[0.  0.  0.  ... 0.  0.  0. ]
  [0.  0.  0.  ... 0.  0.  0. ]
  [0.  0.  0.  ... 0.  0.  0. ]
  ...
  [0.  0.  0.  ... 0.  0.  0. ]
  [0.  0.  0.  ... 0.  0.  0. ]
  [0.  0.  0.  ... 0.  0.  0. ]]

 ...

 [[0.3 0.3 0.3 ... 0.3 0.3 0.3]
  [0.3 0.3 0.3 ... 0.3 0.3 0.3]
  [0.3 0.3 0.3 ... 0.3 0.3 0.3]
  ...
  [0.3 0.3 0.3 ... 0.3 0.3 0.3]
  [0.3 0.3 0.3 ... 0.3 0.3 0.3]
  [0.3 0.3 0.3 ... 0.3 0.3 0.3]]

 [[0.  0.  0.  ... 0.  0.  0. ]
  [0.  0.  0.  ... 0.  0.  0. ]
  [0.  0.  0.  ... 0.  0.  0. ]
  ...
  [0.  0.  0.  ... 0.  0.  0. ]
  [0.  0.  0.  ... 0.  0.  0. ]
  [0.  0.  0.  ... 0.  0.  0. ]]

 [[0.  0.  0.  ... 0.  0.  0. ]
  [0.  0.  0.  ... 0.  0.  0. ]
  [0.  0.  0.  ... 0.  0.  0. ]
  ...
  [0.  0.  0.  ... 0.  0.  0. ]
  [0.  0.  0.  ... 0.  0.  0. ]
  [0.  0.  0.  ... 0.  0.  0. ]]]

===== 回合 10 =====
当前行动棋子: ID=3, 玩家=1
[InputManager] 玩家1的输入方法为: 函数式输入
[InputManager] 开始处理玩家1的行动输入
[FunctionInput] Executing action handler for player 1
[FunctionInput] Action handler executed successfully
[InputManager] 玩家1的行动输入处理完成
envState:1
action: 移动: 是
  目标位置: (6, 2)
攻击: 是
  攻击详情:
    攻击者ID: 3
    目标ID: 5
    伤害值: 0
法术: 否
移动成功到 (6, 2)
[Attack] Auto hit - no roll needed.
[Attack] Dealing 30 damage to target.
对棋子5造成30点伤害

当前棋盘:
    0  1  2  3  4  5  6  7  8  9 10 11 12 13 14 15 16 17 18 19 

 0  1  1  1  1  1  1  1  1  1  1  1  1  1  1  1  1  1  1  1  1 
 1  1  1  1  1  1  1  1  1  1  1  1  1  1  1  1  1  1  1  1  1 
 2  1  1  1  1  1  1  3  1  1  1  1  1  1  1  1  1  1  1  1  1 
 3  1  1  1  1  1  1  5  1  1  1  1  1  1  1  1  1  1  1  1  1 
 4  1  1  1 ## ##  0  1  1  1  1  1  1  1  1  1  1  1  1  1  1 
 5  1  1  1  1 ##  4  1  1  1  1  1  1  1  1  1  1  1  1  1  1 
 6  1  1  1  1  1  2  1  1  1  1  1  1  1  1  1  1  1  1  1  1 
 7  1  1  1  1  1  1  1  1  1  1  1  1  1  1  1  1  1  1  1  1 
 8  1  1  1  1  1  1  1  1  1  1  1  1  1  1  1  1  1  1  1  1 
 9  1  1  1  1  1  1  1  1  1  1  1  1  1  1  1  1  1  1  1  1 
10  1  1  1  1  1  1  1  1  1  1  1  1  1  1  1  1  1  1  1  1 
11  1  1  1  1  1  1  1  1  1  1  1  1  1  1  1  1  1  1  1  1 
12  1  1  1  1  1  1  1  1  1  1  1  1  1  1  1  1  1  1  1  1 
13  1  1  1  1  1  1  1  1  1  1  1  1  1  1  1  1  1  1  1  1 
14  1  1  1  1  1  1  1  1  1  1  1  1  1  1  1 ##  1  1  1  1 
15  1  1  1  1  1  1  1  1  1  1  1  1  1  1  1 ## ##  1  1  1 
16  1  1  1  1  1  1  1  1  1  1  1  1  1  1  1  1 ## ## ##  1 
17  1  1  1  1  1  1  1  1  1  1  1  1  1  1  1  1 ## ## ##  1 
18  1  1  1  1  1  1  1  1  1  1  1  1  1  1  1  1 ##  1 ##  1 
19  1  1  1  1  1  1  1  1  1  1  1  1  1  1  1  1  1  1 ##  1 

[[[1.  1.  1.  ... 1.  1.  1. ]
  [1.  1.  1.  ... 1.  1.  1. ]
  [1.  1.  1.  ... 1.  1.  1. ]
  ...
  [1.  1.  1.  ... 0.  1.  1. ]
  [1.  1.  1.  ... 0.  0.  0. ]
  [1.  1.  1.  ... 1.  1.  1. ]]

 [[0.1 0.1 0.1 ... 0.1 0.1 0.1]
  [0.  0.2 0.  ... 0.1 0.1 0.1]
  [0.1 0.1 0.  ... 0.1 0.1 0.1]
  ...
  [0.1 0.1 0.1 ... 0.2 0.1 0.1]
  [0.1 0.1 0.1 ... 0.  0.  0. ]
  [0.1 0.1 0.1 ... 0.1 0.1 0.1]]

 [[0.  0.  0.  ... 0.  0.  0. ]
  [0.  0.  0.  ... 0.  0.  0. ]
  [0.  0.  0.  ... 0.  0.  0. ]
  ...
  [0.  0.  0.  ... 0.  0.  0. ]
  [0.  0.  0.  ... 0.  0.  0. ]
  [0.  0.  0.  ... 0.  0.  0. ]]

 ...

 [[0.3 0.3 0.3 ... 0.3 0.3 0.3]
  [0.3 0.3 0.3 ... 0.3 0.3 0.3]
  [0.3 0.3 0.3 ... 0.3 0.3 0.3]
  ...
  [0.3 0.3 0.3 ... 0.3 0.3 0.3]
  [0.3 0.3 0.3 ... 0.3 0.3 0.3]
  [0.3 0.3 0.3 ... 0.3 0.3 0.3]]

 [[0.  0.  0.  ... 0.  0.  0. ]
  [0.  0.  0.  ... 0.  0.  0. ]
  [0.  0.  0.  ... 0.  0.  0. ]
  ...
  [0.  0.  0.  ... 0.  0.  0. ]
  [0.  0.  0.  ... 0.  0.  0. ]
  [0.  0.  0.  ... 0.  0.  0. ]]

 [[0.  0.  0.  ... 0.  0.  0. ]
  [0.  0.  0.  ... 0.  0.  0. ]
  [0.  0.  0.  ... 0.  0.  0. ]
  ...
  [0.  0.  0.  ... 0.  0.  0. ]
  [0.  0.  0.  ... 0.  0.  0. ]
  [0.  0.  0.  ... 0.  0.  0. ]]]

===== 回合 11 =====
当前行动棋子: ID=4, 玩家=1
[InputManager] 玩家1的输入方法为: 函数式输入
[InputManager] 开始处理玩家1的行动输入
[FunctionInput] Executing action handler for player 1
[FunctionInput] Action handler executed successfully
[InputManager] 玩家1的行动输入处理完成
envState:1
action: 移动: 是
  目标位置: (5, 5)
攻击: 是
  攻击详情:
    攻击者ID: 4
    目标ID: 0
    伤害值: 0
法术: 否
目标位置(5, 5)被占据
移动失败
[Attack] Auto hit - no roll needed.
[Attack] Dealing 30 damage to target.
对棋子0造成30点伤害

当前棋盘:
    0  1  2  3  4  5  6  7  8  9 10 11 12 13 14 15 16 17 18 19 

 0  1  1  1  1  1  1  1  1  1  1  1  1  1  1  1  1  1  1  1  1 
 1  1  1  1  1  1  1  1  1  1  1  1  1  1  1  1  1  1  1  1  1 
 2  1  1  1  1  1  1  3  1  1  1  1  1  1  1  1  1  1  1  1  1 
 3  1  1  1  1  1  1  5  1  1  1  1  1  1  1  1  1  1  1  1  1 
 4  1  1  1 ## ##  0  1  1  1  1  1  1  1  1  1  1  1  1  1  1 
 5  1  1  1  1 ##  4  1  1  1  1  1  1  1  1  1  1  1  1  1  1 
 6  1  1  1  1  1  2  1  1  1  1  1  1  1  1  1  1  1  1  1  1 
 7  1  1  1  1  1  1  1  1  1  1  1  1  1  1  1  1  1  1  1  1 
 8  1  1  1  1  1  1  1  1  1  1  1  1  1  1  1  1  1  1  1  1 
 9  1  1  1  1  1  1  1  1  1  1  1  1  1  1  1  1  1  1  1  1 
10  1  1  1  1  1  1  1  1  1  1  1  1  1  1  1  1  1  1  1  1 
11  1  1  1  1  1  1  1  1  1  1  1  1  1  1  1  1  1  1  1  1 
12  1  1  1  1  1  1  1  1  1  1  1  1  1  1  1  1  1  1  1  1 
13  1  1  1  1  1  1  1  1  1  1  1  1  1  1  1  1  1  1  1  1 
14  1  1  1  1  1  1  1  1  1  1  1  1  1  1  1 ##  1  1  1  1 
15  1  1  1  1  1  1  1  1  1  1  1  1  1  1  1 ## ##  1  1  1 
16  1  1  1  1  1  1  1  1  1  1  1  1  1  1  1  1 ## ## ##  1 
17  1  1  1  1  1  1  1  1  1  1  1  1  1  1  1  1 ## ## ##  1 
18  1  1  1  1  1  1  1  1  1  1  1  1  1  1  1  1 ##  1 ##  1 
19  1  1  1  1  1  1  1  1  1  1  1  1  1  1  1  1  1  1 ##  1 

[[[1.  1.  1.  ... 1.  1.  1. ]
  [1.  1.  1.  ... 1.  1.  1. ]
  [1.  1.  1.  ... 1.  1.  1. ]
  ...
  [1.  1.  1.  ... 0.  1.  1. ]
  [1.  1.  1.  ... 0.  0.  0. ]
  [1.  1.  1.  ... 1.  1.  1. ]]

 [[0.1 0.1 0.1 ... 0.1 0.1 0.1]
  [0.  0.2 0.  ... 0.1 0.1 0.1]
  [0.1 0.1 0.  ... 0.1 0.1 0.1]
  ...
  [0.1 0.1 0.1 ... 0.2 0.1 0.1]
  [0.1 0.1 0.1 ... 0.  0.  0. ]
  [0.1 0.1 0.1 ... 0.1 0.1 0.1]]

 [[0.  0.  0.  ... 0.  0.  0. ]
  [0.  0.  0.  ... 0.  0.  0. ]
  [0.  0.  0.  ... 0.  0.  0. ]
  ...
  [0.  0.  0.  ... 0.  0.  0. ]
  [0.  0.  0.  ... 0.  0.  0. ]
  [0.  0.  0.  ... 0.  0.  0. ]]

 ...

 [[0.3 0.3 0.3 ... 0.3 0.3 0.3]
  [0.3 0.3 0.3 ... 0.3 0.3 0.3]
  [0.3 0.3 0.3 ... 0.3 0.3 0.3]
  ...
  [0.3 0.3 0.3 ... 0.3 0.3 0.3]
  [0.3 0.3 0.3 ... 0.3 0.3 0.3]
  [0.3 0.3 0.3 ... 0.3 0.3 0.3]]

 [[0.  0.  0.  ... 0.  0.  0. ]
  [0.  0.  0.  ... 0.  0.  0. ]
  [0.  0.  0.  ... 0.  0.  0. ]
  ...
  [0.  0.  0.  ... 0.  0.  0. ]
  [0.  0.  0.  ... 0.  0.  0. ]
  [0.  0.  0.  ... 0.  0.  0. ]]

 [[0.  0.  0.  ... 0.  0.  0. ]
  [0.  0.  0.  ... 0.  0.  0. ]
  [0.  0.  0.  ... 0.  0.  0. ]
  ...
  [0.  0.  0.  ... 0.  0.  0. ]
  [0.  0.  0.  ... 0.  0.  0. ]
  [0.  0.  0.  ... 0.  0.  0. ]]]

===== 回合 12 =====
当前行动棋子: ID=5, 玩家=2
[InputManager] 玩家2的输入方法为: 函数式输入
[InputManager] 开始处理玩家2的行动输入
[FunctionInput] Executing action handler for player 2
[FunctionInput] Action handler executed successfully
[InputManager] 玩家2的行动输入处理完成
envState:1
action: 移动: 是
  目标位置: (4, 3)
攻击: 是
  攻击详情:
    攻击者ID: 5
    目标ID: 1
    伤害值: 0
法术: 否
移动成功到 (4, 3)
[Attack] Auto hit - no roll needed.
[Attack] Dealing 30 damage to target.
对棋子1造成30点伤害

当前棋盘:
    0  1  2  3  4  5  6  7  8  9 10 11 12 13 14 15 16 17 18 19 

 0  1  1  1  1  1  1  1  1  1  1  1  1  1  1  1  1  1  1  1  1 
 1  1  1  1  1  1  1  1  1  1  1  1  1  1  1  1  1  1  1  1  1 
 2  1  1  1  1  1  1  3  1  1  1  1  1  1  1  1  1  1  1  1  1 
 3  1  1  1  1  5  1  1  1  1  1  1  1  1  1  1  1  1  1  1  1 
 4  1  1  1 ## ##  0  1  1  1  1  1  1  1  1  1  1  1  1  1  1 
 5  1  1  1  1 ##  4  1  1  1  1  1  1  1  1  1  1  1  1  1  1 
 6  1  1  1  1  1  2  1  1  1  1  1  1  1  1  1  1  1  1  1  1 
 7  1  1  1  1  1  1  1  1  1  1  1  1  1  1  1  1  1  1  1  1 
 8  1  1  1  1  1  1  1  1  1  1  1  1  1  1  1  1  1  1  1  1 
 9  1  1  1  1  1  1  1  1  1  1  1  1  1  1  1  1  1  1  1  1 
10  1  1  1  1  1  1  1  1  1  1  1  1  1  1  1  1  1  1  1  1 
11  1  1  1  1  1  1  1  1  1  1  1  1  1  1  1  1  1  1  1  1 
12  1  1  1  1  1  1  1  1  1  1  1  1  1  1  1  1  1  1  1  1 
13  1  1  1  1  1  1  1  1  1  1  1  1  1  1  1  1  1  1  1  1 
14  1  1  1  1  1  1  1  1  1  1  1  1  1  1  1 ##  1  1  1  1 
15  1  1  1  1  1  1  1  1  1  1  1  1  1  1  1 ## ##  1  1  1 
16  1  1  1  1  1  1  1  1  1  1  1  1  1  1  1  1 ## ## ##  1 
17  1  1  1  1  1  1  1  1  1  1  1  1  1  1  1  1 ## ## ##  1 
18  1  1  1  1  1  1  1  1  1  1  1  1  1  1  1  1 ##  1 ##  1 
19  1  1  1  1  1  1  1  1  1  1  1  1  1  1  1  1  1  1 ##  1 

[[[1.         1.         1.         ... 1.         1.         1.        ]
  [1.         1.         1.         ... 1.         1.         1.        ]
  [1.         1.         1.         ... 1.         1.         1.        ]
  ...
  [1.         1.         1.         ... 0.         1.         1.        ]
  [1.         1.         1.         ... 0.         0.         0.        ]
  [1.         1.         1.         ... 1.         1.         1.        ]]

 [[0.1        0.1        0.1        ... 0.1        0.1        0.1       ]
  [0.         0.2        0.         ... 0.1        0.1        0.1       ]
  [0.1        0.1        0.         ... 0.1        0.1        0.1       ]
  ...
  [0.1        0.1        0.1        ... 0.2        0.1        0.1       ]
  [0.1        0.1        0.1        ... 0.         0.         0.        ]
  [0.1        0.1        0.1        ... 0.1        0.1        0.1       ]]

 [[0.         0.         0.         ... 0.         0.         0.        ]
  [0.         0.         0.         ... 0.         0.         0.        ]
  [0.         0.         0.27272728 ... 0.         0.         0.        ]
  ...
  [0.         0.         0.         ... 0.         0.         0.        ]
  [0.         0.         0.         ... 0.         0.         0.        ]
  [0.         0.         0.         ... 0.         0.         0.        ]]

 ...

 [[0.3        0.3        0.3        ... 0.3        0.3        0.3       ]
  [0.3        0.3        0.3        ... 0.3        0.3        0.3       ]
  [0.3        0.3        0.3        ... 0.3        0.3        0.3       ]
  ...
  [0.3        0.3        0.3        ... 0.3        0.3        0.3       ]
  [0.3        0.3        0.3        ... 0.3        0.3        0.3       ]
  [0.3        0.3        0.3        ... 0.3        0.3        0.3       ]]

 [[0.         0.         0.         ... 0.         0.         0.        ]
  [0.         0.         0.         ... 0.         0.         0.        ]
  [0.         0.         0.         ... 0.         0.         0.        ]
  ...
  [0.         0.         0.         ... 0.         0.         0.        ]
  [0.         0.         0.         ... 0.         0.         0.        ]
  [0.         0.         0.         ... 0.         0.         0.        ]]

 [[0.         0.         0.         ... 0.         0.         0.        ]
  [0.         0.         0.         ... 0.         0.         0.        ]
  [0.         0.         0.         ... 0.         0.         0.        ]
  ...
  [0.         0.         0.         ... 0.         0.         0.        ]
  [0.         0.         0.         ... 0.         0.         0.        ]
  [0.         0.         0.         ... 0.         0.         0.        ]]]

===== 回合 13 =====
当前行动棋子: ID=0, 玩家=2
[InputManager] 玩家2的输入方法为: 函数式输入
[InputManager] 开始处理玩家2的行动输入
[FunctionInput] Executing action handler for player 2
[FunctionInput] Action handler executed successfully
[InputManager] 玩家2的行动输入处理完成
envState:1
action: 移动: 是
  目标位置: (5, 2)
攻击: 是
  攻击详情:
    攻击者ID: 0
    目标ID: 1
    伤害值: 0
法术: 否
移动成功到 (5, 2)
[Attack] Auto hit - no roll needed.
[Attack] Dealing 30 damage to target.
对棋子1造成30点伤害

当前棋盘:
    0  1  2  3  4  5  6  7  8  9 10 11 12 13 14 15 16 17 18 19 

 0  1  1  1  1  1  1  1  1  1  1  1  1  1  1  1  1  1  1  1  1 
 1  1  1  1  1  1  1  1  1  1  1  1  1  1  1  1  1  1  1  1  1 
 2  1  1  1  1  1  0  3  1  1  1  1  1  1  1  1  1  1  1  1  1 
 3  1  1  1  1  5  1  1  1  1  1  1  1  1  1  1  1  1  1  1  1 
 4  1  1  1 ## ##  1  1  1  1  1  1  1  1  1  1  1  1  1  1  1 
 5  1  1  1  1 ##  4  1  1  1  1  1  1  1  1  1  1  1  1  1  1 
 6  1  1  1  1  1  2  1  1  1  1  1  1  1  1  1  1  1  1  1  1 
 7  1  1  1  1  1  1  1  1  1  1  1  1  1  1  1  1  1  1  1  1 
 8  1  1  1  1  1  1  1  1  1  1  1  1  1  1  1  1  1  1  1  1 
 9  1  1  1  1  1  1  1  1  1  1  1  1  1  1  1  1  1  1  1  1 
10  1  1  1  1  1  1  1  1  1  1  1  1  1  1  1  1  1  1  1  1 
11  1  1  1  1  1  1  1  1  1  1  1  1  1  1  1  1  1  1  1  1 
12  1  1  1  1  1  1  1  1  1  1  1  1  1  1  1  1  1  1  1  1 
13  1  1  1  1  1  1  1  1  1  1  1  1  1  1  1  1  1  1  1  1 
14  1  1  1  1  1  1  1  1  1  1  1  1  1  1  1 ##  1  1  1  1 
15  1  1  1  1  1  1  1  1  1  1  1  1  1  1  1 ## ##  1  1  1 
16  1  1  1  1  1  1  1  1  1  1  1  1  1  1  1  1 ## ## ##  1 
17  1  1  1  1  1  1  1  1  1  1  1  1  1  1  1  1 ## ## ##  1 
18  1  1  1  1  1  1  1  1  1  1  1  1  1  1  1  1 ##  1 ##  1 
19  1  1  1  1  1  1  1  1  1  1  1  1  1  1  1  1  1  1 ##  1 

[[[1.         1.         1.         ... 1.         1.         1.        ]
  [1.         1.         1.         ... 1.         1.         1.        ]
  [1.         1.         1.         ... 1.         1.         1.        ]
  ...
  [1.         1.         1.         ... 0.         1.         1.        ]
  [1.         1.         1.         ... 0.         0.         0.        ]
  [1.         1.         1.         ... 1.         1.         1.        ]]

 [[0.1        0.1        0.1        ... 0.1        0.1        0.1       ]
  [0.         0.2        0.         ... 0.1        0.1        0.1       ]
  [0.1        0.1        0.         ... 0.1        0.1        0.1       ]
  ...
  [0.1        0.1        0.1        ... 0.2        0.1        0.1       ]
  [0.1        0.1        0.1        ... 0.         0.         0.        ]
  [0.1        0.1        0.1        ... 0.1        0.1        0.1       ]]

 [[0.         0.         0.         ... 0.         0.         0.        ]
  [0.         0.         0.         ... 0.         0.         0.        ]
  [0.         0.         0.54545456 ... 0.         0.         0.        ]
  ...
  [0.         0.         0.         ... 0.         0.         0.        ]
  [0.         0.         0.         ... 0.         0.         0.        ]
  [0.         0.         0.         ... 0.         0.         0.        ]]

 ...

 [[0.3        0.3        0.3        ... 0.3        0.3        0.3       ]
  [0.3        0.3        0.3        ... 0.3        0.3        0.3       ]
  [0.3        0.3        0.3        ... 0.3        0.3        0.3       ]
  ...
  [0.3        0.3        0.3        ... 0.3        0.3        0.3       ]
  [0.3        0.3        0.3        ... 0.3        0.3        0.3       ]
  [0.3        0.3        0.3        ... 0.3        0.3        0.3       ]]

 [[0.         0.         0.         ... 0.         0.         0.        ]
  [0.         0.         0.         ... 0.         0.         0.        ]
  [0.         0.         0.         ... 0.         0.         0.        ]
  ...
  [0.         0.         0.         ... 0.         0.         0.        ]
  [0.         0.         0.         ... 0.         0.         0.        ]
  [0.         0.         0.         ... 0.         0.         0.        ]]

 [[0.         0.         0.         ... 0.         0.         0.        ]
  [0.         0.         0.         ... 0.         0.         0.        ]
  [0.         0.         0.         ... 0.         0.         0.        ]
  ...
  [0.         0.         0.         ... 0.         0.         0.        ]
  [0.         0.         0.         ... 0.         0.         0.        ]
  [0.         0.         0.         ... 0.         0.         0.        ]]]

===== 回合 14 =====
当前行动棋子: ID=1, 玩家=1
[InputManager] 玩家1的输入方法为: 函数式输入
[InputManager] 开始处理玩家1的行动输入
[FunctionInput] Executing action handler for player 1
[FunctionInput] Action handler executed successfully
[InputManager] 玩家1的行动输入处理完成
envState:1
action: 移动: 是
  目标位置: (3, 3)
攻击: 是
  攻击详情:
    攻击者ID: 1
    目标ID: 5
    伤害值: 0
法术: 否
移动成功到 (3, 3)
[Attack] Auto hit - no roll needed.
[Attack] Dealing 30 damage to target.
对棋子5造成30点伤害

当前棋盘:
    0  1  2  3  4  5  6  7  8  9 10 11 12 13 14 15 16 17 18 19 

 0  1  1  1  1  1  1  1  1  1  1  1  1  1  1  1  1  1  1  1  1 
 1  1  1  1  1  1  1  1  1  1  1  1  1  1  1  1  1  1  1  1  1 
 2  1  1  1  1  1  0  3  1  1  1  1  1  1  1  1  1  1  1  1  1 
 3  1  1  1  1  5  1  1  1  1  1  1  1  1  1  1  1  1  1  1  1 
 4  1  1  1 ## ##  1  1  1  1  1  1  1  1  1  1  1  1  1  1  1 
 5  1  1  1  1 ##  4  1  1  1  1  1  1  1  1  1  1  1  1  1  1 
 6  1  1  1  1  1  2  1  1  1  1  1  1  1  1  1  1  1  1  1  1 
 7  1  1  1  1  1  1  1  1  1  1  1  1  1  1  1  1  1  1  1  1 
 8  1  1  1  1  1  1  1  1  1  1  1  1  1  1  1  1  1  1  1  1 
 9  1  1  1  1  1  1  1  1  1  1  1  1  1  1  1  1  1  1  1  1 
10  1  1  1  1  1  1  1  1  1  1  1  1  1  1  1  1  1  1  1  1 
11  1  1  1  1  1  1  1  1  1  1  1  1  1  1  1  1  1  1  1  1 
12  1  1  1  1  1  1  1  1  1  1  1  1  1  1  1  1  1  1  1  1 
13  1  1  1  1  1  1  1  1  1  1  1  1  1  1  1  1  1  1  1  1 
14  1  1  1  1  1  1  1  1  1  1  1  1  1  1  1 ##  1  1  1  1 
15  1  1  1  1  1  1  1  1  1  1  1  1  1  1  1 ## ##  1  1  1 
16  1  1  1  1  1  1  1  1  1  1  1  1  1  1  1  1 ## ## ##  1 
17  1  1  1  1  1  1  1  1  1  1  1  1  1  1  1  1 ## ## ##  1 
18  1  1  1  1  1  1  1  1  1  1  1  1  1  1  1  1 ##  1 ##  1 
19  1  1  1  1  1  1  1  1  1  1  1  1  1  1  1  1  1  1 ##  1 

[[[1.         1.         1.         ... 1.         1.         1.        ]
  [1.         1.         1.         ... 1.         1.         1.        ]
  [1.         1.         1.         ... 1.         1.         1.        ]
  ...
  [1.         1.         1.         ... 0.         1.         1.        ]
  [1.         1.         1.         ... 0.         0.         0.        ]
  [1.         1.         1.         ... 1.         1.         1.        ]]

 [[0.1        0.1        0.1        ... 0.1        0.1        0.1       ]
  [0.         0.2        0.         ... 0.1        0.1        0.1       ]
  [0.1        0.1        0.         ... 0.1        0.1        0.1       ]
  ...
  [0.1        0.1        0.1        ... 0.2        0.1        0.1       ]
  [0.1        0.1        0.1        ... 0.         0.         0.        ]
  [0.1        0.1        0.1        ... 0.1        0.1        0.1       ]]

 [[0.         0.         0.         ... 0.         0.         0.        ]
  [0.         0.         0.27272728 ... 0.         0.         0.        ]
  [0.         0.27272728 0.27272728 ... 0.         0.         0.        ]
  ...
  [0.         0.         0.         ... 0.         0.         0.        ]
  [0.         0.         0.         ... 0.         0.         0.        ]
  [0.         0.         0.         ... 0.         0.         0.        ]]

 ...

 [[0.3        0.3        0.3        ... 0.3        0.3        0.3       ]
  [0.3        0.3        0.3        ... 0.3        0.3        0.3       ]
  [0.3        0.3        0.3        ... 0.3        0.3        0.3       ]
  ...
  [0.3        0.3        0.3        ... 0.3        0.3        0.3       ]
  [0.3        0.3        0.3        ... 0.3        0.3        0.3       ]
  [0.3        0.3        0.3        ... 0.3        0.3        0.3       ]]

 [[0.         0.         0.         ... 0.         0.         0.        ]
  [0.         0.         0.         ... 0.         0.         0.        ]
  [0.         0.         0.         ... 0.         0.         0.        ]
  ...
  [0.         0.         0.         ... 0.         0.         0.        ]
  [0.         0.         0.         ... 0.         0.         0.        ]
  [0.         0.         0.         ... 0.         0.         0.        ]]

 [[0.         0.         0.         ... 0.         0.         0.        ]
  [0.         0.         0.         ... 0.         0.         0.        ]
  [0.         0.         0.         ... 0.         0.         0.        ]
  ...
  [0.         0.         0.         ... 0.         0.         0.        ]
  [0.         0.         0.         ... 0.         0.         0.        ]
  [0.         0.         0.         ... 0.         0.         0.        ]]]

===== 回合 15 =====
当前行动棋子: ID=2, 玩家=2
[InputManager] 玩家2的输入方法为: 函数式输入
[InputManager] 开始处理玩家2的行动输入
[FunctionInput] Executing action handler for player 2
[FunctionInput] Action handler executed successfully
[InputManager] 玩家2的行动输入处理完成
envState:1
action: 移动: 是
  目标位置: (5, 4)
攻击: 是
  攻击详情:
    攻击者ID: 2
    目标ID: 4
    伤害值: 0
法术: 否
移动成功到 (5, 4)
[Attack] Auto hit - no roll needed.
[Attack] Dealing 30 damage to target.
对棋子4造成30点伤害

当前棋盘:
    0  1  2  3  4  5  6  7  8  9 10 11 12 13 14 15 16 17 18 19 

 0  1  1  1  1  1  1  1  1  1  1  1  1  1  1  1  1  1  1  1  1 
 1  1  1  1  1  1  1  1  1  1  1  1  1  1  1  1  1  1  1  1  1 
 2  1  1  1  1  1  0  3  1  1  1  1  1  1  1  1  1  1  1  1  1 
 3  1  1  1  1  5  1  1  1  1  1  1  1  1  1  1  1  1  1  1  1 
 4  1  1  1 ## ##  2  1  1  1  1  1  1  1  1  1  1  1  1  1  1 
 5  1  1  1  1 ##  4  1  1  1  1  1  1  1  1  1  1  1  1  1  1 
 6  1  1  1  1  1  1  1  1  1  1  1  1  1  1  1  1  1  1  1  1 
 7  1  1  1  1  1  1  1  1  1  1  1  1  1  1  1  1  1  1  1  1 
 8  1  1  1  1  1  1  1  1  1  1  1  1  1  1  1  1  1  1  1  1 
 9  1  1  1  1  1  1  1  1  1  1  1  1  1  1  1  1  1  1  1  1 
10  1  1  1  1  1  1  1  1  1  1  1  1  1  1  1  1  1  1  1  1 
11  1  1  1  1  1  1  1  1  1  1  1  1  1  1  1  1  1  1  1  1 
12  1  1  1  1  1  1  1  1  1  1  1  1  1  1  1  1  1  1  1  1 
13  1  1  1  1  1  1  1  1  1  1  1  1  1  1  1  1  1  1  1  1 
14  1  1  1  1  1  1  1  1  1  1  1  1  1  1  1 ##  1  1  1  1 
15  1  1  1  1  1  1  1  1  1  1  1  1  1  1  1 ## ##  1  1  1 
16  1  1  1  1  1  1  1  1  1  1  1  1  1  1  1  1 ## ## ##  1 
17  1  1  1  1  1  1  1  1  1  1  1  1  1  1  1  1 ## ## ##  1 
18  1  1  1  1  1  1  1  1  1  1  1  1  1  1  1  1 ##  1 ##  1 
19  1  1  1  1  1  1  1  1  1  1  1  1  1  1  1  1  1  1 ##  1 

[[[1.         1.         1.         ... 1.         1.         1.        ]
  [1.         1.         1.         ... 1.         1.         1.        ]
  [1.         1.         1.         ... 1.         1.         1.        ]
  ...
  [1.         1.         1.         ... 0.         1.         1.        ]
  [1.         1.         1.         ... 0.         0.         0.        ]
  [1.         1.         1.         ... 1.         1.         1.        ]]

 [[0.1        0.1        0.1        ... 0.1        0.1        0.1       ]
  [0.         0.2        0.         ... 0.1        0.1        0.1       ]
  [0.1        0.1        0.         ... 0.1        0.1        0.1       ]
  ...
  [0.1        0.1        0.1        ... 0.2        0.1        0.1       ]
  [0.1        0.1        0.1        ... 0.         0.         0.        ]
  [0.1        0.1        0.1        ... 0.1        0.1        0.1       ]]

 [[0.         0.         0.         ... 0.         0.         0.        ]
  [0.         0.         0.         ... 0.         0.         0.        ]
  [0.         0.         0.54545456 ... 0.         0.         0.        ]
  ...
  [0.         0.         0.         ... 0.         0.         0.        ]
  [0.         0.         0.         ... 0.         0.         0.        ]
  [0.         0.         0.         ... 0.         0.         0.        ]]

 ...

 [[0.3        0.3        0.3        ... 0.3        0.3        0.3       ]
  [0.3        0.3        0.3        ... 0.3        0.3        0.3       ]
  [0.3        0.3        0.3        ... 0.3        0.3        0.3       ]
  ...
  [0.3        0.3        0.3        ... 0.3        0.3        0.3       ]
  [0.3        0.3        0.3        ... 0.3        0.3        0.3       ]
  [0.3        0.3        0.3        ... 0.3        0.3        0.3       ]]

 [[0.         0.         0.         ... 0.         0.         0.        ]
  [0.         0.         0.         ... 0.         0.         0.        ]
  [0.         0.         0.         ... 0.         0.         0.        ]
  ...
  [0.         0.         0.         ... 0.         0.         0.        ]
  [0.         0.         0.         ... 0.         0.         0.        ]
  [0.         0.         0.         ... 0.         0.         0.        ]]

 [[0.         0.         0.         ... 0.         0.         0.        ]
  [0.         0.         0.         ... 0.         0.         0.        ]
  [0.         0.         0.         ... 0.         0.         0.        ]
  ...
  [0.         0.         0.         ... 0.         0.         0.        ]
  [0.         0.         0.         ... 0.         0.         0.        ]
  [0.         0.         0.         ... 0.         0.         0.        ]]]

===== 回合 16 =====
当前行动棋子: ID=3, 玩家=1
[InputManager] 玩家1的输入方法为: 函数式输入
[InputManager] 开始处理玩家1的行动输入
[FunctionInput] Executing action handler for player 1
[FunctionInput] Action handler executed successfully
[InputManager] 玩家1的行动输入处理完成
envState:1
action: 移动: 是
  目标位置: (4, 2)
攻击: 是
  攻击详情:
    攻击者ID: 3
    目标ID: 0
    伤害值: 0
法术: 否
移动成功到 (4, 2)
[Attack] Auto hit - no roll needed.
[Attack] Dealing 30 damage to target.
对棋子0造成30点伤害

当前棋盘:
    0  1  2  3  4  5  6  7  8  9 10 11 12 13 14 15 16 17 18 19 

 0  1  1  1  1  1  1  1  1  1  1  1  1  1  1  1  1  1  1  1  1 
 1  1  1  1  1  1  1  1  1  1  1  1  1  1  1  1  1  1  1  1  1 
 2  1  1  1  1  3  0  1  1  1  1  1  1  1  1  1  1  1  1  1  1 
 3  1  1  1  1  5  1  1  1  1  1  1  1  1  1  1  1  1  1  1  1 
 4  1  1  1 ## ##  2  1  1  1  1  1  1  1  1  1  1  1  1  1  1 
 5  1  1  1  1 ##  4  1  1  1  1  1  1  1  1  1  1  1  1  1  1 
 6  1  1  1  1  1  1  1  1  1  1  1  1  1  1  1  1  1  1  1  1 
 7  1  1  1  1  1  1  1  1  1  1  1  1  1  1  1  1  1  1  1  1 
 8  1  1  1  1  1  1  1  1  1  1  1  1  1  1  1  1  1  1  1  1 
 9  1  1  1  1  1  1  1  1  1  1  1  1  1  1  1  1  1  1  1  1 
10  1  1  1  1  1  1  1  1  1  1  1  1  1  1  1  1  1  1  1  1 
11  1  1  1  1  1  1  1  1  1  1  1  1  1  1  1  1  1  1  1  1 
12  1  1  1  1  1  1  1  1  1  1  1  1  1  1  1  1  1  1  1  1 
13  1  1  1  1  1  1  1  1  1  1  1  1  1  1  1  1  1  1  1  1 
14  1  1  1  1  1  1  1  1  1  1  1  1  1  1  1 ##  1  1  1  1 
15  1  1  1  1  1  1  1  1  1  1  1  1  1  1  1 ## ##  1  1  1 
16  1  1  1  1  1  1  1  1  1  1  1  1  1  1  1  1 ## ## ##  1 
17  1  1  1  1  1  1  1  1  1  1  1  1  1  1  1  1 ## ## ##  1 
18  1  1  1  1  1  1  1  1  1  1  1  1  1  1  1  1 ##  1 ##  1 
19  1  1  1  1  1  1  1  1  1  1  1  1  1  1  1  1  1  1 ##  1 

[[[1.         1.         1.         ... 1.         1.         1.        ]
  [1.         1.         1.         ... 1.         1.         1.        ]
  [1.         1.         1.         ... 1.         1.         1.        ]
  ...
  [1.         1.         1.         ... 0.         1.         1.        ]
  [1.         1.         1.         ... 0.         0.         0.        ]
  [1.         1.         1.         ... 1.         1.         1.        ]]

 [[0.1        0.1        0.1        ... 0.1        0.1        0.1       ]
  [0.         0.2        0.         ... 0.1        0.1        0.1       ]
  [0.1        0.1        0.         ... 0.1        0.1        0.1       ]
  ...
  [0.1        0.1        0.1        ... 0.2        0.1        0.1       ]
  [0.1        0.1        0.1        ... 0.         0.         0.        ]
  [0.1        0.1        0.1        ... 0.1        0.1        0.1       ]]

 [[0.         0.         0.         ... 0.         0.         0.        ]
  [0.         0.         0.54545456 ... 0.         0.         0.        ]
  [0.         0.54545456 0.54545456 ... 0.         0.         0.        ]
  ...
  [0.         0.         0.         ... 0.         0.         0.        ]
  [0.         0.         0.         ... 0.         0.         0.        ]
  [0.         0.         0.         ... 0.         0.         0.        ]]

 ...

 [[0.3        0.3        0.3        ... 0.3        0.3        0.3       ]
  [0.3        0.3        0.3        ... 0.3        0.3        0.3       ]
  [0.3        0.3        0.3        ... 0.3        0.3        0.3       ]
  ...
  [0.3        0.3        0.3        ... 0.3        0.3        0.3       ]
  [0.3        0.3        0.3        ... 0.3        0.3        0.3       ]
  [0.3        0.3        0.3        ... 0.3        0.3        0.3       ]]

 [[0.         0.         0.         ... 0.         0.         0.        ]
  [0.         0.         0.         ... 0.         0.         0.        ]
  [0.         0.         0.         ... 0.         0.         0.        ]
  ...
  [0.         0.         0.         ... 0.         0.         0.        ]
  [0.         0.         0.         ... 0.         0.         0.        ]
  [0.         0.         0.         ... 0.         0.         0.        ]]

 [[0.         0.         0.         ... 0.         0.         0.        ]
  [0.         0.         0.         ... 0.         0.         0.        ]
  [0.         0.         0.         ... 0.         0.         0.        ]
  ...
  [0.         0.         0.         ... 0.         0.         0.        ]
  [0.         0.         0.         ... 0.         0.         0.        ]
  [0.         0.         0.         ... 0.         0.         0.        ]]]

===== 回合 17 =====
当前行动棋子: ID=4, 玩家=1
[InputManager] 玩家1的输入方法为: 函数式输入
[InputManager] 开始处理玩家1的行动输入
[FunctionInput] Executing action handler for player 1
[FunctionInput] Action handler executed successfully
[InputManager] 玩家1的行动输入处理完成
envState:1
action: 移动: 是
  目标位置: (5, 3)
攻击: 是
  攻击详情:
    攻击者ID: 4
    目标ID: 2
    伤害值: 0
法术: 否
移动成功到 (5, 3)
[Attack] Auto hit - no roll needed.
[Attack] Dealing 30 damage to target.
对棋子2造成30点伤害

当前棋盘:
    0  1  2  3  4  5  6  7  8  9 10 11 12 13 14 15 16 17 18 19 

 0  1  1  1  1  1  1  1  1  1  1  1  1  1  1  1  1  1  1  1  1 
 1  1  1  1  1  1  1  1  1  1  1  1  1  1  1  1  1  1  1  1  1 
 2  1  1  1  1  3  0  1  1  1  1  1  1  1  1  1  1  1  1  1  1 
 3  1  1  1  1  5  4  1  1  1  1  1  1  1  1  1  1  1  1  1  1 
 4  1  1  1 ## ##  2  1  1  1  1  1  1  1  1  1  1  1  1  1  1 
 5  1  1  1  1 ##  1  1  1  1  1  1  1  1  1  1  1  1  1  1  1 
 6  1  1  1  1  1  1  1  1  1  1  1  1  1  1  1  1  1  1  1  1 
 7  1  1  1  1  1  1  1  1  1  1  1  1  1  1  1  1  1  1  1  1 
 8  1  1  1  1  1  1  1  1  1  1  1  1  1  1  1  1  1  1  1  1 
 9  1  1  1  1  1  1  1  1  1  1  1  1  1  1  1  1  1  1  1  1 
10  1  1  1  1  1  1  1  1  1  1  1  1  1  1  1  1  1  1  1  1 
11  1  1  1  1  1  1  1  1  1  1  1  1  1  1  1  1  1  1  1  1 
12  1  1  1  1  1  1  1  1  1  1  1  1  1  1  1  1  1  1  1  1 
13  1  1  1  1  1  1  1  1  1  1  1  1  1  1  1  1  1  1  1  1 
14  1  1  1  1  1  1  1  1  1  1  1  1  1  1  1 ##  1  1  1  1 
15  1  1  1  1  1  1  1  1  1  1  1  1  1  1  1 ## ##  1  1  1 
16  1  1  1  1  1  1  1  1  1  1  1  1  1  1  1  1 ## ## ##  1 
17  1  1  1  1  1  1  1  1  1  1  1  1  1  1  1  1 ## ## ##  1 
18  1  1  1  1  1  1  1  1  1  1  1  1  1  1  1  1 ##  1 ##  1 
19  1  1  1  1  1  1  1  1  1  1  1  1  1  1  1  1  1  1 ##  1 

[[[1.         1.         1.         ... 1.         1.         1.        ]
  [1.         1.         1.         ... 1.         1.         1.        ]
  [1.         1.         1.         ... 1.         1.         1.        ]
  ...
  [1.         1.         1.         ... 0.         1.         1.        ]
  [1.         1.         1.         ... 0.         0.         0.        ]
  [1.         1.         1.         ... 1.         1.         1.        ]]

 [[0.1        0.1        0.1        ... 0.1        0.1        0.1       ]
  [0.         0.2        0.         ... 0.1        0.1        0.1       ]
  [0.1        0.1        0.         ... 0.1        0.1        0.1       ]
  ...
  [0.1        0.1        0.1        ... 0.2        0.1        0.1       ]
  [0.1        0.1        0.1        ... 0.         0.         0.        ]
  [0.1        0.1        0.1        ... 0.1        0.1        0.1       ]]

 [[0.         0.         0.         ... 0.         0.         0.        ]
  [0.         0.         0.54545456 ... 0.         0.         0.        ]
  [0.         0.54545456 0.54545456 ... 0.         0.         0.        ]
  ...
  [0.         0.         0.         ... 0.         0.         0.        ]
  [0.         0.         0.         ... 0.         0.         0.        ]
  [0.         0.         0.         ... 0.         0.         0.        ]]

 ...

 [[0.3        0.3        0.3        ... 0.3        0.3        0.3       ]
  [0.3        0.3        0.3        ... 0.3        0.3        0.3       ]
  [0.3        0.3        0.3        ... 0.3        0.3        0.3       ]
  ...
  [0.3        0.3        0.3        ... 0.3        0.3        0.3       ]
  [0.3        0.3        0.3        ... 0.3        0.3        0.3       ]
  [0.3        0.3        0.3        ... 0.3        0.3        0.3       ]]

 [[0.         0.         0.         ... 0.         0.         0.        ]
  [0.         0.         0.         ... 0.         0.         0.        ]
  [0.         0.         0.         ... 0.         0.         0.        ]
  ...
  [0.         0.         0.         ... 0.         0.         0.        ]
  [0.         0.         0.         ... 0.         0.         0.        ]
  [0.         0.         0.         ... 0.         0.         0.        ]]

 [[0.         0.         0.         ... 0.         0.         0.        ]
  [0.         0.         0.         ... 0.         0.         0.        ]
  [0.         0.         0.         ... 0.         0.         0.        ]
  ...
  [0.         0.         0.         ... 0.         0.         0.        ]
  [0.         0.         0.         ... 0.         0.         0.        ]
  [0.         0.         0.         ... 0.         0.         0.        ]]]

===== 回合 18 =====
当前行动棋子: ID=5, 玩家=2
[InputManager] 玩家2的输入方法为: 函数式输入
[InputManager] 开始处理玩家2的行动输入
[FunctionInput] Executing action handler for player 2
[FunctionInput] Action handler executed successfully
[InputManager] 玩家2的行动输入处理完成
envState:1
action: 移动: 是
  目标位置: (4, 3)
攻击: 是
  攻击详情:
    攻击者ID: 5
    目标ID: 1
    伤害值: 0
法术: 否
目标位置(4, 3)被占据
移动失败
[Attack] Auto hit - no roll needed.
[Attack] Dealing 30 damage to target.
对棋子1造成30点伤害

当前棋盘:
    0  1  2  3  4  5  6  7  8  9 10 11 12 13 14 15 16 17 18 19 

 0  1  1  1  1  1  1  1  1  1  1  1  1  1  1  1  1  1  1  1  1 
 1  1  1  1  1  1  1  1  1  1  1  1  1  1  1  1  1  1  1  1  1 
 2  1  1  1  1  3  0  1  1  1  1  1  1  1  1  1  1  1  1  1  1 
 3  1  1  1  1  5  4  1  1  1  1  1  1  1  1  1  1  1  1  1  1 
 4  1  1  1 ## ##  2  1  1  1  1  1  1  1  1  1  1  1  1  1  1 
 5  1  1  1  1 ##  1  1  1  1  1  1  1  1  1  1  1  1  1  1  1 
 6  1  1  1  1  1  1  1  1  1  1  1  1  1  1  1  1  1  1  1  1 
 7  1  1  1  1  1  1  1  1  1  1  1  1  1  1  1  1  1  1  1  1 
 8  1  1  1  1  1  1  1  1  1  1  1  1  1  1  1  1  1  1  1  1 
 9  1  1  1  1  1  1  1  1  1  1  1  1  1  1  1  1  1  1  1  1 
10  1  1  1  1  1  1  1  1  1  1  1  1  1  1  1  1  1  1  1  1 
11  1  1  1  1  1  1  1  1  1  1  1  1  1  1  1  1  1  1  1  1 
12  1  1  1  1  1  1  1  1  1  1  1  1  1  1  1  1  1  1  1  1 
13  1  1  1  1  1  1  1  1  1  1  1  1  1  1  1  1  1  1  1  1 
14  1  1  1  1  1  1  1  1  1  1  1  1  1  1  1 ##  1  1  1  1 
15  1  1  1  1  1  1  1  1  1  1  1  1  1  1  1 ## ##  1  1  1 
16  1  1  1  1  1  1  1  1  1  1  1  1  1  1  1  1 ## ## ##  1 
17  1  1  1  1  1  1  1  1  1  1  1  1  1  1  1  1 ## ## ##  1 
18  1  1  1  1  1  1  1  1  1  1  1  1  1  1  1  1 ##  1 ##  1 
19  1  1  1  1  1  1  1  1  1  1  1  1  1  1  1  1  1  1 ##  1 

[[[1.         1.         1.         ... 1.         1.         1.        ]
  [1.         1.         1.         ... 1.         1.         1.        ]
  [1.         1.         1.         ... 1.         1.         1.        ]
  ...
  [1.         1.         1.         ... 0.         1.         1.        ]
  [1.         1.         1.         ... 0.         0.         0.        ]
  [1.         1.         1.         ... 1.         1.         1.        ]]

 [[0.1        0.1        0.1        ... 0.1        0.1        0.1       ]
  [0.         0.2        0.         ... 0.1        0.1        0.1       ]
  [0.1        0.1        0.         ... 0.1        0.1        0.1       ]
  ...
  [0.1        0.1        0.1        ... 0.2        0.1        0.1       ]
  [0.1        0.1        0.1        ... 0.         0.         0.        ]
  [0.1        0.1        0.1        ... 0.1        0.1        0.1       ]]

 [[0.         0.         0.         ... 0.         0.         0.        ]
  [0.         0.         0.         ... 0.         0.         0.        ]
  [0.         0.         0.54545456 ... 0.         0.         0.        ]
  ...
  [0.         0.         0.         ... 0.         0.         0.        ]
  [0.         0.         0.         ... 0.         0.         0.        ]
  [0.         0.         0.         ... 0.         0.         0.        ]]

 ...

 [[0.3        0.3        0.3        ... 0.3        0.3        0.3       ]
  [0.3        0.3        0.3        ... 0.3        0.3        0.3       ]
  [0.3        0.3        0.3        ... 0.3        0.3        0.3       ]
  ...
  [0.3        0.3        0.3        ... 0.3        0.3        0.3       ]
  [0.3        0.3        0.3        ... 0.3        0.3        0.3       ]
  [0.3        0.3        0.3        ... 0.3        0.3        0.3       ]]

 [[0.         0.         0.         ... 0.         0.         0.        ]
  [0.         0.         0.         ... 0.         0.         0.        ]
  [0.         0.         0.         ... 0.         0.         0.        ]
  ...
  [0.         0.         0.         ... 0.         0.         0.        ]
  [0.         0.         0.         ... 0.         0.         0.        ]
  [0.         0.         0.         ... 0.         0.         0.        ]]

 [[0.         0.         0.         ... 0.         0.         0.        ]
  [0.         0.         0.         ... 0.         0.         0.        ]
  [0.         0.         0.         ... 0.         0.         0.        ]
  ...
  [0.         0.         0.         ... 0.         0.         0.        ]
  [0.         0.         0.         ... 0.         0.         0.        ]
  [0.         0.         0.         ... 0.         0.         0.        ]]]

===== 回合 19 =====
当前行动棋子: ID=0, 玩家=2
[InputManager] 玩家2的输入方法为: 函数式输入
[InputManager] 开始处理玩家2的行动输入
[FunctionInput] Executing action handler for player 2
[FunctionInput] Action handler executed successfully
[InputManager] 玩家2的行动输入处理完成
envState:1
action: 移动: 是
  目标位置: (3, 2)
攻击: 是
  攻击详情:
    攻击者ID: 0
    目标ID: 3
    伤害值: 0
法术: 否
移动成功到 (3, 2)
[Attack] Auto hit - no roll needed.
[Attack] Dealing 30 damage to target.
对棋子3造成30点伤害

当前棋盘:
    0  1  2  3  4  5  6  7  8  9 10 11 12 13 14 15 16 17 18 19 

 0  1  1  1  1  1  1  1  1  1  1  1  1  1  1  1  1  1  1  1  1 
 1  1  1  1  1  1  1  1  1  1  1  1  1  1  1  1  1  1  1  1  1 
 2  1  1  1  0  3  1  1  1  1  1  1  1  1  1  1  1  1  1  1  1 
 3  1  1  1  1  5  4  1  1  1  1  1  1  1  1  1  1  1  1  1  1 
 4  1  1  1 ## ##  2  1  1  1  1  1  1  1  1  1  1  1  1  1  1 
 5  1  1  1  1 ##  1  1  1  1  1  1  1  1  1  1  1  1  1  1  1 
 6  1  1  1  1  1  1  1  1  1  1  1  1  1  1  1  1  1  1  1  1 
 7  1  1  1  1  1  1  1  1  1  1  1  1  1  1  1  1  1  1  1  1 
 8  1  1  1  1  1  1  1  1  1  1  1  1  1  1  1  1  1  1  1  1 
 9  1  1  1  1  1  1  1  1  1  1  1  1  1  1  1  1  1  1  1  1 
10  1  1  1  1  1  1  1  1  1  1  1  1  1  1  1  1  1  1  1  1 
11  1  1  1  1  1  1  1  1  1  1  1  1  1  1  1  1  1  1  1  1 
12  1  1  1  1  1  1  1  1  1  1  1  1  1  1  1  1  1  1  1  1 
13  1  1  1  1  1  1  1  1  1  1  1  1  1  1  1  1  1  1  1  1 
14  1  1  1  1  1  1  1  1  1  1  1  1  1  1  1 ##  1  1  1  1 
15  1  1  1  1  1  1  1  1  1  1  1  1  1  1  1 ## ##  1  1  1 
16  1  1  1  1  1  1  1  1  1  1  1  1  1  1  1  1 ## ## ##  1 
17  1  1  1  1  1  1  1  1  1  1  1  1  1  1  1  1 ## ## ##  1 
18  1  1  1  1  1  1  1  1  1  1  1  1  1  1  1  1 ##  1 ##  1 
19  1  1  1  1  1  1  1  1  1  1  1  1  1  1  1  1  1  1 ##  1 

[[[1.         1.         1.         ... 1.         1.         1.        ]
  [1.         1.         1.         ... 1.         1.         1.        ]
  [1.         1.         1.         ... 1.         1.         1.        ]
  ...
  [1.         1.         1.         ... 0.         1.         1.        ]
  [1.         1.         1.         ... 0.         0.         0.        ]
  [1.         1.         1.         ... 1.         1.         1.        ]]

 [[0.1        0.1        0.1        ... 0.1        0.1        0.1       ]
  [0.         0.2        0.         ... 0.1        0.1        0.1       ]
  [0.1        0.1        0.         ... 0.1        0.1        0.1       ]
  ...
  [0.1        0.1        0.1        ... 0.2        0.1        0.1       ]
  [0.1        0.1        0.1        ... 0.         0.         0.        ]
  [0.1        0.1        0.1        ... 0.1        0.1        0.1       ]]

 [[0.         0.         0.27272728 ... 0.         0.         0.        ]
  [0.         0.27272728 0.27272728 ... 0.         0.         0.        ]
  [0.27272728 0.27272728 0.54545456 ... 0.         0.         0.        ]
  ...
  [0.         0.         0.         ... 0.         0.         0.        ]
  [0.         0.         0.         ... 0.         0.         0.        ]
  [0.         0.         0.         ... 0.         0.         0.        ]]

 ...

 [[0.3        0.3        0.3        ... 0.3        0.3        0.3       ]
  [0.3        0.3        0.3        ... 0.3        0.3        0.3       ]
  [0.3        0.3        0.3        ... 0.3        0.3        0.3       ]
  ...
  [0.3        0.3        0.3        ... 0.3        0.3        0.3       ]
  [0.3        0.3        0.3        ... 0.3        0.3        0.3       ]
  [0.3        0.3        0.3        ... 0.3        0.3        0.3       ]]

 [[0.         0.         0.         ... 0.         0.         0.        ]
  [0.         0.         0.         ... 0.         0.         0.        ]
  [0.         0.         0.         ... 0.         0.         0.        ]
  ...
  [0.         0.         0.         ... 0.         0.         0.        ]
  [0.         0.         0.         ... 0.         0.         0.        ]
  [0.         0.         0.         ... 0.         0.         0.        ]]

 [[0.         0.         0.         ... 0.         0.         0.        ]
  [0.         0.         0.         ... 0.         0.         0.        ]
  [0.         0.         0.         ... 0.         0.         0.        ]
  ...
  [0.         0.         0.         ... 0.         0.         0.        ]
  [0.         0.         0.         ... 0.         0.         0.        ]
  [0.         0.         0.         ... 0.         0.         0.        ]]]

===== 回合 20 =====
当前行动棋子: ID=1, 玩家=1
[InputManager] 玩家1的输入方法为: 函数式输入
[InputManager] 开始处理玩家1的行动输入
[FunctionInput] Executing action handler for player 1
[FunctionInput] Action handler executed successfully
[InputManager] 玩家1的行动输入处理完成
envState:1
action: 移动: 是
  目标位置: (3, 3)
攻击: 是
  攻击详情:
    攻击者ID: 1
    目标ID: 5
    伤害值: 0
法术: 否
目标位置(3, 3)被占据
移动失败
[Attack] Auto hit - no roll needed.
[Attack] Dealing 30 damage to target.
对棋子5造成30点伤害

当前棋盘:
    0  1  2  3  4  5  6  7  8  9 10 11 12 13 14 15 16 17 18 19 

 0  1  1  1  1  1  1  1  1  1  1  1  1  1  1  1  1  1  1  1  1 
 1  1  1  1  1  1  1  1  1  1  1  1  1  1  1  1  1  1  1  1  1 
 2  1  1  1  0  3  1  1  1  1  1  1  1  1  1  1  1  1  1  1  1 
 3  1  1  1  1  5  4  1  1  1  1  1  1  1  1  1  1  1  1  1  1 
 4  1  1  1 ## ##  2  1  1  1  1  1  1  1  1  1  1  1  1  1  1 
 5  1  1  1  1 ##  1  1  1  1  1  1  1  1  1  1  1  1  1  1  1 
 6  1  1  1  1  1  1  1  1  1  1  1  1  1  1  1  1  1  1  1  1 
 7  1  1  1  1  1  1  1  1  1  1  1  1  1  1  1  1  1  1  1  1 
 8  1  1  1  1  1  1  1  1  1  1  1  1  1  1  1  1  1  1  1  1 
 9  1  1  1  1  1  1  1  1  1  1  1  1  1  1  1  1  1  1  1  1 
10  1  1  1  1  1  1  1  1  1  1  1  1  1  1  1  1  1  1  1  1 
11  1  1  1  1  1  1  1  1  1  1  1  1  1  1  1  1  1  1  1  1 
12  1  1  1  1  1  1  1  1  1  1  1  1  1  1  1  1  1  1  1  1 
13  1  1  1  1  1  1  1  1  1  1  1  1  1  1  1  1  1  1  1  1 
14  1  1  1  1  1  1  1  1  1  1  1  1  1  1  1 ##  1  1  1  1 
15  1  1  1  1  1  1  1  1  1  1  1  1  1  1  1 ## ##  1  1  1 
16  1  1  1  1  1  1  1  1  1  1  1  1  1  1  1  1 ## ## ##  1 
17  1  1  1  1  1  1  1  1  1  1  1  1  1  1  1  1 ## ## ##  1 
18  1  1  1  1  1  1  1  1  1  1  1  1  1  1  1  1 ##  1 ##  1 
19  1  1  1  1  1  1  1  1  1  1  1  1  1  1  1  1  1  1 ##  1 

[[[1.         1.         1.         ... 1.         1.         1.        ]
  [1.         1.         1.         ... 1.         1.         1.        ]
  [1.         1.         1.         ... 1.         1.         1.        ]
  ...
  [1.         1.         1.         ... 0.         1.         1.        ]
  [1.         1.         1.         ... 0.         0.         0.        ]
  [1.         1.         1.         ... 1.         1.         1.        ]]

 [[0.1        0.1        0.1        ... 0.1        0.1        0.1       ]
  [0.         0.2        0.         ... 0.1        0.1        0.1       ]
  [0.1        0.1        0.         ... 0.1        0.1        0.1       ]
  ...
  [0.1        0.1        0.1        ... 0.2        0.1        0.1       ]
  [0.1        0.1        0.1        ... 0.         0.         0.        ]
  [0.1        0.1        0.1        ... 0.1        0.1        0.1       ]]

 [[0.         0.         0.         ... 0.         0.         0.        ]
  [0.         0.         0.54545456 ... 0.         0.         0.        ]
  [0.         0.54545456 0.54545456 ... 0.         0.         0.        ]
  ...
  [0.         0.         0.         ... 0.         0.         0.        ]
  [0.         0.         0.         ... 0.         0.         0.        ]
  [0.         0.         0.         ... 0.         0.         0.        ]]

 ...

 [[0.3        0.3        0.3        ... 0.3        0.3        0.3       ]
  [0.3        0.3        0.3        ... 0.3        0.3        0.3       ]
  [0.3        0.3        0.3        ... 0.3        0.3        0.3       ]
  ...
  [0.3        0.3        0.3        ... 0.3        0.3        0.3       ]
  [0.3        0.3        0.3        ... 0.3        0.3        0.3       ]
  [0.3        0.3        0.3        ... 0.3        0.3        0.3       ]]

 [[0.         0.         0.         ... 0.         0.         0.        ]
  [0.         0.         0.         ... 0.         0.         0.        ]
  [0.         0.         0.         ... 0.         0.         0.        ]
  ...
  [0.         0.         0.         ... 0.         0.         0.        ]
  [0.         0.         0.         ... 0.         0.         0.        ]
  [0.         0.         0.         ... 0.         0.         0.        ]]

 [[0.         0.         0.         ... 0.         0.         0.        ]
  [0.         0.         0.         ... 0.         0.         0.        ]
  [0.         0.         0.         ... 0.         0.         0.        ]
  ...
  [0.         0.         0.         ... 0.         0.         0.        ]
  [0.         0.         0.         ... 0.         0.         0.        ]
  [0.         0.         0.         ... 0.         0.         0.        ]]]

===== 回合 21 =====
当前行动棋子: ID=2, 玩家=2
[InputManager] 玩家2的输入方法为: 函数式输入
[InputManager] 开始处理玩家2的行动输入
[FunctionInput] Executing action handler for player 2
[FunctionInput] Action handler executed successfully
[InputManager] 玩家2的行动输入处理完成
envState:1
action: 移动: 是
  目标位置: (5, 2)
攻击: 是
  攻击详情:
    攻击者ID: 2
    目标ID: 4
    伤害值: 0
法术: 否
移动成功到 (5, 2)
[Attack] Auto hit - no roll needed.
[Attack] Dealing 30 damage to target.
对棋子4造成30点伤害

当前棋盘:
    0  1  2  3  4  5  6  7  8  9 10 11 12 13 14 15 16 17 18 19 

 0  1  1  1  1  1  1  1  1  1  1  1  1  1  1  1  1  1  1  1  1 
 1  1  1  1  1  1  1  1  1  1  1  1  1  1  1  1  1  1  1  1  1 
 2  1  1  1  0  3  2  1  1  1  1  1  1  1  1  1  1  1  1  1  1 
 3  1  1  1  1  5  4  1  1  1  1  1  1  1  1  1  1  1  1  1  1 
 4  1  1  1 ## ##  1  1  1  1  1  1  1  1  1  1  1  1  1  1  1 
 5  1  1  1  1 ##  1  1  1  1  1  1  1  1  1  1  1  1  1  1  1 
 6  1  1  1  1  1  1  1  1  1  1  1  1  1  1  1  1  1  1  1  1 
 7  1  1  1  1  1  1  1  1  1  1  1  1  1  1  1  1  1  1  1  1 
 8  1  1  1  1  1  1  1  1  1  1  1  1  1  1  1  1  1  1  1  1 
 9  1  1  1  1  1  1  1  1  1  1  1  1  1  1  1  1  1  1  1  1 
10  1  1  1  1  1  1  1  1  1  1  1  1  1  1  1  1  1  1  1  1 
11  1  1  1  1  1  1  1  1  1  1  1  1  1  1  1  1  1  1  1  1 
12  1  1  1  1  1  1  1  1  1  1  1  1  1  1  1  1  1  1  1  1 
13  1  1  1  1  1  1  1  1  1  1  1  1  1  1  1  1  1  1  1  1 
14  1  1  1  1  1  1  1  1  1  1  1  1  1  1  1 ##  1  1  1  1 
15  1  1  1  1  1  1  1  1  1  1  1  1  1  1  1 ## ##  1  1  1 
16  1  1  1  1  1  1  1  1  1  1  1  1  1  1  1  1 ## ## ##  1 
17  1  1  1  1  1  1  1  1  1  1  1  1  1  1  1  1 ## ## ##  1 
18  1  1  1  1  1  1  1  1  1  1  1  1  1  1  1  1 ##  1 ##  1 
19  1  1  1  1  1  1  1  1  1  1  1  1  1  1  1  1  1  1 ##  1 

[[[1.         1.         1.         ... 1.         1.         1.        ]
  [1.         1.         1.         ... 1.         1.         1.        ]
  [1.         1.         1.         ... 1.         1.         1.        ]
  ...
  [1.         1.         1.         ... 0.         1.         1.        ]
  [1.         1.         1.         ... 0.         0.         0.        ]
  [1.         1.         1.         ... 1.         1.         1.        ]]

 [[0.1        0.1        0.1        ... 0.1        0.1        0.1       ]
  [0.         0.2        0.         ... 0.1        0.1        0.1       ]
  [0.1        0.1        0.         ... 0.1        0.1        0.1       ]
  ...
  [0.1        0.1        0.1        ... 0.2        0.1        0.1       ]
  [0.1        0.1        0.1        ... 0.         0.         0.        ]
  [0.1        0.1        0.1        ... 0.1        0.1        0.1       ]]

 [[0.         0.         0.27272728 ... 0.         0.         0.        ]
  [0.         0.27272728 0.27272728 ... 0.         0.         0.        ]
  [0.27272728 0.27272728 0.8181818  ... 0.         0.         0.        ]
  ...
  [0.         0.         0.         ... 0.         0.         0.        ]
  [0.         0.         0.         ... 0.         0.         0.        ]
  [0.         0.         0.         ... 0.         0.         0.        ]]

 ...

 [[0.3        0.3        0.3        ... 0.3        0.3        0.3       ]
  [0.3        0.3        0.3        ... 0.3        0.3        0.3       ]
  [0.3        0.3        0.3        ... 0.3        0.3        0.3       ]
  ...
  [0.3        0.3        0.3        ... 0.3        0.3        0.3       ]
  [0.3        0.3        0.3        ... 0.3        0.3        0.3       ]
  [0.3        0.3        0.3        ... 0.3        0.3        0.3       ]]

 [[0.         0.         0.         ... 0.         0.         0.        ]
  [0.         0.         0.         ... 0.         0.         0.        ]
  [0.         0.         0.         ... 0.         0.         0.        ]
  ...
  [0.         0.         0.         ... 0.         0.         0.        ]
  [0.         0.         0.         ... 0.         0.         0.        ]
  [0.         0.         0.         ... 0.         0.         0.        ]]

 [[0.         0.         0.         ... 0.         0.         0.        ]
  [0.         0.         0.         ... 0.         0.         0.        ]
  [0.         0.         0.         ... 0.         0.         0.        ]
  ...
  [0.         0.         0.         ... 0.         0.         0.        ]
  [0.         0.         0.         ... 0.         0.         0.        ]
  [0.         0.         0.         ... 0.         0.         0.        ]]]

===== 回合 22 =====
当前行动棋子: ID=3, 玩家=1
[InputManager] 玩家1的输入方法为: 函数式输入
[InputManager] 开始处理玩家1的行动输入
[FunctionInput] Executing action handler for player 1
[FunctionInput] Action handler executed successfully
[InputManager] 玩家1的行动输入处理完成
envState:1
action: 移动: 是
  目标位置: (4, 2)
攻击: 是
  攻击详情:
    攻击者ID: 3
    目标ID: 5
    伤害值: 0
法术: 否
目标位置(4, 2)被占据
移动失败
[Attack] Auto hit - no roll needed.
[Attack] Dealing 30 damage to target.
对棋子5造成30点伤害

当前棋盘:
    0  1  2  3  4  5  6  7  8  9 10 11 12 13 14 15 16 17 18 19 

 0  1  1  1  1  1  1  1  1  1  1  1  1  1  1  1  1  1  1  1  1 
 1  1  1  1  1  1  1  1  1  1  1  1  1  1  1  1  1  1  1  1  1 
 2  1  1  1  0  3  2  1  1  1  1  1  1  1  1  1  1  1  1  1  1 
 3  1  1  1  1  5  4  1  1  1  1  1  1  1  1  1  1  1  1  1  1 
 4  1  1  1 ## ##  1  1  1  1  1  1  1  1  1  1  1  1  1  1  1 
 5  1  1  1  1 ##  1  1  1  1  1  1  1  1  1  1  1  1  1  1  1 
 6  1  1  1  1  1  1  1  1  1  1  1  1  1  1  1  1  1  1  1  1 
 7  1  1  1  1  1  1  1  1  1  1  1  1  1  1  1  1  1  1  1  1 
 8  1  1  1  1  1  1  1  1  1  1  1  1  1  1  1  1  1  1  1  1 
 9  1  1  1  1  1  1  1  1  1  1  1  1  1  1  1  1  1  1  1  1 
10  1  1  1  1  1  1  1  1  1  1  1  1  1  1  1  1  1  1  1  1 
11  1  1  1  1  1  1  1  1  1  1  1  1  1  1  1  1  1  1  1  1 
12  1  1  1  1  1  1  1  1  1  1  1  1  1  1  1  1  1  1  1  1 
13  1  1  1  1  1  1  1  1  1  1  1  1  1  1  1  1  1  1  1  1 
14  1  1  1  1  1  1  1  1  1  1  1  1  1  1  1 ##  1  1  1  1 
15  1  1  1  1  1  1  1  1  1  1  1  1  1  1  1 ## ##  1  1  1 
16  1  1  1  1  1  1  1  1  1  1  1  1  1  1  1  1 ## ## ##  1 
17  1  1  1  1  1  1  1  1  1  1  1  1  1  1  1  1 ## ## ##  1 
18  1  1  1  1  1  1  1  1  1  1  1  1  1  1  1  1 ##  1 ##  1 
19  1  1  1  1  1  1  1  1  1  1  1  1  1  1  1  1  1  1 ##  1 

[[[1.         1.         1.         ... 1.         1.         1.        ]
  [1.         1.         1.         ... 1.         1.         1.        ]
  [1.         1.         1.         ... 1.         1.         1.        ]
  ...
  [1.         1.         1.         ... 0.         1.         1.        ]
  [1.         1.         1.         ... 0.         0.         0.        ]
  [1.         1.         1.         ... 1.         1.         1.        ]]

 [[0.1        0.1        0.1        ... 0.1        0.1        0.1       ]
  [0.         0.2        0.         ... 0.1        0.1        0.1       ]
  [0.1        0.1        0.         ... 0.1        0.1        0.1       ]
  ...
  [0.1        0.1        0.1        ... 0.2        0.1        0.1       ]
  [0.1        0.1        0.1        ... 0.         0.         0.        ]
  [0.1        0.1        0.1        ... 0.1        0.1        0.1       ]]

 [[0.         0.         0.         ... 0.         0.         0.        ]
  [0.         0.         0.54545456 ... 0.         0.         0.        ]
  [0.         0.54545456 0.54545456 ... 0.         0.         0.        ]
  ...
  [0.         0.         0.         ... 0.         0.         0.        ]
  [0.         0.         0.         ... 0.         0.         0.        ]
  [0.         0.         0.         ... 0.         0.         0.        ]]

 ...

 [[0.3        0.3        0.3        ... 0.3        0.3        0.3       ]
  [0.3        0.3        0.3        ... 0.3        0.3        0.3       ]
  [0.3        0.3        0.3        ... 0.3        0.3        0.3       ]
  ...
  [0.3        0.3        0.3        ... 0.3        0.3        0.3       ]
  [0.3        0.3        0.3        ... 0.3        0.3        0.3       ]
  [0.3        0.3        0.3        ... 0.3        0.3        0.3       ]]

 [[0.         0.         0.         ... 0.         0.         0.        ]
  [0.         0.         0.         ... 0.         0.         0.        ]
  [0.         0.         0.         ... 0.         0.         0.        ]
  ...
  [0.         0.         0.         ... 0.         0.         0.        ]
  [0.         0.         0.         ... 0.         0.         0.        ]
  [0.         0.         0.         ... 0.         0.         0.        ]]

 [[0.         0.         0.         ... 0.         0.         0.        ]
  [0.         0.         0.         ... 0.         0.         0.        ]
  [0.         0.         0.         ... 0.         0.         0.        ]
  ...
  [0.         0.         0.         ... 0.         0.         0.        ]
  [0.         0.         0.         ... 0.         0.         0.        ]
  [0.         0.         0.         ... 0.         0.         0.        ]]]

===== 回合 23 =====
当前行动棋子: ID=4, 玩家=1
[InputManager] 玩家1的输入方法为: 函数式输入
[InputManager] 开始处理玩家1的行动输入
[FunctionInput] Executing action handler for player 1
[FunctionInput] Action handler executed successfully
[InputManager] 玩家1的行动输入处理完成
envState:1
action: 移动: 是
  目标位置: (5, 3)
攻击: 是
  攻击详情:
    攻击者ID: 4
    目标ID: 5
    伤害值: 0
法术: 否
目标位置(5, 3)被占据
移动失败
[Attack] Auto hit - no roll needed.
[Attack] Dealing 30 damage to target.
对棋子5造成30点伤害

当前棋盘:
    0  1  2  3  4  5  6  7  8  9 10 11 12 13 14 15 16 17 18 19 

 0  1  1  1  1  1  1  1  1  1  1  1  1  1  1  1  1  1  1  1  1 
 1  1  1  1  1  1  1  1  1  1  1  1  1  1  1  1  1  1  1  1  1 
 2  1  1  1  0  3  2  1  1  1  1  1  1  1  1  1  1  1  1  1  1 
 3  1  1  1  1  5  4  1  1  1  1  1  1  1  1  1  1  1  1  1  1 
 4  1  1  1 ## ##  1  1  1  1  1  1  1  1  1  1  1  1  1  1  1 
 5  1  1  1  1 ##  1  1  1  1  1  1  1  1  1  1  1  1  1  1  1 
 6  1  1  1  1  1  1  1  1  1  1  1  1  1  1  1  1  1  1  1  1 
 7  1  1  1  1  1  1  1  1  1  1  1  1  1  1  1  1  1  1  1  1 
 8  1  1  1  1  1  1  1  1  1  1  1  1  1  1  1  1  1  1  1  1 
 9  1  1  1  1  1  1  1  1  1  1  1  1  1  1  1  1  1  1  1  1 
10  1  1  1  1  1  1  1  1  1  1  1  1  1  1  1  1  1  1  1  1 
11  1  1  1  1  1  1  1  1  1  1  1  1  1  1  1  1  1  1  1  1 
12  1  1  1  1  1  1  1  1  1  1  1  1  1  1  1  1  1  1  1  1 
13  1  1  1  1  1  1  1  1  1  1  1  1  1  1  1  1  1  1  1  1 
14  1  1  1  1  1  1  1  1  1  1  1  1  1  1  1 ##  1  1  1  1 
15  1  1  1  1  1  1  1  1  1  1  1  1  1  1  1 ## ##  1  1  1 
16  1  1  1  1  1  1  1  1  1  1  1  1  1  1  1  1 ## ## ##  1 
17  1  1  1  1  1  1  1  1  1  1  1  1  1  1  1  1 ## ## ##  1 
18  1  1  1  1  1  1  1  1  1  1  1  1  1  1  1  1 ##  1 ##  1 
19  1  1  1  1  1  1  1  1  1  1  1  1  1  1  1  1  1  1 ##  1 

[[[1.         1.         1.         ... 1.         1.         1.        ]
  [1.         1.         1.         ... 1.         1.         1.        ]
  [1.         1.         1.         ... 1.         1.         1.        ]
  ...
  [1.         1.         1.         ... 0.         1.         1.        ]
  [1.         1.         1.         ... 0.         0.         0.        ]
  [1.         1.         1.         ... 1.         1.         1.        ]]

 [[0.1        0.1        0.1        ... 0.1        0.1        0.1       ]
  [0.         0.2        0.         ... 0.1        0.1        0.1       ]
  [0.1        0.1        0.         ... 0.1        0.1        0.1       ]
  ...
  [0.1        0.1        0.1        ... 0.2        0.1        0.1       ]
  [0.1        0.1        0.1        ... 0.         0.         0.        ]
  [0.1        0.1        0.1        ... 0.1        0.1        0.1       ]]

 [[0.         0.         0.         ... 0.         0.         0.        ]
  [0.         0.         0.54545456 ... 0.         0.         0.        ]
  [0.         0.54545456 0.54545456 ... 0.         0.         0.        ]
  ...
  [0.         0.         0.         ... 0.         0.         0.        ]
  [0.         0.         0.         ... 0.         0.         0.        ]
  [0.         0.         0.         ... 0.         0.         0.        ]]

 ...

 [[0.3        0.3        0.3        ... 0.3        0.3        0.3       ]
  [0.3        0.3        0.3        ... 0.3        0.3        0.3       ]
  [0.3        0.3        0.3        ... 0.3        0.3        0.3       ]
  ...
  [0.3        0.3        0.3        ... 0.3        0.3        0.3       ]
  [0.3        0.3        0.3        ... 0.3        0.3        0.3       ]
  [0.3        0.3        0.3        ... 0.3        0.3        0.3       ]]

 [[0.         0.         0.         ... 0.         0.         0.        ]
  [0.         0.         0.         ... 0.         0.         0.        ]
  [0.         0.         0.         ... 0.         0.         0.        ]
  ...
  [0.         0.         0.         ... 0.         0.         0.        ]
  [0.         0.         0.         ... 0.         0.         0.        ]
  [0.         0.         0.         ... 0.         0.         0.        ]]

 [[0.         0.         0.         ... 0.         0.         0.        ]
  [0.         0.         0.         ... 0.         0.         0.        ]
  [0.         0.         0.         ... 0.         0.         0.        ]
  ...
  [0.         0.         0.         ... 0.         0.         0.        ]
  [0.         0.         0.         ... 0.         0.         0.        ]
  [0.         0.         0.         ... 0.         0.         0.        ]]]

===== 回合 24 =====
当前行动棋子: ID=5, 玩家=2
[InputManager] 玩家2的输入方法为: 函数式输入
[InputManager] 开始处理玩家2的行动输入
[FunctionInput] Executing action handler for player 2
[FunctionInput] Action handler executed successfully
[InputManager] 玩家2的行动输入处理完成
envState:1
action: 移动: 是
  目标位置: (4, 3)
攻击: 是
  攻击详情:
    攻击者ID: 5
    目标ID: 1
    伤害值: 0
法术: 否
目标位置(4, 3)被占据
移动失败
[Attack] Auto hit - no roll needed.
[Attack] Dealing 30 damage to target.
对棋子1造成30点伤害

当前棋盘:
    0  1  2  3  4  5  6  7  8  9 10 11 12 13 14 15 16 17 18 19 

 0  1  1  1  1  1  1  1  1  1  1  1  1  1  1  1  1  1  1  1  1 
 1  1  1  1  1  1  1  1  1  1  1  1  1  1  1  1  1  1  1  1  1 
 2  1  1  1  0  3  2  1  1  1  1  1  1  1  1  1  1  1  1  1  1 
 3  1  1  1  1  5  4  1  1  1  1  1  1  1  1  1  1  1  1  1  1 
 4  1  1  1 ## ##  1  1  1  1  1  1  1  1  1  1  1  1  1  1  1 
 5  1  1  1  1 ##  1  1  1  1  1  1  1  1  1  1  1  1  1  1  1 
 6  1  1  1  1  1  1  1  1  1  1  1  1  1  1  1  1  1  1  1  1 
 7  1  1  1  1  1  1  1  1  1  1  1  1  1  1  1  1  1  1  1  1 
 8  1  1  1  1  1  1  1  1  1  1  1  1  1  1  1  1  1  1  1  1 
 9  1  1  1  1  1  1  1  1  1  1  1  1  1  1  1  1  1  1  1  1 
10  1  1  1  1  1  1  1  1  1  1  1  1  1  1  1  1  1  1  1  1 
11  1  1  1  1  1  1  1  1  1  1  1  1  1  1  1  1  1  1  1  1 
12  1  1  1  1  1  1  1  1  1  1  1  1  1  1  1  1  1  1  1  1 
13  1  1  1  1  1  1  1  1  1  1  1  1  1  1  1  1  1  1  1  1 
14  1  1  1  1  1  1  1  1  1  1  1  1  1  1  1 ##  1  1  1  1 
15  1  1  1  1  1  1  1  1  1  1  1  1  1  1  1 ## ##  1  1  1 
16  1  1  1  1  1  1  1  1  1  1  1  1  1  1  1  1 ## ## ##  1 
17  1  1  1  1  1  1  1  1  1  1  1  1  1  1  1  1 ## ## ##  1 
18  1  1  1  1  1  1  1  1  1  1  1  1  1  1  1  1 ##  1 ##  1 
19  1  1  1  1  1  1  1  1  1  1  1  1  1  1  1  1  1  1 ##  1 

[[[1.         1.         1.         ... 1.         1.         1.        ]
  [1.         1.         1.         ... 1.         1.         1.        ]
  [1.         1.         1.         ... 1.         1.         1.        ]
  ...
  [1.         1.         1.         ... 0.         1.         1.        ]
  [1.         1.         1.         ... 0.         0.         0.        ]
  [1.         1.         1.         ... 1.         1.         1.        ]]

 [[0.1        0.1        0.1        ... 0.1        0.1        0.1       ]
  [0.         0.2        0.         ... 0.1        0.1        0.1       ]
  [0.1        0.1        0.         ... 0.1        0.1        0.1       ]
  ...
  [0.1        0.1        0.1        ... 0.2        0.1        0.1       ]
  [0.1        0.1        0.1        ... 0.         0.         0.        ]
  [0.1        0.1        0.1        ... 0.1        0.1        0.1       ]]

 [[0.         0.         0.27272728 ... 0.         0.         0.        ]
  [0.         0.27272728 0.27272728 ... 0.         0.         0.        ]
  [0.27272728 0.27272728 0.8181818  ... 0.         0.         0.        ]
  ...
  [0.         0.         0.         ... 0.         0.         0.        ]
  [0.         0.         0.         ... 0.         0.         0.        ]
  [0.         0.         0.         ... 0.         0.         0.        ]]

 ...

 [[0.3        0.3        0.3        ... 0.3        0.3        0.3       ]
  [0.3        0.3        0.3        ... 0.3        0.3        0.3       ]
  [0.3        0.3        0.3        ... 0.3        0.3        0.3       ]
  ...
  [0.3        0.3        0.3        ... 0.3        0.3        0.3       ]
  [0.3        0.3        0.3        ... 0.3        0.3        0.3       ]
  [0.3        0.3        0.3        ... 0.3        0.3        0.3       ]]

 [[0.         0.         0.         ... 0.         0.         0.        ]
  [0.         0.         0.         ... 0.         0.         0.        ]
  [0.         0.         0.         ... 0.         0.         0.        ]
  ...
  [0.         0.         0.         ... 0.         0.         0.        ]
  [0.         0.         0.         ... 0.         0.         0.        ]
  [0.         0.         0.         ... 0.         0.         0.        ]]

 [[0.         0.         0.         ... 0.         0.         0.        ]
  [0.         0.         0.         ... 0.         0.         0.        ]
  [0.         0.         0.         ... 0.         0.         0.        ]
  ...
  [0.         0.         0.         ... 0.         0.         0.        ]
  [0.         0.         0.         ... 0.         0.         0.        ]
  [0.         0.         0.         ... 0.         0.         0.        ]]]

===== 回合 25 =====
当前行动棋子: ID=0, 玩家=2
[InputManager] 玩家2的输入方法为: 函数式输入
[InputManager] 开始处理玩家2的行动输入
[FunctionInput] Executing action handler for player 2
[FunctionInput] Action handler executed successfully
[InputManager] 玩家2的行动输入处理完成
envState:1
action: 移动: 是
  目标位置: (2, 3)
攻击: 是
  攻击详情:
    攻击者ID: 0
    目标ID: 1
    伤害值: 0
法术: 否
移动成功到 (2, 3)
[Attack] Auto hit - no roll needed.
[Attack] Dealing 30 damage to target.
对棋子1造成30点伤害

当前棋盘:
    0  1  2  3  4  5  6  7  8  9 10 11 12 13 14 15 16 17 18 19 

 0  1  1  1  1  1  1  1  1  1  1  1  1  1  1  1  1  1  1  1  1 
 1  1  1  1  1  1  1  1  1  1  1  1  1  1  1  1  1  1  1  1  1 
 2  1  1  1  1  3  2  1  1  1  1  1  1  1  1  1  1  1  1  1  1 
 3  1  1  0  1  5  4  1  1  1  1  1  1  1  1  1  1  1  1  1  1 
 4  1  1  1 ## ##  1  1  1  1  1  1  1  1  1  1  1  1  1  1  1 
 5  1  1  1  1 ##  1  1  1  1  1  1  1  1  1  1  1  1  1  1  1 
 6  1  1  1  1  1  1  1  1  1  1  1  1  1  1  1  1  1  1  1  1 
 7  1  1  1  1  1  1  1  1  1  1  1  1  1  1  1  1  1  1  1  1 
 8  1  1  1  1  1  1  1  1  1  1  1  1  1  1  1  1  1  1  1  1 
 9  1  1  1  1  1  1  1  1  1  1  1  1  1  1  1  1  1  1  1  1 
10  1  1  1  1  1  1  1  1  1  1  1  1  1  1  1  1  1  1  1  1 
11  1  1  1  1  1  1  1  1  1  1  1  1  1  1  1  1  1  1  1  1 
12  1  1  1  1  1  1  1  1  1  1  1  1  1  1  1  1  1  1  1  1 
13  1  1  1  1  1  1  1  1  1  1  1  1  1  1  1  1  1  1  1  1 
14  1  1  1  1  1  1  1  1  1  1  1  1  1  1  1 ##  1  1  1  1 
15  1  1  1  1  1  1  1  1  1  1  1  1  1  1  1 ## ##  1  1  1 
16  1  1  1  1  1  1  1  1  1  1  1  1  1  1  1  1 ## ## ##  1 
17  1  1  1  1  1  1  1  1  1  1  1  1  1  1  1  1 ## ## ##  1 
18  1  1  1  1  1  1  1  1  1  1  1  1  1  1  1  1 ##  1 ##  1 
19  1  1  1  1  1  1  1  1  1  1  1  1  1  1  1  1  1  1 ##  1 

[[[1.         1.         1.         ... 1.         1.         1.        ]
  [1.         1.         1.         ... 1.         1.         1.        ]
  [1.         1.         1.         ... 1.         1.         1.        ]
  ...
  [1.         1.         1.         ... 0.         1.         1.        ]
  [1.         1.         1.         ... 0.         0.         0.        ]
  [1.         1.         1.         ... 1.         1.         1.        ]]

 [[0.1        0.1        0.1        ... 0.1        0.1        0.1       ]
  [0.         0.2        0.         ... 0.1        0.1        0.1       ]
  [0.1        0.1        0.         ... 0.1        0.1        0.1       ]
  ...
  [0.1        0.1        0.1        ... 0.2        0.1        0.1       ]
  [0.1        0.1        0.1        ... 0.         0.         0.        ]
  [0.1        0.1        0.1        ... 0.1        0.1        0.1       ]]

 [[0.         0.         0.27272728 ... 0.         0.         0.        ]
  [0.         0.27272728 0.27272728 ... 0.         0.         0.        ]
  [0.27272728 0.27272728 0.8181818  ... 0.         0.         0.        ]
  ...
  [0.         0.         0.         ... 0.         0.         0.        ]
  [0.         0.         0.         ... 0.         0.         0.        ]
  [0.         0.         0.         ... 0.         0.         0.        ]]

 ...

 [[0.3        0.3        0.3        ... 0.3        0.3        0.3       ]
  [0.3        0.3        0.3        ... 0.3        0.3        0.3       ]
  [0.3        0.3        0.3        ... 0.3        0.3        0.3       ]
  ...
  [0.3        0.3        0.3        ... 0.3        0.3        0.3       ]
  [0.3        0.3        0.3        ... 0.3        0.3        0.3       ]
  [0.3        0.3        0.3        ... 0.3        0.3        0.3       ]]

 [[0.         0.         0.         ... 0.         0.         0.        ]
  [0.         0.         0.         ... 0.         0.         0.        ]
  [0.         0.         0.         ... 0.         0.         0.        ]
  ...
  [0.         0.         0.         ... 0.         0.         0.        ]
  [0.         0.         0.         ... 0.         0.         0.        ]
  [0.         0.         0.         ... 0.         0.         0.        ]]

 [[0.         0.         0.         ... 0.         0.         0.        ]
  [0.         0.         0.         ... 0.         0.         0.        ]
  [0.         0.         0.         ... 0.         0.         0.        ]
  ...
  [0.         0.         0.         ... 0.         0.         0.        ]
  [0.         0.         0.         ... 0.         0.         0.        ]
  [0.         0.         0.         ... 0.         0.         0.        ]]]

===== 回合 26 =====
当前行动棋子: ID=1, 玩家=1
[InputManager] 玩家1的输入方法为: 函数式输入
[InputManager] 开始处理玩家1的行动输入
[FunctionInput] Executing action handler for player 1
[FunctionInput] Action handler executed successfully
[InputManager] 玩家1的行动输入处理完成
envState:1
action: 移动: 是
  目标位置: (3, 3)
攻击: 是
  攻击详情:
    攻击者ID: 1
    目标ID: 5
    伤害值: 0
法术: 否
目标位置(3, 3)被占据
移动失败
[Attack] Auto hit - no roll needed.
[Attack] Dealing 30 damage to target.
对棋子5造成30点伤害

当前棋盘:
    0  1  2  3  4  5  6  7  8  9 10 11 12 13 14 15 16 17 18 19 

 0  1  1  1  1  1  1  1  1  1  1  1  1  1  1  1  1  1  1  1  1 
 1  1  1  1  1  1  1  1  1  1  1  1  1  1  1  1  1  1  1  1  1 
 2  1  1  1  1  3  2  1  1  1  1  1  1  1  1  1  1  1  1  1  1 
 3  1  1  0  1  5  4  1  1  1  1  1  1  1  1  1  1  1  1  1  1 
 4  1  1  1 ## ##  1  1  1  1  1  1  1  1  1  1  1  1  1  1  1 
 5  1  1  1  1 ##  1  1  1  1  1  1  1  1  1  1  1  1  1  1  1 
 6  1  1  1  1  1  1  1  1  1  1  1  1  1  1  1  1  1  1  1  1 
 7  1  1  1  1  1  1  1  1  1  1  1  1  1  1  1  1  1  1  1  1 
 8  1  1  1  1  1  1  1  1  1  1  1  1  1  1  1  1  1  1  1  1 
 9  1  1  1  1  1  1  1  1  1  1  1  1  1  1  1  1  1  1  1  1 
10  1  1  1  1  1  1  1  1  1  1  1  1  1  1  1  1  1  1  1  1 
11  1  1  1  1  1  1  1  1  1  1  1  1  1  1  1  1  1  1  1  1 
12  1  1  1  1  1  1  1  1  1  1  1  1  1  1  1  1  1  1  1  1 
13  1  1  1  1  1  1  1  1  1  1  1  1  1  1  1  1  1  1  1  1 
14  1  1  1  1  1  1  1  1  1  1  1  1  1  1  1 ##  1  1  1  1 
15  1  1  1  1  1  1  1  1  1  1  1  1  1  1  1 ## ##  1  1  1 
16  1  1  1  1  1  1  1  1  1  1  1  1  1  1  1  1 ## ## ##  1 
17  1  1  1  1  1  1  1  1  1  1  1  1  1  1  1  1 ## ## ##  1 
18  1  1  1  1  1  1  1  1  1  1  1  1  1  1  1  1 ##  1 ##  1 
19  1  1  1  1  1  1  1  1  1  1  1  1  1  1  1  1  1  1 ##  1 

[[[1.         1.         1.         ... 1.         1.         1.        ]
  [1.         1.         1.         ... 1.         1.         1.        ]
  [1.         1.         1.         ... 1.         1.         1.        ]
  ...
  [1.         1.         1.         ... 0.         1.         1.        ]
  [1.         1.         1.         ... 0.         0.         0.        ]
  [1.         1.         1.         ... 1.         1.         1.        ]]

 [[0.1        0.1        0.1        ... 0.1        0.1        0.1       ]
  [0.         0.2        0.         ... 0.1        0.1        0.1       ]
  [0.1        0.1        0.         ... 0.1        0.1        0.1       ]
  ...
  [0.1        0.1        0.1        ... 0.2        0.1        0.1       ]
  [0.1        0.1        0.1        ... 0.         0.         0.        ]
  [0.1        0.1        0.1        ... 0.1        0.1        0.1       ]]

 [[0.         0.         0.         ... 0.         0.         0.        ]
  [0.         0.         0.54545456 ... 0.         0.         0.        ]
  [0.         0.54545456 0.54545456 ... 0.         0.         0.        ]
  ...
  [0.         0.         0.         ... 0.         0.         0.        ]
  [0.         0.         0.         ... 0.         0.         0.        ]
  [0.         0.         0.         ... 0.         0.         0.        ]]

 ...

 [[0.3        0.3        0.3        ... 0.3        0.3        0.3       ]
  [0.3        0.3        0.3        ... 0.3        0.3        0.3       ]
  [0.3        0.3        0.3        ... 0.3        0.3        0.3       ]
  ...
  [0.3        0.3        0.3        ... 0.3        0.3        0.3       ]
  [0.3        0.3        0.3        ... 0.3        0.3        0.3       ]
  [0.3        0.3        0.3        ... 0.3        0.3        0.3       ]]

 [[0.         0.         0.         ... 0.         0.         0.        ]
  [0.         0.         0.         ... 0.         0.         0.        ]
  [0.         0.         0.         ... 0.         0.         0.        ]
  ...
  [0.         0.         0.         ... 0.         0.         0.        ]
  [0.         0.         0.         ... 0.         0.         0.        ]
  [0.         0.         0.         ... 0.         0.         0.        ]]

 [[0.         0.         0.         ... 0.         0.         0.        ]
  [0.         0.         0.         ... 0.         0.         0.        ]
  [0.         0.         0.         ... 0.         0.         0.        ]
  ...
  [0.         0.         0.         ... 0.         0.         0.        ]
  [0.         0.         0.         ... 0.         0.         0.        ]
  [0.         0.         0.         ... 0.         0.         0.        ]]]

===== 回合 27 =====
当前行动棋子: ID=2, 玩家=2
[InputManager] 玩家2的输入方法为: 函数式输入
[InputManager] 开始处理玩家2的行动输入
[FunctionInput] Executing action handler for player 2
[FunctionInput] Action handler executed successfully
[InputManager] 玩家2的行动输入处理完成
envState:1
action: 移动: 是
  目标位置: (3, 2)
攻击: 是
  攻击详情:
    攻击者ID: 2
    目标ID: 3
    伤害值: 0
法术: 否
移动成功到 (3, 2)
[Attack] Auto hit - no roll needed.
[Attack] Dealing 30 damage to target.
对棋子3造成30点伤害

当前棋盘:
    0  1  2  3  4  5  6  7  8  9 10 11 12 13 14 15 16 17 18 19 

 0  1  1  1  1  1  1  1  1  1  1  1  1  1  1  1  1  1  1  1  1 
 1  1  1  1  1  1  1  1  1  1  1  1  1  1  1  1  1  1  1  1  1 
 2  1  1  1  2  3  1  1  1  1  1  1  1  1  1  1  1  1  1  1  1 
 3  1  1  0  1  5  4  1  1  1  1  1  1  1  1  1  1  1  1  1  1 
 4  1  1  1 ## ##  1  1  1  1  1  1  1  1  1  1  1  1  1  1  1 
 5  1  1  1  1 ##  1  1  1  1  1  1  1  1  1  1  1  1  1  1  1 
 6  1  1  1  1  1  1  1  1  1  1  1  1  1  1  1  1  1  1  1  1 
 7  1  1  1  1  1  1  1  1  1  1  1  1  1  1  1  1  1  1  1  1 
 8  1  1  1  1  1  1  1  1  1  1  1  1  1  1  1  1  1  1  1  1 
 9  1  1  1  1  1  1  1  1  1  1  1  1  1  1  1  1  1  1  1  1 
10  1  1  1  1  1  1  1  1  1  1  1  1  1  1  1  1  1  1  1  1 
11  1  1  1  1  1  1  1  1  1  1  1  1  1  1  1  1  1  1  1  1 
12  1  1  1  1  1  1  1  1  1  1  1  1  1  1  1  1  1  1  1  1 
13  1  1  1  1  1  1  1  1  1  1  1  1  1  1  1  1  1  1  1  1 
14  1  1  1  1  1  1  1  1  1  1  1  1  1  1  1 ##  1  1  1  1 
15  1  1  1  1  1  1  1  1  1  1  1  1  1  1  1 ## ##  1  1  1 
16  1  1  1  1  1  1  1  1  1  1  1  1  1  1  1  1 ## ## ##  1 
17  1  1  1  1  1  1  1  1  1  1  1  1  1  1  1  1 ## ## ##  1 
18  1  1  1  1  1  1  1  1  1  1  1  1  1  1  1  1 ##  1 ##  1 
19  1  1  1  1  1  1  1  1  1  1  1  1  1  1  1  1  1  1 ##  1 

[[[1.         1.         1.         ... 1.         1.         1.        ]
  [1.         1.         1.         ... 1.         1.         1.        ]
  [1.         1.         1.         ... 1.         1.         1.        ]
  ...
  [1.         1.         1.         ... 0.         1.         1.        ]
  [1.         1.         1.         ... 0.         0.         0.        ]
  [1.         1.         1.         ... 1.         1.         1.        ]]

 [[0.1        0.1        0.1        ... 0.1        0.1        0.1       ]
  [0.         0.2        0.         ... 0.1        0.1        0.1       ]
  [0.1        0.1        0.         ... 0.1        0.1        0.1       ]
  ...
  [0.1        0.1        0.1        ... 0.2        0.1        0.1       ]
  [0.1        0.1        0.1        ... 0.         0.         0.        ]
  [0.1        0.1        0.1        ... 0.1        0.1        0.1       ]]

 [[0.         0.         0.54545456 ... 0.         0.         0.        ]
  [0.         0.54545456 0.54545456 ... 0.         0.         0.        ]
  [0.54545456 0.54545456 0.8181818  ... 0.         0.         0.        ]
  ...
  [0.         0.         0.         ... 0.         0.         0.        ]
  [0.         0.         0.         ... 0.         0.         0.        ]
  [0.         0.         0.         ... 0.         0.         0.        ]]

 ...

 [[0.3        0.3        0.3        ... 0.3        0.3        0.3       ]
  [0.3        0.3        0.3        ... 0.3        0.3        0.3       ]
  [0.3        0.3        0.3        ... 0.3        0.3        0.3       ]
  ...
  [0.3        0.3        0.3        ... 0.3        0.3        0.3       ]
  [0.3        0.3        0.3        ... 0.3        0.3        0.3       ]
  [0.3        0.3        0.3        ... 0.3        0.3        0.3       ]]

 [[0.         0.         0.         ... 0.         0.         0.        ]
  [0.         0.         0.         ... 0.         0.         0.        ]
  [0.         0.         0.         ... 0.         0.         0.        ]
  ...
  [0.         0.         0.         ... 0.         0.         0.        ]
  [0.         0.         0.         ... 0.         0.         0.        ]
  [0.         0.         0.         ... 0.         0.         0.        ]]

 [[0.         0.         0.         ... 0.         0.         0.        ]
  [0.         0.         0.         ... 0.         0.         0.        ]
  [0.         0.         0.         ... 0.         0.         0.        ]
  ...
  [0.         0.         0.         ... 0.         0.         0.        ]
  [0.         0.         0.         ... 0.         0.         0.        ]
  [0.         0.         0.         ... 0.         0.         0.        ]]]

===== 回合 28 =====
当前行动棋子: ID=3, 玩家=1
[InputManager] 玩家1的输入方法为: 函数式输入
[InputManager] 开始处理玩家1的行动输入
[FunctionInput] Executing action handler for player 1
[FunctionInput] Action handler executed successfully
[InputManager] 玩家1的行动输入处理完成
envState:1
action: 移动: 是
  目标位置: (4, 2)
攻击: 是
  攻击详情:
    攻击者ID: 3
    目标ID: 5
    伤害值: 0
法术: 否
目标位置(4, 2)被占据
移动失败
[Attack] Auto hit - no roll needed.
[Attack] Dealing 30 damage to target.
对棋子5造成30点伤害

当前棋盘:
    0  1  2  3  4  5  6  7  8  9 10 11 12 13 14 15 16 17 18 19 

 0  1  1  1  1  1  1  1  1  1  1  1  1  1  1  1  1  1  1  1  1 
 1  1  1  1  1  1  1  1  1  1  1  1  1  1  1  1  1  1  1  1  1 
 2  1  1  1  2  3  1  1  1  1  1  1  1  1  1  1  1  1  1  1  1 
 3  1  1  0  1  5  4  1  1  1  1  1  1  1  1  1  1  1  1  1  1 
 4  1  1  1 ## ##  1  1  1  1  1  1  1  1  1  1  1  1  1  1  1 
 5  1  1  1  1 ##  1  1  1  1  1  1  1  1  1  1  1  1  1  1  1 
 6  1  1  1  1  1  1  1  1  1  1  1  1  1  1  1  1  1  1  1  1 
 7  1  1  1  1  1  1  1  1  1  1  1  1  1  1  1  1  1  1  1  1 
 8  1  1  1  1  1  1  1  1  1  1  1  1  1  1  1  1  1  1  1  1 
 9  1  1  1  1  1  1  1  1  1  1  1  1  1  1  1  1  1  1  1  1 
10  1  1  1  1  1  1  1  1  1  1  1  1  1  1  1  1  1  1  1  1 
11  1  1  1  1  1  1  1  1  1  1  1  1  1  1  1  1  1  1  1  1 
12  1  1  1  1  1  1  1  1  1  1  1  1  1  1  1  1  1  1  1  1 
13  1  1  1  1  1  1  1  1  1  1  1  1  1  1  1  1  1  1  1  1 
14  1  1  1  1  1  1  1  1  1  1  1  1  1  1  1 ##  1  1  1  1 
15  1  1  1  1  1  1  1  1  1  1  1  1  1  1  1 ## ##  1  1  1 
16  1  1  1  1  1  1  1  1  1  1  1  1  1  1  1  1 ## ## ##  1 
17  1  1  1  1  1  1  1  1  1  1  1  1  1  1  1  1 ## ## ##  1 
18  1  1  1  1  1  1  1  1  1  1  1  1  1  1  1  1 ##  1 ##  1 
19  1  1  1  1  1  1  1  1  1  1  1  1  1  1  1  1  1  1 ##  1 

[[[1.         1.         1.         ... 1.         1.         1.        ]
  [1.         1.         1.         ... 1.         1.         1.        ]
  [1.         1.         1.         ... 1.         1.         1.        ]
  ...
  [1.         1.         1.         ... 0.         1.         1.        ]
  [1.         1.         1.         ... 0.         0.         0.        ]
  [1.         1.         1.         ... 1.         1.         1.        ]]

 [[0.1        0.1        0.1        ... 0.1        0.1        0.1       ]
  [0.         0.2        0.         ... 0.1        0.1        0.1       ]
  [0.1        0.1        0.         ... 0.1        0.1        0.1       ]
  ...
  [0.1        0.1        0.1        ... 0.2        0.1        0.1       ]
  [0.1        0.1        0.1        ... 0.         0.         0.        ]
  [0.1        0.1        0.1        ... 0.1        0.1        0.1       ]]

 [[0.         0.         0.         ... 0.         0.         0.        ]
  [0.         0.         0.54545456 ... 0.         0.         0.        ]
  [0.         0.54545456 0.54545456 ... 0.         0.         0.        ]
  ...
  [0.         0.         0.         ... 0.         0.         0.        ]
  [0.         0.         0.         ... 0.         0.         0.        ]
  [0.         0.         0.         ... 0.         0.         0.        ]]

 ...

 [[0.3        0.3        0.3        ... 0.3        0.3        0.3       ]
  [0.3        0.3        0.3        ... 0.3        0.3        0.3       ]
  [0.3        0.3        0.3        ... 0.3        0.3        0.3       ]
  ...
  [0.3        0.3        0.3        ... 0.3        0.3        0.3       ]
  [0.3        0.3        0.3        ... 0.3        0.3        0.3       ]
  [0.3        0.3        0.3        ... 0.3        0.3        0.3       ]]

 [[0.         0.         0.         ... 0.         0.         0.        ]
  [0.         0.         0.         ... 0.         0.         0.        ]
  [0.         0.         0.         ... 0.         0.         0.        ]
  ...
  [0.         0.         0.         ... 0.         0.         0.        ]
  [0.         0.         0.         ... 0.         0.         0.        ]
  [0.         0.         0.         ... 0.         0.         0.        ]]

 [[0.         0.         0.         ... 0.         0.         0.        ]
  [0.         0.         0.         ... 0.         0.         0.        ]
  [0.         0.         0.         ... 0.         0.         0.        ]
  ...
  [0.         0.         0.         ... 0.         0.         0.        ]
  [0.         0.         0.         ... 0.         0.         0.        ]
  [0.         0.         0.         ... 0.         0.         0.        ]]]

===== 回合 29 =====
当前行动棋子: ID=4, 玩家=1
[InputManager] 玩家1的输入方法为: 函数式输入
[InputManager] 开始处理玩家1的行动输入
[FunctionInput] Executing action handler for player 1
[FunctionInput] Action handler executed successfully
[InputManager] 玩家1的行动输入处理完成
envState:1
action: 移动: 是
  目标位置: (5, 3)
攻击: 是
  攻击详情:
    攻击者ID: 4
    目标ID: 5
    伤害值: 0
法术: 否
目标位置(5, 3)被占据
移动失败
[Attack] Auto hit - no roll needed.
[Attack] Dealing 30 damage to target.
对棋子5造成30点伤害

当前棋盘:
    0  1  2  3  4  5  6  7  8  9 10 11 12 13 14 15 16 17 18 19 

 0  1  1  1  1  1  1  1  1  1  1  1  1  1  1  1  1  1  1  1  1 
 1  1  1  1  1  1  1  1  1  1  1  1  1  1  1  1  1  1  1  1  1 
 2  1  1  1  2  3  1  1  1  1  1  1  1  1  1  1  1  1  1  1  1 
 3  1  1  0  1  5  4  1  1  1  1  1  1  1  1  1  1  1  1  1  1 
 4  1  1  1 ## ##  1  1  1  1  1  1  1  1  1  1  1  1  1  1  1 
 5  1  1  1  1 ##  1  1  1  1  1  1  1  1  1  1  1  1  1  1  1 
 6  1  1  1  1  1  1  1  1  1  1  1  1  1  1  1  1  1  1  1  1 
 7  1  1  1  1  1  1  1  1  1  1  1  1  1  1  1  1  1  1  1  1 
 8  1  1  1  1  1  1  1  1  1  1  1  1  1  1  1  1  1  1  1  1 
 9  1  1  1  1  1  1  1  1  1  1  1  1  1  1  1  1  1  1  1  1 
10  1  1  1  1  1  1  1  1  1  1  1  1  1  1  1  1  1  1  1  1 
11  1  1  1  1  1  1  1  1  1  1  1  1  1  1  1  1  1  1  1  1 
12  1  1  1  1  1  1  1  1  1  1  1  1  1  1  1  1  1  1  1  1 
13  1  1  1  1  1  1  1  1  1  1  1  1  1  1  1  1  1  1  1  1 
14  1  1  1  1  1  1  1  1  1  1  1  1  1  1  1 ##  1  1  1  1 
15  1  1  1  1  1  1  1  1  1  1  1  1  1  1  1 ## ##  1  1  1 
16  1  1  1  1  1  1  1  1  1  1  1  1  1  1  1  1 ## ## ##  1 
17  1  1  1  1  1  1  1  1  1  1  1  1  1  1  1  1 ## ## ##  1 
18  1  1  1  1  1  1  1  1  1  1  1  1  1  1  1  1 ##  1 ##  1 
19  1  1  1  1  1  1  1  1  1  1  1  1  1  1  1  1  1  1 ##  1 

[[[1.         1.         1.         ... 1.         1.         1.        ]
  [1.         1.         1.         ... 1.         1.         1.        ]
  [1.         1.         1.         ... 1.         1.         1.        ]
  ...
  [1.         1.         1.         ... 0.         1.         1.        ]
  [1.         1.         1.         ... 0.         0.         0.        ]
  [1.         1.         1.         ... 1.         1.         1.        ]]

 [[0.1        0.1        0.1        ... 0.1        0.1        0.1       ]
  [0.         0.2        0.         ... 0.1        0.1        0.1       ]
  [0.1        0.1        0.         ... 0.1        0.1        0.1       ]
  ...
  [0.1        0.1        0.1        ... 0.2        0.1        0.1       ]
  [0.1        0.1        0.1        ... 0.         0.         0.        ]
  [0.1        0.1        0.1        ... 0.1        0.1        0.1       ]]

 [[0.         0.         0.         ... 0.         0.         0.        ]
  [0.         0.         0.54545456 ... 0.         0.         0.        ]
  [0.         0.54545456 0.54545456 ... 0.         0.         0.        ]
  ...
  [0.         0.         0.         ... 0.         0.         0.        ]
  [0.         0.         0.         ... 0.         0.         0.        ]
  [0.         0.         0.         ... 0.         0.         0.        ]]

 ...

 [[0.3        0.3        0.3        ... 0.3        0.3        0.3       ]
  [0.3        0.3        0.3        ... 0.3        0.3        0.3       ]
  [0.3        0.3        0.3        ... 0.3        0.3        0.3       ]
  ...
  [0.3        0.3        0.3        ... 0.3        0.3        0.3       ]
  [0.3        0.3        0.3        ... 0.3        0.3        0.3       ]
  [0.3        0.3        0.3        ... 0.3        0.3        0.3       ]]

 [[0.         0.         0.         ... 0.         0.         0.        ]
  [0.         0.         0.         ... 0.         0.         0.        ]
  [0.         0.         0.         ... 0.         0.         0.        ]
  ...
  [0.         0.         0.         ... 0.         0.         0.        ]
  [0.         0.         0.         ... 0.         0.         0.        ]
  [0.         0.         0.         ... 0.         0.         0.        ]]

 [[0.         0.         0.         ... 0.         0.         0.        ]
  [0.         0.         0.         ... 0.         0.         0.        ]
  [0.         0.         0.         ... 0.         0.         0.        ]
  ...
  [0.         0.         0.         ... 0.         0.         0.        ]
  [0.         0.         0.         ... 0.         0.         0.        ]
  [0.         0.         0.         ... 0.         0.         0.        ]]]

===== 回合 30 =====
当前行动棋子: ID=5, 玩家=2
[InputManager] 玩家2的输入方法为: 函数式输入
[InputManager] 开始处理玩家2的行动输入
[FunctionInput] Executing action handler for player 2
[FunctionInput] Action handler executed successfully
[InputManager] 玩家2的行动输入处理完成
envState:1
action: 移动: 是
  目标位置: (4, 3)
攻击: 是
  攻击详情:
    攻击者ID: 5
    目标ID: 1
    伤害值: 0
法术: 否
目标位置(4, 3)被占据
移动失败
[Attack] Auto hit - no roll needed.
[Attack] Dealing 30 damage to target.
对棋子1造成30点伤害

当前棋盘:
    0  1  2  3  4  5  6  7  8  9 10 11 12 13 14 15 16 17 18 19 

 0  1  1  1  1  1  1  1  1  1  1  1  1  1  1  1  1  1  1  1  1 
 1  1  1  1  1  1  1  1  1  1  1  1  1  1  1  1  1  1  1  1  1 
 2  1  1  1  2  3  1  1  1  1  1  1  1  1  1  1  1  1  1  1  1 
 3  1  1  0  1  5  4  1  1  1  1  1  1  1  1  1  1  1  1  1  1 
 4  1  1  1 ## ##  1  1  1  1  1  1  1  1  1  1  1  1  1  1  1 
 5  1  1  1  1 ##  1  1  1  1  1  1  1  1  1  1  1  1  1  1  1 
 6  1  1  1  1  1  1  1  1  1  1  1  1  1  1  1  1  1  1  1  1 
 7  1  1  1  1  1  1  1  1  1  1  1  1  1  1  1  1  1  1  1  1 
 8  1  1  1  1  1  1  1  1  1  1  1  1  1  1  1  1  1  1  1  1 
 9  1  1  1  1  1  1  1  1  1  1  1  1  1  1  1  1  1  1  1  1 
10  1  1  1  1  1  1  1  1  1  1  1  1  1  1  1  1  1  1  1  1 
11  1  1  1  1  1  1  1  1  1  1  1  1  1  1  1  1  1  1  1  1 
12  1  1  1  1  1  1  1  1  1  1  1  1  1  1  1  1  1  1  1  1 
13  1  1  1  1  1  1  1  1  1  1  1  1  1  1  1  1  1  1  1  1 
14  1  1  1  1  1  1  1  1  1  1  1  1  1  1  1 ##  1  1  1  1 
15  1  1  1  1  1  1  1  1  1  1  1  1  1  1  1 ## ##  1  1  1 
16  1  1  1  1  1  1  1  1  1  1  1  1  1  1  1  1 ## ## ##  1 
17  1  1  1  1  1  1  1  1  1  1  1  1  1  1  1  1 ## ## ##  1 
18  1  1  1  1  1  1  1  1  1  1  1  1  1  1  1  1 ##  1 ##  1 
19  1  1  1  1  1  1  1  1  1  1  1  1  1  1  1  1  1  1 ##  1 

[[[1.         1.         1.         ... 1.         1.         1.        ]
  [1.         1.         1.         ... 1.         1.         1.        ]
  [1.         1.         1.         ... 1.         1.         1.        ]
  ...
  [1.         1.         1.         ... 0.         1.         1.        ]
  [1.         1.         1.         ... 0.         0.         0.        ]
  [1.         1.         1.         ... 1.         1.         1.        ]]

 [[0.1        0.1        0.1        ... 0.1        0.1        0.1       ]
  [0.         0.2        0.         ... 0.1        0.1        0.1       ]
  [0.1        0.1        0.         ... 0.1        0.1        0.1       ]
  ...
  [0.1        0.1        0.1        ... 0.2        0.1        0.1       ]
  [0.1        0.1        0.1        ... 0.         0.         0.        ]
  [0.1        0.1        0.1        ... 0.1        0.1        0.1       ]]

 [[0.         0.         0.54545456 ... 0.         0.         0.        ]
  [0.         0.54545456 0.54545456 ... 0.         0.         0.        ]
  [0.54545456 0.54545456 0.8181818  ... 0.         0.         0.        ]
  ...
  [0.         0.         0.         ... 0.         0.         0.        ]
  [0.         0.         0.         ... 0.         0.         0.        ]
  [0.         0.         0.         ... 0.         0.         0.        ]]

 ...

 [[0.3        0.3        0.3        ... 0.3        0.3        0.3       ]
  [0.3        0.3        0.3        ... 0.3        0.3        0.3       ]
  [0.3        0.3        0.3        ... 0.3        0.3        0.3       ]
  ...
  [0.3        0.3        0.3        ... 0.3        0.3        0.3       ]
  [0.3        0.3        0.3        ... 0.3        0.3        0.3       ]
  [0.3        0.3        0.3        ... 0.3        0.3        0.3       ]]

 [[0.         0.         0.         ... 0.         0.         0.        ]
  [0.         0.         0.         ... 0.         0.         0.        ]
  [0.         0.         0.         ... 0.         0.         0.        ]
  ...
  [0.         0.         0.         ... 0.         0.         0.        ]
  [0.         0.         0.         ... 0.         0.         0.        ]
  [0.         0.         0.         ... 0.         0.         0.        ]]

 [[0.         0.         0.         ... 0.         0.         0.        ]
  [0.         0.         0.         ... 0.         0.         0.        ]
  [0.         0.         0.         ... 0.         0.         0.        ]
  ...
  [0.         0.         0.         ... 0.         0.         0.        ]
  [0.         0.         0.         ... 0.         0.         0.        ]
  [0.         0.         0.         ... 0.         0.         0.        ]]]

===== 回合 31 =====
当前行动棋子: ID=0, 玩家=2
[InputManager] 玩家2的输入方法为: 函数式输入
[InputManager] 开始处理玩家2的行动输入
[FunctionInput] Executing action handler for player 2
[FunctionInput] Action handler executed successfully
[InputManager] 玩家2的行动输入处理完成
envState:1
action: 移动: 是
  目标位置: (2, 3)
攻击: 是
  攻击详情:
    攻击者ID: 0
    目标ID: 1
    伤害值: 0
法术: 否
目标位置(2, 3)被占据
移动失败
[Attack] Auto hit - no roll needed.
[Attack] Dealing 30 damage to target.
对棋子1造成30点伤害

当前棋盘:
    0  1  2  3  4  5  6  7  8  9 10 11 12 13 14 15 16 17 18 19 

 0  1  1  1  1  1  1  1  1  1  1  1  1  1  1  1  1  1  1  1  1 
 1  1  1  1  1  1  1  1  1  1  1  1  1  1  1  1  1  1  1  1  1 
 2  1  1  1  2  3  1  1  1  1  1  1  1  1  1  1  1  1  1  1  1 
 3  1  1  0  1  5  4  1  1  1  1  1  1  1  1  1  1  1  1  1  1 
 4  1  1  1 ## ##  1  1  1  1  1  1  1  1  1  1  1  1  1  1  1 
 5  1  1  1  1 ##  1  1  1  1  1  1  1  1  1  1  1  1  1  1  1 
 6  1  1  1  1  1  1  1  1  1  1  1  1  1  1  1  1  1  1  1  1 
 7  1  1  1  1  1  1  1  1  1  1  1  1  1  1  1  1  1  1  1  1 
 8  1  1  1  1  1  1  1  1  1  1  1  1  1  1  1  1  1  1  1  1 
 9  1  1  1  1  1  1  1  1  1  1  1  1  1  1  1  1  1  1  1  1 
10  1  1  1  1  1  1  1  1  1  1  1  1  1  1  1  1  1  1  1  1 
11  1  1  1  1  1  1  1  1  1  1  1  1  1  1  1  1  1  1  1  1 
12  1  1  1  1  1  1  1  1  1  1  1  1  1  1  1  1  1  1  1  1 
13  1  1  1  1  1  1  1  1  1  1  1  1  1  1  1  1  1  1  1  1 
14  1  1  1  1  1  1  1  1  1  1  1  1  1  1  1 ##  1  1  1  1 
15  1  1  1  1  1  1  1  1  1  1  1  1  1  1  1 ## ##  1  1  1 
16  1  1  1  1  1  1  1  1  1  1  1  1  1  1  1  1 ## ## ##  1 
17  1  1  1  1  1  1  1  1  1  1  1  1  1  1  1  1 ## ## ##  1 
18  1  1  1  1  1  1  1  1  1  1  1  1  1  1  1  1 ##  1 ##  1 
19  1  1  1  1  1  1  1  1  1  1  1  1  1  1  1  1  1  1 ##  1 

[[[1.         1.         1.         ... 1.         1.         1.        ]
  [1.         1.         1.         ... 1.         1.         1.        ]
  [1.         1.         1.         ... 1.         1.         1.        ]
  ...
  [1.         1.         1.         ... 0.         1.         1.        ]
  [1.         1.         1.         ... 0.         0.         0.        ]
  [1.         1.         1.         ... 1.         1.         1.        ]]

 [[0.1        0.1        0.1        ... 0.1        0.1        0.1       ]
  [0.         0.2        0.         ... 0.1        0.1        0.1       ]
  [0.1        0.1        0.         ... 0.1        0.1        0.1       ]
  ...
  [0.1        0.1        0.1        ... 0.2        0.1        0.1       ]
  [0.1        0.1        0.1        ... 0.         0.         0.        ]
  [0.1        0.1        0.1        ... 0.1        0.1        0.1       ]]

 [[0.         0.         0.54545456 ... 0.         0.         0.        ]
  [0.         0.54545456 0.54545456 ... 0.         0.         0.        ]
  [0.54545456 0.54545456 0.8181818  ... 0.         0.         0.        ]
  ...
  [0.         0.         0.         ... 0.         0.         0.        ]
  [0.         0.         0.         ... 0.         0.         0.        ]
  [0.         0.         0.         ... 0.         0.         0.        ]]

 ...

 [[0.3        0.3        0.3        ... 0.3        0.3        0.3       ]
  [0.3        0.3        0.3        ... 0.3        0.3        0.3       ]
  [0.3        0.3        0.3        ... 0.3        0.3        0.3       ]
  ...
  [0.3        0.3        0.3        ... 0.3        0.3        0.3       ]
  [0.3        0.3        0.3        ... 0.3        0.3        0.3       ]
  [0.3        0.3        0.3        ... 0.3        0.3        0.3       ]]

 [[0.         0.         0.         ... 0.         0.         0.        ]
  [0.         0.         0.         ... 0.         0.         0.        ]
  [0.         0.         0.         ... 0.         0.         0.        ]
  ...
  [0.         0.         0.         ... 0.         0.         0.        ]
  [0.         0.         0.         ... 0.         0.         0.        ]
  [0.         0.         0.         ... 0.         0.         0.        ]]

 [[0.         0.         0.         ... 0.         0.         0.        ]
  [0.         0.         0.         ... 0.         0.         0.        ]
  [0.         0.         0.         ... 0.         0.         0.        ]
  ...
  [0.         0.         0.         ... 0.         0.         0.        ]
  [0.         0.         0.         ... 0.         0.         0.        ]
  [0.         0.         0.         ... 0.         0.         0.        ]]]

===== 回合 32 =====
当前行动棋子: ID=1, 玩家=1
[InputManager] 玩家1的输入方法为: 函数式输入
[InputManager] 开始处理玩家1的行动输入
[FunctionInput] Executing action handler for player 1
[FunctionInput] Action handler executed successfully
[InputManager] 玩家1的行动输入处理完成
envState:1
action: 移动: 是
  目标位置: (3, 3)
攻击: 是
  攻击详情:
    攻击者ID: 1
    目标ID: 2
    伤害值: 0
法术: 否
目标位置(3, 3)被占据
移动失败
[Attack] Auto hit - no roll needed.
[Attack] Dealing 30 damage to target.
对棋子2造成30点伤害

当前棋盘:
    0  1  2  3  4  5  6  7  8  9 10 11 12 13 14 15 16 17 18 19 

 0  1  1  1  1  1  1  1  1  1  1  1  1  1  1  1  1  1  1  1  1 
 1  1  1  1  1  1  1  1  1  1  1  1  1  1  1  1  1  1  1  1  1 
 2  1  1  1  2  3  1  1  1  1  1  1  1  1  1  1  1  1  1  1  1 
 3  1  1  0  1  5  4  1  1  1  1  1  1  1  1  1  1  1  1  1  1 
 4  1  1  1 ## ##  1  1  1  1  1  1  1  1  1  1  1  1  1  1  1 
 5  1  1  1  1 ##  1  1  1  1  1  1  1  1  1  1  1  1  1  1  1 
 6  1  1  1  1  1  1  1  1  1  1  1  1  1  1  1  1  1  1  1  1 
 7  1  1  1  1  1  1  1  1  1  1  1  1  1  1  1  1  1  1  1  1 
 8  1  1  1  1  1  1  1  1  1  1  1  1  1  1  1  1  1  1  1  1 
 9  1  1  1  1  1  1  1  1  1  1  1  1  1  1  1  1  1  1  1  1 
10  1  1  1  1  1  1  1  1  1  1  1  1  1  1  1  1  1  1  1  1 
11  1  1  1  1  1  1  1  1  1  1  1  1  1  1  1  1  1  1  1  1 
12  1  1  1  1  1  1  1  1  1  1  1  1  1  1  1  1  1  1  1  1 
13  1  1  1  1  1  1  1  1  1  1  1  1  1  1  1  1  1  1  1  1 
14  1  1  1  1  1  1  1  1  1  1  1  1  1  1  1 ##  1  1  1  1 
15  1  1  1  1  1  1  1  1  1  1  1  1  1  1  1 ## ##  1  1  1 
16  1  1  1  1  1  1  1  1  1  1  1  1  1  1  1  1 ## ## ##  1 
17  1  1  1  1  1  1  1  1  1  1  1  1  1  1  1  1 ## ## ##  1 
18  1  1  1  1  1  1  1  1  1  1  1  1  1  1  1  1 ##  1 ##  1 
19  1  1  1  1  1  1  1  1  1  1  1  1  1  1  1  1  1  1 ##  1 

[[[1.         1.         1.         ... 1.         1.         1.        ]
  [1.         1.         1.         ... 1.         1.         1.        ]
  [1.         1.         1.         ... 1.         1.         1.        ]
  ...
  [1.         1.         1.         ... 0.         1.         1.        ]
  [1.         1.         1.         ... 0.         0.         0.        ]
  [1.         1.         1.         ... 1.         1.         1.        ]]

 [[0.1        0.1        0.1        ... 0.1        0.1        0.1       ]
  [0.         0.2        0.         ... 0.1        0.1        0.1       ]
  [0.1        0.1        0.         ... 0.1        0.1        0.1       ]
  ...
  [0.1        0.1        0.1        ... 0.2        0.1        0.1       ]
  [0.1        0.1        0.1        ... 0.         0.         0.        ]
  [0.1        0.1        0.1        ... 0.1        0.1        0.1       ]]

 [[0.         0.         0.         ... 0.         0.         0.        ]
  [0.         0.         0.54545456 ... 0.         0.         0.        ]
  [0.         0.54545456 0.54545456 ... 0.         0.         0.        ]
  ...
  [0.         0.         0.         ... 0.         0.         0.        ]
  [0.         0.         0.         ... 0.         0.         0.        ]
  [0.         0.         0.         ... 0.         0.         0.        ]]

 ...

 [[0.3        0.3        0.3        ... 0.3        0.3        0.3       ]
  [0.3        0.3        0.3        ... 0.3        0.3        0.3       ]
  [0.3        0.3        0.3        ... 0.3        0.3        0.3       ]
  ...
  [0.3        0.3        0.3        ... 0.3        0.3        0.3       ]
  [0.3        0.3        0.3        ... 0.3        0.3        0.3       ]
  [0.3        0.3        0.3        ... 0.3        0.3        0.3       ]]

 [[0.         0.         0.         ... 0.         0.         0.        ]
  [0.         0.         0.         ... 0.         0.         0.        ]
  [0.         0.         0.         ... 0.         0.         0.        ]
  ...
  [0.         0.         0.         ... 0.         0.         0.        ]
  [0.         0.         0.         ... 0.         0.         0.        ]
  [0.         0.         0.         ... 0.         0.         0.        ]]

 [[0.         0.         0.         ... 0.         0.         0.        ]
  [0.         0.         0.         ... 0.         0.         0.        ]
  [0.         0.         0.         ... 0.         0.         0.        ]
  ...
  [0.         0.         0.         ... 0.         0.         0.        ]
  [0.         0.         0.         ... 0.         0.         0.        ]
  [0.         0.         0.         ... 0.         0.         0.        ]]]

===== 回合 33 =====
当前行动棋子: ID=2, 玩家=2
[InputManager] 玩家2的输入方法为: 函数式输入
[InputManager] 开始处理玩家2的行动输入
[FunctionInput] Executing action handler for player 2
[FunctionInput] Action handler executed successfully
[InputManager] 玩家2的行动输入处理完成
envState:1
action: 移动: 是
  目标位置: (3, 2)
攻击: 是
  攻击详情:
    攻击者ID: 2
    目标ID: 3
    伤害值: 0
法术: 否
目标位置(3, 2)被占据
移动失败
[Attack] Auto hit - no roll needed.
[Attack] Dealing 30 damage to target.
对棋子3造成30点伤害

当前棋盘:
    0  1  2  3  4  5  6  7  8  9 10 11 12 13 14 15 16 17 18 19 

 0  1  1  1  1  1  1  1  1  1  1  1  1  1  1  1  1  1  1  1  1 
 1  1  1  1  1  1  1  1  1  1  1  1  1  1  1  1  1  1  1  1  1 
 2  1  1  1  2  3  1  1  1  1  1  1  1  1  1  1  1  1  1  1  1 
 3  1  1  0  1  5  4  1  1  1  1  1  1  1  1  1  1  1  1  1  1 
 4  1  1  1 ## ##  1  1  1  1  1  1  1  1  1  1  1  1  1  1  1 
 5  1  1  1  1 ##  1  1  1  1  1  1  1  1  1  1  1  1  1  1  1 
 6  1  1  1  1  1  1  1  1  1  1  1  1  1  1  1  1  1  1  1  1 
 7  1  1  1  1  1  1  1  1  1  1  1  1  1  1  1  1  1  1  1  1 
 8  1  1  1  1  1  1  1  1  1  1  1  1  1  1  1  1  1  1  1  1 
 9  1  1  1  1  1  1  1  1  1  1  1  1  1  1  1  1  1  1  1  1 
10  1  1  1  1  1  1  1  1  1  1  1  1  1  1  1  1  1  1  1  1 
11  1  1  1  1  1  1  1  1  1  1  1  1  1  1  1  1  1  1  1  1 
12  1  1  1  1  1  1  1  1  1  1  1  1  1  1  1  1  1  1  1  1 
13  1  1  1  1  1  1  1  1  1  1  1  1  1  1  1  1  1  1  1  1 
14  1  1  1  1  1  1  1  1  1  1  1  1  1  1  1 ##  1  1  1  1 
15  1  1  1  1  1  1  1  1  1  1  1  1  1  1  1 ## ##  1  1  1 
16  1  1  1  1  1  1  1  1  1  1  1  1  1  1  1  1 ## ## ##  1 
17  1  1  1  1  1  1  1  1  1  1  1  1  1  1  1  1 ## ## ##  1 
18  1  1  1  1  1  1  1  1  1  1  1  1  1  1  1  1 ##  1 ##  1 
19  1  1  1  1  1  1  1  1  1  1  1  1  1  1  1  1  1  1 ##  1 

[[[1.         1.         1.         ... 1.         1.         1.        ]
  [1.         1.         1.         ... 1.         1.         1.        ]
  [1.         1.         1.         ... 1.         1.         1.        ]
  ...
  [1.         1.         1.         ... 0.         1.         1.        ]
  [1.         1.         1.         ... 0.         0.         0.        ]
  [1.         1.         1.         ... 1.         1.         1.        ]]

 [[0.1        0.1        0.1        ... 0.1        0.1        0.1       ]
  [0.         0.2        0.         ... 0.1        0.1        0.1       ]
  [0.1        0.1        0.         ... 0.1        0.1        0.1       ]
  ...
  [0.1        0.1        0.1        ... 0.2        0.1        0.1       ]
  [0.1        0.1        0.1        ... 0.         0.         0.        ]
  [0.1        0.1        0.1        ... 0.1        0.1        0.1       ]]

 [[0.         0.         0.54545456 ... 0.         0.         0.        ]
  [0.         0.54545456 0.54545456 ... 0.         0.         0.        ]
  [0.54545456 0.54545456 0.8181818  ... 0.         0.         0.        ]
  ...
  [0.         0.         0.         ... 0.         0.         0.        ]
  [0.         0.         0.         ... 0.         0.         0.        ]
  [0.         0.         0.         ... 0.         0.         0.        ]]

 ...

 [[0.3        0.3        0.3        ... 0.3        0.3        0.3       ]
  [0.3        0.3        0.3        ... 0.3        0.3        0.3       ]
  [0.3        0.3        0.3        ... 0.3        0.3        0.3       ]
  ...
  [0.3        0.3        0.3        ... 0.3        0.3        0.3       ]
  [0.3        0.3        0.3        ... 0.3        0.3        0.3       ]
  [0.3        0.3        0.3        ... 0.3        0.3        0.3       ]]

 [[0.         0.         0.         ... 0.         0.         0.        ]
  [0.         0.         0.         ... 0.         0.         0.        ]
  [0.         0.         0.         ... 0.         0.         0.        ]
  ...
  [0.         0.         0.         ... 0.         0.         0.        ]
  [0.         0.         0.         ... 0.         0.         0.        ]
  [0.         0.         0.         ... 0.         0.         0.        ]]

 [[0.         0.         0.         ... 0.         0.         0.        ]
  [0.         0.         0.         ... 0.         0.         0.        ]
  [0.         0.         0.         ... 0.         0.         0.        ]
  ...
  [0.         0.         0.         ... 0.         0.         0.        ]
  [0.         0.         0.         ... 0.         0.         0.        ]
  [0.         0.         0.         ... 0.         0.         0.        ]]]

===== 回合 34 =====
当前行动棋子: ID=3, 玩家=1
[InputManager] 玩家1的输入方法为: 函数式输入
[InputManager] 开始处理玩家1的行动输入
[FunctionInput] Executing action handler for player 1
[FunctionInput] Action handler executed successfully
[InputManager] 玩家1的行动输入处理完成
envState:1
action: 移动: 是
  目标位置: (4, 2)
攻击: 是
  攻击详情:
    攻击者ID: 3
    目标ID: 5
    伤害值: 0
法术: 否
目标位置(4, 2)被占据
移动失败
[Attack] Auto hit - no roll needed.
[Attack] Dealing 30 damage to target.
对棋子5造成30点伤害

当前棋盘:
    0  1  2  3  4  5  6  7  8  9 10 11 12 13 14 15 16 17 18 19 

 0  1  1  1  1  1  1  1  1  1  1  1  1  1  1  1  1  1  1  1  1 
 1  1  1  1  1  1  1  1  1  1  1  1  1  1  1  1  1  1  1  1  1 
 2  1  1  1  2  3  1  1  1  1  1  1  1  1  1  1  1  1  1  1  1 
 3  1  1  0  1  5  4  1  1  1  1  1  1  1  1  1  1  1  1  1  1 
 4  1  1  1 ## ##  1  1  1  1  1  1  1  1  1  1  1  1  1  1  1 
 5  1  1  1  1 ##  1  1  1  1  1  1  1  1  1  1  1  1  1  1  1 
 6  1  1  1  1  1  1  1  1  1  1  1  1  1  1  1  1  1  1  1  1 
 7  1  1  1  1  1  1  1  1  1  1  1  1  1  1  1  1  1  1  1  1 
 8  1  1  1  1  1  1  1  1  1  1  1  1  1  1  1  1  1  1  1  1 
 9  1  1  1  1  1  1  1  1  1  1  1  1  1  1  1  1  1  1  1  1 
10  1  1  1  1  1  1  1  1  1  1  1  1  1  1  1  1  1  1  1  1 
11  1  1  1  1  1  1  1  1  1  1  1  1  1  1  1  1  1  1  1  1 
12  1  1  1  1  1  1  1  1  1  1  1  1  1  1  1  1  1  1  1  1 
13  1  1  1  1  1  1  1  1  1  1  1  1  1  1  1  1  1  1  1  1 
14  1  1  1  1  1  1  1  1  1  1  1  1  1  1  1 ##  1  1  1  1 
15  1  1  1  1  1  1  1  1  1  1  1  1  1  1  1 ## ##  1  1  1 
16  1  1  1  1  1  1  1  1  1  1  1  1  1  1  1  1 ## ## ##  1 
17  1  1  1  1  1  1  1  1  1  1  1  1  1  1  1  1 ## ## ##  1 
18  1  1  1  1  1  1  1  1  1  1  1  1  1  1  1  1 ##  1 ##  1 
19  1  1  1  1  1  1  1  1  1  1  1  1  1  1  1  1  1  1 ##  1 

[[[1.         1.         1.         ... 1.         1.         1.        ]
  [1.         1.         1.         ... 1.         1.         1.        ]
  [1.         1.         1.         ... 1.         1.         1.        ]
  ...
  [1.         1.         1.         ... 0.         1.         1.        ]
  [1.         1.         1.         ... 0.         0.         0.        ]
  [1.         1.         1.         ... 1.         1.         1.        ]]

 [[0.1        0.1        0.1        ... 0.1        0.1        0.1       ]
  [0.         0.2        0.         ... 0.1        0.1        0.1       ]
  [0.1        0.1        0.         ... 0.1        0.1        0.1       ]
  ...
  [0.1        0.1        0.1        ... 0.2        0.1        0.1       ]
  [0.1        0.1        0.1        ... 0.         0.         0.        ]
  [0.1        0.1        0.1        ... 0.1        0.1        0.1       ]]

 [[0.         0.         0.         ... 0.         0.         0.        ]
  [0.         0.         0.54545456 ... 0.         0.         0.        ]
  [0.         0.54545456 0.54545456 ... 0.         0.         0.        ]
  ...
  [0.         0.         0.         ... 0.         0.         0.        ]
  [0.         0.         0.         ... 0.         0.         0.        ]
  [0.         0.         0.         ... 0.         0.         0.        ]]

 ...

 [[0.3        0.3        0.3        ... 0.3        0.3        0.3       ]
  [0.3        0.3        0.3        ... 0.3        0.3        0.3       ]
  [0.3        0.3        0.3        ... 0.3        0.3        0.3       ]
  ...
  [0.3        0.3        0.3        ... 0.3        0.3        0.3       ]
  [0.3        0.3        0.3        ... 0.3        0.3        0.3       ]
  [0.3        0.3        0.3        ... 0.3        0.3        0.3       ]]

 [[0.         0.         0.         ... 0.         0.         0.        ]
  [0.         0.         0.         ... 0.         0.         0.        ]
  [0.         0.         0.         ... 0.         0.         0.        ]
  ...
  [0.         0.         0.         ... 0.         0.         0.        ]
  [0.         0.         0.         ... 0.         0.         0.        ]
  [0.         0.         0.         ... 0.         0.         0.        ]]

 [[0.         0.         0.         ... 0.         0.         0.        ]
  [0.         0.         0.         ... 0.         0.         0.        ]
  [0.         0.         0.         ... 0.         0.         0.        ]
  ...
  [0.         0.         0.         ... 0.         0.         0.        ]
  [0.         0.         0.         ... 0.         0.         0.        ]
  [0.         0.         0.         ... 0.         0.         0.        ]]]

===== 回合 35 =====
当前行动棋子: ID=4, 玩家=1
[InputManager] 玩家1的输入方法为: 函数式输入
[InputManager] 开始处理玩家1的行动输入
[FunctionInput] Executing action handler for player 1
[FunctionInput] Action handler executed successfully
[InputManager] 玩家1的行动输入处理完成
envState:1
action: 移动: 是
  目标位置: (5, 3)
攻击: 是
  攻击详情:
    攻击者ID: 4
    目标ID: 5
    伤害值: 0
法术: 否
目标位置(5, 3)被占据
移动失败
[Attack] Auto hit - no roll needed.
[Attack] Dealing 30 damage to target.
对棋子5造成30点伤害

当前棋盘:
    0  1  2  3  4  5  6  7  8  9 10 11 12 13 14 15 16 17 18 19 

 0  1  1  1  1  1  1  1  1  1  1  1  1  1  1  1  1  1  1  1  1 
 1  1  1  1  1  1  1  1  1  1  1  1  1  1  1  1  1  1  1  1  1 
 2  1  1  1  2  3  1  1  1  1  1  1  1  1  1  1  1  1  1  1  1 
 3  1  1  0  1  5  4  1  1  1  1  1  1  1  1  1  1  1  1  1  1 
 4  1  1  1 ## ##  1  1  1  1  1  1  1  1  1  1  1  1  1  1  1 
 5  1  1  1  1 ##  1  1  1  1  1  1  1  1  1  1  1  1  1  1  1 
 6  1  1  1  1  1  1  1  1  1  1  1  1  1  1  1  1  1  1  1  1 
 7  1  1  1  1  1  1  1  1  1  1  1  1  1  1  1  1  1  1  1  1 
 8  1  1  1  1  1  1  1  1  1  1  1  1  1  1  1  1  1  1  1  1 
 9  1  1  1  1  1  1  1  1  1  1  1  1  1  1  1  1  1  1  1  1 
10  1  1  1  1  1  1  1  1  1  1  1  1  1  1  1  1  1  1  1  1 
11  1  1  1  1  1  1  1  1  1  1  1  1  1  1  1  1  1  1  1  1 
12  1  1  1  1  1  1  1  1  1  1  1  1  1  1  1  1  1  1  1  1 
13  1  1  1  1  1  1  1  1  1  1  1  1  1  1  1  1  1  1  1  1 
14  1  1  1  1  1  1  1  1  1  1  1  1  1  1  1 ##  1  1  1  1 
15  1  1  1  1  1  1  1  1  1  1  1  1  1  1  1 ## ##  1  1  1 
16  1  1  1  1  1  1  1  1  1  1  1  1  1  1  1  1 ## ## ##  1 
17  1  1  1  1  1  1  1  1  1  1  1  1  1  1  1  1 ## ## ##  1 
18  1  1  1  1  1  1  1  1  1  1  1  1  1  1  1  1 ##  1 ##  1 
19  1  1  1  1  1  1  1  1  1  1  1  1  1  1  1  1  1  1 ##  1 

[[[1.         1.         1.         ... 1.         1.         1.        ]
  [1.         1.         1.         ... 1.         1.         1.        ]
  [1.         1.         1.         ... 1.         1.         1.        ]
  ...
  [1.         1.         1.         ... 0.         1.         1.        ]
  [1.         1.         1.         ... 0.         0.         0.        ]
  [1.         1.         1.         ... 1.         1.         1.        ]]

 [[0.1        0.1        0.1        ... 0.1        0.1        0.1       ]
  [0.         0.2        0.         ... 0.1        0.1        0.1       ]
  [0.1        0.1        0.         ... 0.1        0.1        0.1       ]
  ...
  [0.1        0.1        0.1        ... 0.2        0.1        0.1       ]
  [0.1        0.1        0.1        ... 0.         0.         0.        ]
  [0.1        0.1        0.1        ... 0.1        0.1        0.1       ]]

 [[0.         0.         0.         ... 0.         0.         0.        ]
  [0.         0.         0.54545456 ... 0.         0.         0.        ]
  [0.         0.54545456 0.54545456 ... 0.         0.         0.        ]
  ...
  [0.         0.         0.         ... 0.         0.         0.        ]
  [0.         0.         0.         ... 0.         0.         0.        ]
  [0.         0.         0.         ... 0.         0.         0.        ]]

 ...

 [[0.3        0.3        0.3        ... 0.3        0.3        0.3       ]
  [0.3        0.3        0.3        ... 0.3        0.3        0.3       ]
  [0.3        0.3        0.3        ... 0.3        0.3        0.3       ]
  ...
  [0.3        0.3        0.3        ... 0.3        0.3        0.3       ]
  [0.3        0.3        0.3        ... 0.3        0.3        0.3       ]
  [0.3        0.3        0.3        ... 0.3        0.3        0.3       ]]

 [[0.         0.         0.         ... 0.         0.         0.        ]
  [0.         0.         0.         ... 0.         0.         0.        ]
  [0.         0.         0.         ... 0.         0.         0.        ]
  ...
  [0.         0.         0.         ... 0.         0.         0.        ]
  [0.         0.         0.         ... 0.         0.         0.        ]
  [0.         0.         0.         ... 0.         0.         0.        ]]

 [[0.         0.         0.         ... 0.         0.         0.        ]
  [0.         0.         0.         ... 0.         0.         0.        ]
  [0.         0.         0.         ... 0.         0.         0.        ]
  ...
  [0.         0.         0.         ... 0.         0.         0.        ]
  [0.         0.         0.         ... 0.         0.         0.        ]
  [0.         0.         0.         ... 0.         0.         0.        ]]]

===== 回合 36 =====
当前行动棋子: ID=5, 玩家=2
[InputManager] 玩家2的输入方法为: 函数式输入
[InputManager] 开始处理玩家2的行动输入
[FunctionInput] Executing action handler for player 2
[FunctionInput] Action handler executed successfully
[InputManager] 玩家2的行动输入处理完成
envState:1
action: 移动: 是
  目标位置: (4, 3)
攻击: 是
  攻击详情:
    攻击者ID: 5
    目标ID: 1
    伤害值: 0
法术: 否
目标位置(4, 3)被占据
移动失败
[Attack] Auto hit - no roll needed.
[Attack] Dealing 30 damage to target.
对棋子1造成30点伤害

当前棋盘:
    0  1  2  3  4  5  6  7  8  9 10 11 12 13 14 15 16 17 18 19 

 0  1  1  1  1  1  1  1  1  1  1  1  1  1  1  1  1  1  1  1  1 
 1  1  1  1  1  1  1  1  1  1  1  1  1  1  1  1  1  1  1  1  1 
 2  1  1  1  2  3  1  1  1  1  1  1  1  1  1  1  1  1  1  1  1 
 3  1  1  0  1  5  4  1  1  1  1  1  1  1  1  1  1  1  1  1  1 
 4  1  1  1 ## ##  1  1  1  1  1  1  1  1  1  1  1  1  1  1  1 
 5  1  1  1  1 ##  1  1  1  1  1  1  1  1  1  1  1  1  1  1  1 
 6  1  1  1  1  1  1  1  1  1  1  1  1  1  1  1  1  1  1  1  1 
 7  1  1  1  1  1  1  1  1  1  1  1  1  1  1  1  1  1  1  1  1 
 8  1  1  1  1  1  1  1  1  1  1  1  1  1  1  1  1  1  1  1  1 
 9  1  1  1  1  1  1  1  1  1  1  1  1  1  1  1  1  1  1  1  1 
10  1  1  1  1  1  1  1  1  1  1  1  1  1  1  1  1  1  1  1  1 
11  1  1  1  1  1  1  1  1  1  1  1  1  1  1  1  1  1  1  1  1 
12  1  1  1  1  1  1  1  1  1  1  1  1  1  1  1  1  1  1  1  1 
13  1  1  1  1  1  1  1  1  1  1  1  1  1  1  1  1  1  1  1  1 
14  1  1  1  1  1  1  1  1  1  1  1  1  1  1  1 ##  1  1  1  1 
15  1  1  1  1  1  1  1  1  1  1  1  1  1  1  1 ## ##  1  1  1 
16  1  1  1  1  1  1  1  1  1  1  1  1  1  1  1  1 ## ## ##  1 
17  1  1  1  1  1  1  1  1  1  1  1  1  1  1  1  1 ## ## ##  1 
18  1  1  1  1  1  1  1  1  1  1  1  1  1  1  1  1 ##  1 ##  1 
19  1  1  1  1  1  1  1  1  1  1  1  1  1  1  1  1  1  1 ##  1 

[[[1.         1.         1.         ... 1.         1.         1.        ]
  [1.         1.         1.         ... 1.         1.         1.        ]
  [1.         1.         1.         ... 1.         1.         1.        ]
  ...
  [1.         1.         1.         ... 0.         1.         1.        ]
  [1.         1.         1.         ... 0.         0.         0.        ]
  [1.         1.         1.         ... 1.         1.         1.        ]]

 [[0.1        0.1        0.1        ... 0.1        0.1        0.1       ]
  [0.         0.2        0.         ... 0.1        0.1        0.1       ]
  [0.1        0.1        0.         ... 0.1        0.1        0.1       ]
  ...
  [0.1        0.1        0.1        ... 0.2        0.1        0.1       ]
  [0.1        0.1        0.1        ... 0.         0.         0.        ]
  [0.1        0.1        0.1        ... 0.1        0.1        0.1       ]]

 [[0.         0.         0.54545456 ... 0.         0.         0.        ]
  [0.         0.54545456 0.54545456 ... 0.         0.         0.        ]
  [0.54545456 0.54545456 0.8181818  ... 0.         0.         0.        ]
  ...
  [0.         0.         0.         ... 0.         0.         0.        ]
  [0.         0.         0.         ... 0.         0.         0.        ]
  [0.         0.         0.         ... 0.         0.         0.        ]]

 ...

 [[0.3        0.3        0.3        ... 0.3        0.3        0.3       ]
  [0.3        0.3        0.3        ... 0.3        0.3        0.3       ]
  [0.3        0.3        0.3        ... 0.3        0.3        0.3       ]
  ...
  [0.3        0.3        0.3        ... 0.3        0.3        0.3       ]
  [0.3        0.3        0.3        ... 0.3        0.3        0.3       ]
  [0.3        0.3        0.3        ... 0.3        0.3        0.3       ]]

 [[0.         0.         0.         ... 0.         0.         0.        ]
  [0.         0.         0.         ... 0.         0.         0.        ]
  [0.         0.         0.         ... 0.         0.         0.        ]
  ...
  [0.         0.         0.         ... 0.         0.         0.        ]
  [0.         0.         0.         ... 0.         0.         0.        ]
  [0.         0.         0.         ... 0.         0.         0.        ]]

 [[0.         0.         0.         ... 0.         0.         0.        ]
  [0.         0.         0.         ... 0.         0.         0.        ]
  [0.         0.         0.         ... 0.         0.         0.        ]
  ...
  [0.         0.         0.         ... 0.         0.         0.        ]
  [0.         0.         0.         ... 0.         0.         0.        ]
  [0.         0.         0.         ... 0.         0.         0.        ]]]

===== 回合 37 =====
当前行动棋子: ID=0, 玩家=2
[InputManager] 玩家2的输入方法为: 函数式输入
[InputManager] 开始处理玩家2的行动输入
[FunctionInput] Executing action handler for player 2
[FunctionInput] Action handler executed successfully
[InputManager] 玩家2的行动输入处理完成
envState:1
action: 移动: 是
  目标位置: (2, 3)
攻击: 是
  攻击详情:
    攻击者ID: 0
    目标ID: 1
    伤害值: 0
法术: 否
目标位置(2, 3)被占据
移动失败
[Attack] Auto hit - no roll needed.
[Attack] Dealing 30 damage to target.
对棋子1造成30点伤害

当前棋盘:
    0  1  2  3  4  5  6  7  8  9 10 11 12 13 14 15 16 17 18 19 

 0  1  1  1  1  1  1  1  1  1  1  1  1  1  1  1  1  1  1  1  1 
 1  1  1  1  1  1  1  1  1  1  1  1  1  1  1  1  1  1  1  1  1 
 2  1  1  1  2  3  1  1  1  1  1  1  1  1  1  1  1  1  1  1  1 
 3  1  1  0  1  5  4  1  1  1  1  1  1  1  1  1  1  1  1  1  1 
 4  1  1  1 ## ##  1  1  1  1  1  1  1  1  1  1  1  1  1  1  1 
 5  1  1  1  1 ##  1  1  1  1  1  1  1  1  1  1  1  1  1  1  1 
 6  1  1  1  1  1  1  1  1  1  1  1  1  1  1  1  1  1  1  1  1 
 7  1  1  1  1  1  1  1  1  1  1  1  1  1  1  1  1  1  1  1  1 
 8  1  1  1  1  1  1  1  1  1  1  1  1  1  1  1  1  1  1  1  1 
 9  1  1  1  1  1  1  1  1  1  1  1  1  1  1  1  1  1  1  1  1 
10  1  1  1  1  1  1  1  1  1  1  1  1  1  1  1  1  1  1  1  1 
11  1  1  1  1  1  1  1  1  1  1  1  1  1  1  1  1  1  1  1  1 
12  1  1  1  1  1  1  1  1  1  1  1  1  1  1  1  1  1  1  1  1 
13  1  1  1  1  1  1  1  1  1  1  1  1  1  1  1  1  1  1  1  1 
14  1  1  1  1  1  1  1  1  1  1  1  1  1  1  1 ##  1  1  1  1 
15  1  1  1  1  1  1  1  1  1  1  1  1  1  1  1 ## ##  1  1  1 
16  1  1  1  1  1  1  1  1  1  1  1  1  1  1  1  1 ## ## ##  1 
17  1  1  1  1  1  1  1  1  1  1  1  1  1  1  1  1 ## ## ##  1 
18  1  1  1  1  1  1  1  1  1  1  1  1  1  1  1  1 ##  1 ##  1 
19  1  1  1  1  1  1  1  1  1  1  1  1  1  1  1  1  1  1 ##  1 

[[[1.         1.         1.         ... 1.         1.         1.        ]
  [1.         1.         1.         ... 1.         1.         1.        ]
  [1.         1.         1.         ... 1.         1.         1.        ]
  ...
  [1.         1.         1.         ... 0.         1.         1.        ]
  [1.         1.         1.         ... 0.         0.         0.        ]
  [1.         1.         1.         ... 1.         1.         1.        ]]

 [[0.1        0.1        0.1        ... 0.1        0.1        0.1       ]
  [0.         0.2        0.         ... 0.1        0.1        0.1       ]
  [0.1        0.1        0.         ... 0.1        0.1        0.1       ]
  ...
  [0.1        0.1        0.1        ... 0.2        0.1        0.1       ]
  [0.1        0.1        0.1        ... 0.         0.         0.        ]
  [0.1        0.1        0.1        ... 0.1        0.1        0.1       ]]

 [[0.         0.         0.54545456 ... 0.         0.         0.        ]
  [0.         0.54545456 0.54545456 ... 0.         0.         0.        ]
  [0.54545456 0.54545456 0.8181818  ... 0.         0.         0.        ]
  ...
  [0.         0.         0.         ... 0.         0.         0.        ]
  [0.         0.         0.         ... 0.         0.         0.        ]
  [0.         0.         0.         ... 0.         0.         0.        ]]

 ...

 [[0.3        0.3        0.3        ... 0.3        0.3        0.3       ]
  [0.3        0.3        0.3        ... 0.3        0.3        0.3       ]
  [0.3        0.3        0.3        ... 0.3        0.3        0.3       ]
  ...
  [0.3        0.3        0.3        ... 0.3        0.3        0.3       ]
  [0.3        0.3        0.3        ... 0.3        0.3        0.3       ]
  [0.3        0.3        0.3        ... 0.3        0.3        0.3       ]]

 [[0.         0.         0.         ... 0.         0.         0.        ]
  [0.         0.         0.         ... 0.         0.         0.        ]
  [0.         0.         0.         ... 0.         0.         0.        ]
  ...
  [0.         0.         0.         ... 0.         0.         0.        ]
  [0.         0.         0.         ... 0.         0.         0.        ]
  [0.         0.         0.         ... 0.         0.         0.        ]]

 [[0.         0.         0.         ... 0.         0.         0.        ]
  [0.         0.         0.         ... 0.         0.         0.        ]
  [0.         0.         0.         ... 0.         0.         0.        ]
  ...
  [0.         0.         0.         ... 0.         0.         0.        ]
  [0.         0.         0.         ... 0.         0.         0.        ]
  [0.         0.         0.         ... 0.         0.         0.        ]]]

===== 回合 38 =====
当前行动棋子: ID=1, 玩家=1
[InputManager] 玩家1的输入方法为: 函数式输入
[InputManager] 开始处理玩家1的行动输入
[FunctionInput] Executing action handler for player 1
[FunctionInput] Action handler executed successfully
[InputManager] 玩家1的行动输入处理完成
envState:1
action: 移动: 是
  目标位置: (3, 3)
攻击: 是
  攻击详情:
    攻击者ID: 1
    目标ID: 2
    伤害值: 0
法术: 否
目标位置(3, 3)被占据
移动失败
[Attack] Auto hit - no roll needed.
[Attack] Dealing 30 damage to target.
对棋子2造成30点伤害

当前棋盘:
    0  1  2  3  4  5  6  7  8  9 10 11 12 13 14 15 16 17 18 19 

 0  1  1  1  1  1  1  1  1  1  1  1  1  1  1  1  1  1  1  1  1 
 1  1  1  1  1  1  1  1  1  1  1  1  1  1  1  1  1  1  1  1  1 
 2  1  1  1  2  3  1  1  1  1  1  1  1  1  1  1  1  1  1  1  1 
 3  1  1  0  1  5  4  1  1  1  1  1  1  1  1  1  1  1  1  1  1 
 4  1  1  1 ## ##  1  1  1  1  1  1  1  1  1  1  1  1  1  1  1 
 5  1  1  1  1 ##  1  1  1  1  1  1  1  1  1  1  1  1  1  1  1 
 6  1  1  1  1  1  1  1  1  1  1  1  1  1  1  1  1  1  1  1  1 
 7  1  1  1  1  1  1  1  1  1  1  1  1  1  1  1  1  1  1  1  1 
 8  1  1  1  1  1  1  1  1  1  1  1  1  1  1  1  1  1  1  1  1 
 9  1  1  1  1  1  1  1  1  1  1  1  1  1  1  1  1  1  1  1  1 
10  1  1  1  1  1  1  1  1  1  1  1  1  1  1  1  1  1  1  1  1 
11  1  1  1  1  1  1  1  1  1  1  1  1  1  1  1  1  1  1  1  1 
12  1  1  1  1  1  1  1  1  1  1  1  1  1  1  1  1  1  1  1  1 
13  1  1  1  1  1  1  1  1  1  1  1  1  1  1  1  1  1  1  1  1 
14  1  1  1  1  1  1  1  1  1  1  1  1  1  1  1 ##  1  1  1  1 
15  1  1  1  1  1  1  1  1  1  1  1  1  1  1  1 ## ##  1  1  1 
16  1  1  1  1  1  1  1  1  1  1  1  1  1  1  1  1 ## ## ##  1 
17  1  1  1  1  1  1  1  1  1  1  1  1  1  1  1  1 ## ## ##  1 
18  1  1  1  1  1  1  1  1  1  1  1  1  1  1  1  1 ##  1 ##  1 
19  1  1  1  1  1  1  1  1  1  1  1  1  1  1  1  1  1  1 ##  1 

[[[1.         1.         1.         ... 1.         1.         1.        ]
  [1.         1.         1.         ... 1.         1.         1.        ]
  [1.         1.         1.         ... 1.         1.         1.        ]
  ...
  [1.         1.         1.         ... 0.         1.         1.        ]
  [1.         1.         1.         ... 0.         0.         0.        ]
  [1.         1.         1.         ... 1.         1.         1.        ]]

 [[0.1        0.1        0.1        ... 0.1        0.1        0.1       ]
  [0.         0.2        0.         ... 0.1        0.1        0.1       ]
  [0.1        0.1        0.         ... 0.1        0.1        0.1       ]
  ...
  [0.1        0.1        0.1        ... 0.2        0.1        0.1       ]
  [0.1        0.1        0.1        ... 0.         0.         0.        ]
  [0.1        0.1        0.1        ... 0.1        0.1        0.1       ]]

 [[0.         0.         0.         ... 0.         0.         0.        ]
  [0.         0.         0.54545456 ... 0.         0.         0.        ]
  [0.         0.54545456 0.54545456 ... 0.         0.         0.        ]
  ...
  [0.         0.         0.         ... 0.         0.         0.        ]
  [0.         0.         0.         ... 0.         0.         0.        ]
  [0.         0.         0.         ... 0.         0.         0.        ]]

 ...

 [[0.3        0.3        0.3        ... 0.3        0.3        0.3       ]
  [0.3        0.3        0.3        ... 0.3        0.3        0.3       ]
  [0.3        0.3        0.3        ... 0.3        0.3        0.3       ]
  ...
  [0.3        0.3        0.3        ... 0.3        0.3        0.3       ]
  [0.3        0.3        0.3        ... 0.3        0.3        0.3       ]
  [0.3        0.3        0.3        ... 0.3        0.3        0.3       ]]

 [[0.         0.         0.         ... 0.         0.         0.        ]
  [0.         0.         0.         ... 0.         0.         0.        ]
  [0.         0.         0.         ... 0.         0.         0.        ]
  ...
  [0.         0.         0.         ... 0.         0.         0.        ]
  [0.         0.         0.         ... 0.         0.         0.        ]
  [0.         0.         0.         ... 0.         0.         0.        ]]

 [[0.         0.         0.         ... 0.         0.         0.        ]
  [0.         0.         0.         ... 0.         0.         0.        ]
  [0.         0.         0.         ... 0.         0.         0.        ]
  ...
  [0.         0.         0.         ... 0.         0.         0.        ]
  [0.         0.         0.         ... 0.         0.         0.        ]
  [0.         0.         0.         ... 0.         0.         0.        ]]]

===== 回合 39 =====
当前行动棋子: ID=2, 玩家=2
[InputManager] 玩家2的输入方法为: 函数式输入
[InputManager] 开始处理玩家2的行动输入
[FunctionInput] Executing action handler for player 2
[FunctionInput] Action handler executed successfully
[InputManager] 玩家2的行动输入处理完成
envState:1
action: 移动: 是
  目标位置: (3, 2)
攻击: 是
  攻击详情:
    攻击者ID: 2
    目标ID: 3
    伤害值: 0
法术: 否
目标位置(3, 2)被占据
移动失败
[Attack] Auto hit - no roll needed.
[Attack] Dealing 30 damage to target.
对棋子3造成30点伤害

当前棋盘:
    0  1  2  3  4  5  6  7  8  9 10 11 12 13 14 15 16 17 18 19 

 0  1  1  1  1  1  1  1  1  1  1  1  1  1  1  1  1  1  1  1  1 
 1  1  1  1  1  1  1  1  1  1  1  1  1  1  1  1  1  1  1  1  1 
 2  1  1  1  2  3  1  1  1  1  1  1  1  1  1  1  1  1  1  1  1 
 3  1  1  0  1  5  4  1  1  1  1  1  1  1  1  1  1  1  1  1  1 
 4  1  1  1 ## ##  1  1  1  1  1  1  1  1  1  1  1  1  1  1  1 
 5  1  1  1  1 ##  1  1  1  1  1  1  1  1  1  1  1  1  1  1  1 
 6  1  1  1  1  1  1  1  1  1  1  1  1  1  1  1  1  1  1  1  1 
 7  1  1  1  1  1  1  1  1  1  1  1  1  1  1  1  1  1  1  1  1 
 8  1  1  1  1  1  1  1  1  1  1  1  1  1  1  1  1  1  1  1  1 
 9  1  1  1  1  1  1  1  1  1  1  1  1  1  1  1  1  1  1  1  1 
10  1  1  1  1  1  1  1  1  1  1  1  1  1  1  1  1  1  1  1  1 
11  1  1  1  1  1  1  1  1  1  1  1  1  1  1  1  1  1  1  1  1 
12  1  1  1  1  1  1  1  1  1  1  1  1  1  1  1  1  1  1  1  1 
13  1  1  1  1  1  1  1  1  1  1  1  1  1  1  1  1  1  1  1  1 
14  1  1  1  1  1  1  1  1  1  1  1  1  1  1  1 ##  1  1  1  1 
15  1  1  1  1  1  1  1  1  1  1  1  1  1  1  1 ## ##  1  1  1 
16  1  1  1  1  1  1  1  1  1  1  1  1  1  1  1  1 ## ## ##  1 
17  1  1  1  1  1  1  1  1  1  1  1  1  1  1  1  1 ## ## ##  1 
18  1  1  1  1  1  1  1  1  1  1  1  1  1  1  1  1 ##  1 ##  1 
19  1  1  1  1  1  1  1  1  1  1  1  1  1  1  1  1  1  1 ##  1 

[[[1.         1.         1.         ... 1.         1.         1.        ]
  [1.         1.         1.         ... 1.         1.         1.        ]
  [1.         1.         1.         ... 1.         1.         1.        ]
  ...
  [1.         1.         1.         ... 0.         1.         1.        ]
  [1.         1.         1.         ... 0.         0.         0.        ]
  [1.         1.         1.         ... 1.         1.         1.        ]]

 [[0.1        0.1        0.1        ... 0.1        0.1        0.1       ]
  [0.         0.2        0.         ... 0.1        0.1        0.1       ]
  [0.1        0.1        0.         ... 0.1        0.1        0.1       ]
  ...
  [0.1        0.1        0.1        ... 0.2        0.1        0.1       ]
  [0.1        0.1        0.1        ... 0.         0.         0.        ]
  [0.1        0.1        0.1        ... 0.1        0.1        0.1       ]]

 [[0.         0.         0.54545456 ... 0.         0.         0.        ]
  [0.         0.54545456 0.54545456 ... 0.         0.         0.        ]
  [0.54545456 0.54545456 0.8181818  ... 0.         0.         0.        ]
  ...
  [0.         0.         0.         ... 0.         0.         0.        ]
  [0.         0.         0.         ... 0.         0.         0.        ]
  [0.         0.         0.         ... 0.         0.         0.        ]]

 ...

 [[0.3        0.3        0.3        ... 0.3        0.3        0.3       ]
  [0.3        0.3        0.3        ... 0.3        0.3        0.3       ]
  [0.3        0.3        0.3        ... 0.3        0.3        0.3       ]
  ...
  [0.3        0.3        0.3        ... 0.3        0.3        0.3       ]
  [0.3        0.3        0.3        ... 0.3        0.3        0.3       ]
  [0.3        0.3        0.3        ... 0.3        0.3        0.3       ]]

 [[0.         0.         0.         ... 0.         0.         0.        ]
  [0.         0.         0.         ... 0.         0.         0.        ]
  [0.         0.         0.         ... 0.         0.         0.        ]
  ...
  [0.         0.         0.         ... 0.         0.         0.        ]
  [0.         0.         0.         ... 0.         0.         0.        ]
  [0.         0.         0.         ... 0.         0.         0.        ]]

 [[0.         0.         0.         ... 0.         0.         0.        ]
  [0.         0.         0.         ... 0.         0.         0.        ]
  [0.         0.         0.         ... 0.         0.         0.        ]
  ...
  [0.         0.         0.         ... 0.         0.         0.        ]
  [0.         0.         0.         ... 0.         0.         0.        ]
  [0.         0.         0.         ... 0.         0.         0.        ]]]

===== 回合 40 =====
当前行动棋子: ID=3, 玩家=1
[InputManager] 玩家1的输入方法为: 函数式输入
[InputManager] 开始处理玩家1的行动输入
[FunctionInput] Executing action handler for player 1
[FunctionInput] Action handler executed successfully
[InputManager] 玩家1的行动输入处理完成
envState:1
action: 移动: 是
  目标位置: (4, 2)
攻击: 是
  攻击详情:
    攻击者ID: 3
    目标ID: 5
    伤害值: 0
法术: 否
目标位置(4, 2)被占据
移动失败
[Attack] Auto hit - no roll needed.
[Attack] Dealing 30 damage to target.
对棋子5造成30点伤害

当前棋盘:
    0  1  2  3  4  5  6  7  8  9 10 11 12 13 14 15 16 17 18 19 

 0  1  1  1  1  1  1  1  1  1  1  1  1  1  1  1  1  1  1  1  1 
 1  1  1  1  1  1  1  1  1  1  1  1  1  1  1  1  1  1  1  1  1 
 2  1  1  1  2  3  1  1  1  1  1  1  1  1  1  1  1  1  1  1  1 
 3  1  1  0  1  5  4  1  1  1  1  1  1  1  1  1  1  1  1  1  1 
 4  1  1  1 ## ##  1  1  1  1  1  1  1  1  1  1  1  1  1  1  1 
 5  1  1  1  1 ##  1  1  1  1  1  1  1  1  1  1  1  1  1  1  1 
 6  1  1  1  1  1  1  1  1  1  1  1  1  1  1  1  1  1  1  1  1 
 7  1  1  1  1  1  1  1  1  1  1  1  1  1  1  1  1  1  1  1  1 
 8  1  1  1  1  1  1  1  1  1  1  1  1  1  1  1  1  1  1  1  1 
 9  1  1  1  1  1  1  1  1  1  1  1  1  1  1  1  1  1  1  1  1 
10  1  1  1  1  1  1  1  1  1  1  1  1  1  1  1  1  1  1  1  1 
11  1  1  1  1  1  1  1  1  1  1  1  1  1  1  1  1  1  1  1  1 
12  1  1  1  1  1  1  1  1  1  1  1  1  1  1  1  1  1  1  1  1 
13  1  1  1  1  1  1  1  1  1  1  1  1  1  1  1  1  1  1  1  1 
14  1  1  1  1  1  1  1  1  1  1  1  1  1  1  1 ##  1  1  1  1 
15  1  1  1  1  1  1  1  1  1  1  1  1  1  1  1 ## ##  1  1  1 
16  1  1  1  1  1  1  1  1  1  1  1  1  1  1  1  1 ## ## ##  1 
17  1  1  1  1  1  1  1  1  1  1  1  1  1  1  1  1 ## ## ##  1 
18  1  1  1  1  1  1  1  1  1  1  1  1  1  1  1  1 ##  1 ##  1 
19  1  1  1  1  1  1  1  1  1  1  1  1  1  1  1  1  1  1 ##  1 

[[[1.         1.         1.         ... 1.         1.         1.        ]
  [1.         1.         1.         ... 1.         1.         1.        ]
  [1.         1.         1.         ... 1.         1.         1.        ]
  ...
  [1.         1.         1.         ... 0.         1.         1.        ]
  [1.         1.         1.         ... 0.         0.         0.        ]
  [1.         1.         1.         ... 1.         1.         1.        ]]

 [[0.1        0.1        0.1        ... 0.1        0.1        0.1       ]
  [0.         0.2        0.         ... 0.1        0.1        0.1       ]
  [0.1        0.1        0.         ... 0.1        0.1        0.1       ]
  ...
  [0.1        0.1        0.1        ... 0.2        0.1        0.1       ]
  [0.1        0.1        0.1        ... 0.         0.         0.        ]
  [0.1        0.1        0.1        ... 0.1        0.1        0.1       ]]

 [[0.         0.         0.         ... 0.         0.         0.        ]
  [0.         0.         0.54545456 ... 0.         0.         0.        ]
  [0.         0.54545456 0.54545456 ... 0.         0.         0.        ]
  ...
  [0.         0.         0.         ... 0.         0.         0.        ]
  [0.         0.         0.         ... 0.         0.         0.        ]
  [0.         0.         0.         ... 0.         0.         0.        ]]

 ...

 [[0.3        0.3        0.3        ... 0.3        0.3        0.3       ]
  [0.3        0.3        0.3        ... 0.3        0.3        0.3       ]
  [0.3        0.3        0.3        ... 0.3        0.3        0.3       ]
  ...
  [0.3        0.3        0.3        ... 0.3        0.3        0.3       ]
  [0.3        0.3        0.3        ... 0.3        0.3        0.3       ]
  [0.3        0.3        0.3        ... 0.3        0.3        0.3       ]]

 [[0.         0.         0.         ... 0.         0.         0.        ]
  [0.         0.         0.         ... 0.         0.         0.        ]
  [0.         0.         0.         ... 0.         0.         0.        ]
  ...
  [0.         0.         0.         ... 0.         0.         0.        ]
  [0.         0.         0.         ... 0.         0.         0.        ]
  [0.         0.         0.         ... 0.         0.         0.        ]]

 [[0.         0.         0.         ... 0.         0.         0.        ]
  [0.         0.         0.         ... 0.         0.         0.        ]
  [0.         0.         0.         ... 0.         0.         0.        ]
  ...
  [0.         0.         0.         ... 0.         0.         0.        ]
  [0.         0.         0.         ... 0.         0.         0.        ]
  [0.         0.         0.         ... 0.         0.         0.        ]]]

===== 回合 41 =====
当前行动棋子: ID=4, 玩家=1
[InputManager] 玩家1的输入方法为: 函数式输入
[InputManager] 开始处理玩家1的行动输入
[FunctionInput] Executing action handler for player 1
[FunctionInput] Action handler executed successfully
[InputManager] 玩家1的行动输入处理完成
envState:1
action: 移动: 是
  目标位置: (5, 3)
攻击: 是
  攻击详情:
    攻击者ID: 4
    目标ID: 5
    伤害值: 0
法术: 否
目标位置(5, 3)被占据
移动失败
[Attack] Auto hit - no roll needed.
[Attack] Dealing 30 damage to target.
[DeathCheck] Roll: 3
对棋子5造成30点伤害

当前棋盘:
    0  1  2  3  4  5  6  7  8  9 10 11 12 13 14 15 16 17 18 19 

 0  1  1  1  1  1  1  1  1  1  1  1  1  1  1  1  1  1  1  1  1 
 1  1  1  1  1  1  1  1  1  1  1  1  1  1  1  1  1  1  1  1  1 
 2  1  1  1  2  3  1  1  1  1  1  1  1  1  1  1  1  1  1  1  1 
 3  1  1  0  1  1  4  1  1  1  1  1  1  1  1  1  1  1  1  1  1 
 4  1  1  1 ## ##  1  1  1  1  1  1  1  1  1  1  1  1  1  1  1 
 5  1  1  1  1 ##  1  1  1  1  1  1  1  1  1  1  1  1  1  1  1 
 6  1  1  1  1  1  1  1  1  1  1  1  1  1  1  1  1  1  1  1  1 
 7  1  1  1  1  1  1  1  1  1  1  1  1  1  1  1  1  1  1  1  1 
 8  1  1  1  1  1  1  1  1  1  1  1  1  1  1  1  1  1  1  1  1 
 9  1  1  1  1  1  1  1  1  1  1  1  1  1  1  1  1  1  1  1  1 
10  1  1  1  1  1  1  1  1  1  1  1  1  1  1  1  1  1  1  1  1 
11  1  1  1  1  1  1  1  1  1  1  1  1  1  1  1  1  1  1  1  1 
12  1  1  1  1  1  1  1  1  1  1  1  1  1  1  1  1  1  1  1  1 
13  1  1  1  1  1  1  1  1  1  1  1  1  1  1  1  1  1  1  1  1 
14  1  1  1  1  1  1  1  1  1  1  1  1  1  1  1 ##  1  1  1  1 
15  1  1  1  1  1  1  1  1  1  1  1  1  1  1  1 ## ##  1  1  1 
16  1  1  1  1  1  1  1  1  1  1  1  1  1  1  1  1 ## ## ##  1 
17  1  1  1  1  1  1  1  1  1  1  1  1  1  1  1  1 ## ## ##  1 
18  1  1  1  1  1  1  1  1  1  1  1  1  1  1  1  1 ##  1 ##  1 
19  1  1  1  1  1  1  1  1  1  1  1  1  1  1  1  1  1  1 ##  1 

[[[1.         1.         1.         ... 1.         1.         1.        ]
  [1.         1.         1.         ... 1.         1.         1.        ]
  [1.         1.         1.         ... 1.         1.         1.        ]
  ...
  [1.         1.         1.         ... 0.         1.         1.        ]
  [1.         1.         1.         ... 0.         0.         0.        ]
  [1.         1.         1.         ... 1.         1.         1.        ]]

 [[0.1        0.1        0.1        ... 0.1        0.1        0.1       ]
  [0.         0.2        0.         ... 0.1        0.1        0.1       ]
  [0.1        0.1        0.         ... 0.1        0.1        0.1       ]
  ...
  [0.1        0.1        0.1        ... 0.2        0.1        0.1       ]
  [0.1        0.1        0.1        ... 0.         0.         0.        ]
  [0.1        0.1        0.1        ... 0.1        0.1        0.1       ]]

 [[0.         0.         0.         ... 0.         0.         0.        ]
  [0.         0.         0.54545456 ... 0.         0.         0.        ]
  [0.         0.54545456 0.54545456 ... 0.         0.         0.        ]
  ...
  [0.         0.         0.         ... 0.         0.         0.        ]
  [0.         0.         0.         ... 0.         0.         0.        ]
  [0.         0.         0.         ... 0.         0.         0.        ]]

 ...

 [[0.3        0.3        0.3        ... 0.3        0.3        0.3       ]
  [0.3        0.3        0.3        ... 0.3        0.3        0.3       ]
  [0.3        0.3        0.3        ... 0.3        0.3        0.3       ]
  ...
  [0.3        0.3        0.3        ... 0.3        0.3        0.3       ]
  [0.3        0.3        0.3        ... 0.3        0.3        0.3       ]
  [0.3        0.3        0.3        ... 0.3        0.3        0.3       ]]

 [[0.         0.         0.         ... 0.         0.         0.        ]
  [0.         0.         0.         ... 0.         0.         0.        ]
  [0.         0.         0.         ... 0.         0.         0.        ]
  ...
  [0.         0.         0.         ... 0.         0.         0.        ]
  [0.         0.         0.         ... 0.         0.         0.        ]
  [0.         0.         0.         ... 0.         0.         0.        ]]

 [[0.         0.         0.         ... 0.         0.         0.        ]
  [0.         0.         0.         ... 0.         0.         0.        ]
  [0.         0.         0.         ... 0.         0.         0.        ]
  ...
  [0.         0.         0.         ... 0.         0.         0.        ]
  [0.         0.         0.         ... 0.         0.         0.        ]
  [0.         0.         0.         ... 0.         0.         0.        ]]]

===== 回合 42 =====
当前行动棋子: ID=0, 玩家=2
[InputManager] 玩家2的输入方法为: 函数式输入
[InputManager] 开始处理玩家2的行动输入
[FunctionInput] Executing action handler for player 2
[FunctionInput] Action handler executed successfully
[InputManager] 玩家2的行动输入处理完成
envState:1
action: 移动: 是
  目标位置: (2, 3)
攻击: 是
  攻击详情:
    攻击者ID: 0
    目标ID: 1
    伤害值: 0
法术: 否
目标位置(2, 3)被占据
移动失败
[Attack] Auto hit - no roll needed.
[Attack] Dealing 30 damage to target.
对棋子1造成30点伤害

当前棋盘:
    0  1  2  3  4  5  6  7  8  9 10 11 12 13 14 15 16 17 18 19 

 0  1  1  1  1  1  1  1  1  1  1  1  1  1  1  1  1  1  1  1  1 
 1  1  1  1  1  1  1  1  1  1  1  1  1  1  1  1  1  1  1  1  1 
 2  1  1  1  2  3  1  1  1  1  1  1  1  1  1  1  1  1  1  1  1 
 3  1  1  0  1  1  4  1  1  1  1  1  1  1  1  1  1  1  1  1  1 
 4  1  1  1 ## ##  1  1  1  1  1  1  1  1  1  1  1  1  1  1  1 
 5  1  1  1  1 ##  1  1  1  1  1  1  1  1  1  1  1  1  1  1  1 
 6  1  1  1  1  1  1  1  1  1  1  1  1  1  1  1  1  1  1  1  1 
 7  1  1  1  1  1  1  1  1  1  1  1  1  1  1  1  1  1  1  1  1 
 8  1  1  1  1  1  1  1  1  1  1  1  1  1  1  1  1  1  1  1  1 
 9  1  1  1  1  1  1  1  1  1  1  1  1  1  1  1  1  1  1  1  1 
10  1  1  1  1  1  1  1  1  1  1  1  1  1  1  1  1  1  1  1  1 
11  1  1  1  1  1  1  1  1  1  1  1  1  1  1  1  1  1  1  1  1 
12  1  1  1  1  1  1  1  1  1  1  1  1  1  1  1  1  1  1  1  1 
13  1  1  1  1  1  1  1  1  1  1  1  1  1  1  1  1  1  1  1  1 
14  1  1  1  1  1  1  1  1  1  1  1  1  1  1  1 ##  1  1  1  1 
15  1  1  1  1  1  1  1  1  1  1  1  1  1  1  1 ## ##  1  1  1 
16  1  1  1  1  1  1  1  1  1  1  1  1  1  1  1  1 ## ## ##  1 
17  1  1  1  1  1  1  1  1  1  1  1  1  1  1  1  1 ## ## ##  1 
18  1  1  1  1  1  1  1  1  1  1  1  1  1  1  1  1 ##  1 ##  1 
19  1  1  1  1  1  1  1  1  1  1  1  1  1  1  1  1  1  1 ##  1 

[[[1.         1.         1.         ... 1.         1.         1.        ]
  [1.         1.         1.         ... 1.         1.         1.        ]
  [1.         1.         1.         ... 1.         1.         1.        ]
  ...
  [1.         1.         1.         ... 0.         1.         1.        ]
  [1.         1.         1.         ... 0.         0.         0.        ]
  [1.         1.         1.         ... 1.         1.         1.        ]]

 [[0.1        0.1        0.1        ... 0.1        0.1        0.1       ]
  [0.         0.2        0.         ... 0.1        0.1        0.1       ]
  [0.1        0.1        0.         ... 0.1        0.1        0.1       ]
  ...
  [0.1        0.1        0.1        ... 0.2        0.1        0.1       ]
  [0.1        0.1        0.1        ... 0.         0.         0.        ]
  [0.1        0.1        0.1        ... 0.1        0.1        0.1       ]]

 [[0.         0.         0.54545456 ... 0.         0.         0.        ]
  [0.         0.54545456 0.54545456 ... 0.         0.         0.        ]
  [0.54545456 0.54545456 0.54545456 ... 0.         0.         0.        ]
  ...
  [0.         0.         0.         ... 0.         0.         0.        ]
  [0.         0.         0.         ... 0.         0.         0.        ]
  [0.         0.         0.         ... 0.         0.         0.        ]]

 ...

 [[0.3        0.3        0.3        ... 0.3        0.3        0.3       ]
  [0.3        0.3        0.3        ... 0.3        0.3        0.3       ]
  [0.3        0.3        0.3        ... 0.3        0.3        0.3       ]
  ...
  [0.3        0.3        0.3        ... 0.3        0.3        0.3       ]
  [0.3        0.3        0.3        ... 0.3        0.3        0.3       ]
  [0.3        0.3        0.3        ... 0.3        0.3        0.3       ]]

 [[0.         0.         0.         ... 0.         0.         0.        ]
  [0.         0.         0.         ... 0.         0.         0.        ]
  [0.         0.         0.         ... 0.         0.         0.        ]
  ...
  [0.         0.         0.         ... 0.         0.         0.        ]
  [0.         0.         0.         ... 0.         0.         0.        ]
  [0.         0.         0.         ... 0.         0.         0.        ]]

 [[0.         0.         0.         ... 0.         0.         0.        ]
  [0.         0.         0.         ... 0.         0.         0.        ]
  [0.         0.         0.         ... 0.         0.         0.        ]
  ...
  [0.         0.         0.         ... 0.         0.         0.        ]
  [0.         0.         0.         ... 0.         0.         0.        ]
  [0.         0.         0.         ... 0.         0.         0.        ]]]

===== 回合 43 =====
当前行动棋子: ID=1, 玩家=1
[InputManager] 玩家1的输入方法为: 函数式输入
[InputManager] 开始处理玩家1的行动输入
[FunctionInput] Executing action handler for player 1
[FunctionInput] Action handler executed successfully
[InputManager] 玩家1的行动输入处理完成
envState:1
action: 移动: 是
  目标位置: (3, 3)
攻击: 是
  攻击详情:
    攻击者ID: 1
    目标ID: 2
    伤害值: 0
法术: 否
目标位置(3, 3)被占据
移动失败
[Attack] Auto hit - no roll needed.
[Attack] Dealing 30 damage to target.
对棋子2造成30点伤害

当前棋盘:
    0  1  2  3  4  5  6  7  8  9 10 11 12 13 14 15 16 17 18 19 

 0  1  1  1  1  1  1  1  1  1  1  1  1  1  1  1  1  1  1  1  1 
 1  1  1  1  1  1  1  1  1  1  1  1  1  1  1  1  1  1  1  1  1 
 2  1  1  1  2  3  1  1  1  1  1  1  1  1  1  1  1  1  1  1  1 
 3  1  1  0  1  1  4  1  1  1  1  1  1  1  1  1  1  1  1  1  1 
 4  1  1  1 ## ##  1  1  1  1  1  1  1  1  1  1  1  1  1  1  1 
 5  1  1  1  1 ##  1  1  1  1  1  1  1  1  1  1  1  1  1  1  1 
 6  1  1  1  1  1  1  1  1  1  1  1  1  1  1  1  1  1  1  1  1 
 7  1  1  1  1  1  1  1  1  1  1  1  1  1  1  1  1  1  1  1  1 
 8  1  1  1  1  1  1  1  1  1  1  1  1  1  1  1  1  1  1  1  1 
 9  1  1  1  1  1  1  1  1  1  1  1  1  1  1  1  1  1  1  1  1 
10  1  1  1  1  1  1  1  1  1  1  1  1  1  1  1  1  1  1  1  1 
11  1  1  1  1  1  1  1  1  1  1  1  1  1  1  1  1  1  1  1  1 
12  1  1  1  1  1  1  1  1  1  1  1  1  1  1  1  1  1  1  1  1 
13  1  1  1  1  1  1  1  1  1  1  1  1  1  1  1  1  1  1  1  1 
14  1  1  1  1  1  1  1  1  1  1  1  1  1  1  1 ##  1  1  1  1 
15  1  1  1  1  1  1  1  1  1  1  1  1  1  1  1 ## ##  1  1  1 
16  1  1  1  1  1  1  1  1  1  1  1  1  1  1  1  1 ## ## ##  1 
17  1  1  1  1  1  1  1  1  1  1  1  1  1  1  1  1 ## ## ##  1 
18  1  1  1  1  1  1  1  1  1  1  1  1  1  1  1  1 ##  1 ##  1 
19  1  1  1  1  1  1  1  1  1  1  1  1  1  1  1  1  1  1 ##  1 

[[[1.         1.         1.         ... 1.         1.         1.        ]
  [1.         1.         1.         ... 1.         1.         1.        ]
  [1.         1.         1.         ... 1.         1.         1.        ]
  ...
  [1.         1.         1.         ... 0.         1.         1.        ]
  [1.         1.         1.         ... 0.         0.         0.        ]
  [1.         1.         1.         ... 1.         1.         1.        ]]

 [[0.1        0.1        0.1        ... 0.1        0.1        0.1       ]
  [0.         0.2        0.         ... 0.1        0.1        0.1       ]
  [0.1        0.1        0.         ... 0.1        0.1        0.1       ]
  ...
  [0.1        0.1        0.1        ... 0.2        0.1        0.1       ]
  [0.1        0.1        0.1        ... 0.         0.         0.        ]
  [0.1        0.1        0.1        ... 0.1        0.1        0.1       ]]

 [[0.         0.         0.         ... 0.         0.         0.        ]
  [0.         0.         0.54545456 ... 0.         0.         0.        ]
  [0.         0.54545456 0.54545456 ... 0.         0.         0.        ]
  ...
  [0.         0.         0.         ... 0.         0.         0.        ]
  [0.         0.         0.         ... 0.         0.         0.        ]
  [0.         0.         0.         ... 0.         0.         0.        ]]

 ...

 [[0.3        0.3        0.3        ... 0.3        0.3        0.3       ]
  [0.3        0.3        0.3        ... 0.3        0.3        0.3       ]
  [0.3        0.3        0.3        ... 0.3        0.3        0.3       ]
  ...
  [0.3        0.3        0.3        ... 0.3        0.3        0.3       ]
  [0.3        0.3        0.3        ... 0.3        0.3        0.3       ]
  [0.3        0.3        0.3        ... 0.3        0.3        0.3       ]]

 [[0.         0.         0.         ... 0.         0.         0.        ]
  [0.         0.         0.         ... 0.         0.         0.        ]
  [0.         0.         0.         ... 0.         0.         0.        ]
  ...
  [0.         0.         0.         ... 0.         0.         0.        ]
  [0.         0.         0.         ... 0.         0.         0.        ]
  [0.         0.         0.         ... 0.         0.         0.        ]]

 [[0.         0.         0.         ... 0.         0.         0.        ]
  [0.         0.         0.         ... 0.         0.         0.        ]
  [0.         0.         0.         ... 0.         0.         0.        ]
  ...
  [0.         0.         0.         ... 0.         0.         0.        ]
  [0.         0.         0.         ... 0.         0.         0.        ]
  [0.         0.         0.         ... 0.         0.         0.        ]]]

===== 回合 44 =====
当前行动棋子: ID=2, 玩家=2
[InputManager] 玩家2的输入方法为: 函数式输入
[InputManager] 开始处理玩家2的行动输入
[FunctionInput] Executing action handler for player 2
[FunctionInput] Action handler executed successfully
[InputManager] 玩家2的行动输入处理完成
envState:1
action: 移动: 是
  目标位置: (3, 2)
攻击: 是
  攻击详情:
    攻击者ID: 2
    目标ID: 3
    伤害值: 0
法术: 否
目标位置(3, 2)被占据
移动失败
[Attack] Auto hit - no roll needed.
[Attack] Dealing 30 damage to target.
对棋子3造成30点伤害

当前棋盘:
    0  1  2  3  4  5  6  7  8  9 10 11 12 13 14 15 16 17 18 19 

 0  1  1  1  1  1  1  1  1  1  1  1  1  1  1  1  1  1  1  1  1 
 1  1  1  1  1  1  1  1  1  1  1  1  1  1  1  1  1  1  1  1  1 
 2  1  1  1  2  3  1  1  1  1  1  1  1  1  1  1  1  1  1  1  1 
 3  1  1  0  1  1  4  1  1  1  1  1  1  1  1  1  1  1  1  1  1 
 4  1  1  1 ## ##  1  1  1  1  1  1  1  1  1  1  1  1  1  1  1 
 5  1  1  1  1 ##  1  1  1  1  1  1  1  1  1  1  1  1  1  1  1 
 6  1  1  1  1  1  1  1  1  1  1  1  1  1  1  1  1  1  1  1  1 
 7  1  1  1  1  1  1  1  1  1  1  1  1  1  1  1  1  1  1  1  1 
 8  1  1  1  1  1  1  1  1  1  1  1  1  1  1  1  1  1  1  1  1 
 9  1  1  1  1  1  1  1  1  1  1  1  1  1  1  1  1  1  1  1  1 
10  1  1  1  1  1  1  1  1  1  1  1  1  1  1  1  1  1  1  1  1 
11  1  1  1  1  1  1  1  1  1  1  1  1  1  1  1  1  1  1  1  1 
12  1  1  1  1  1  1  1  1  1  1  1  1  1  1  1  1  1  1  1  1 
13  1  1  1  1  1  1  1  1  1  1  1  1  1  1  1  1  1  1  1  1 
14  1  1  1  1  1  1  1  1  1  1  1  1  1  1  1 ##  1  1  1  1 
15  1  1  1  1  1  1  1  1  1  1  1  1  1  1  1 ## ##  1  1  1 
16  1  1  1  1  1  1  1  1  1  1  1  1  1  1  1  1 ## ## ##  1 
17  1  1  1  1  1  1  1  1  1  1  1  1  1  1  1  1 ## ## ##  1 
18  1  1  1  1  1  1  1  1  1  1  1  1  1  1  1  1 ##  1 ##  1 
19  1  1  1  1  1  1  1  1  1  1  1  1  1  1  1  1  1  1 ##  1 

[[[1.         1.         1.         ... 1.         1.         1.        ]
  [1.         1.         1.         ... 1.         1.         1.        ]
  [1.         1.         1.         ... 1.         1.         1.        ]
  ...
  [1.         1.         1.         ... 0.         1.         1.        ]
  [1.         1.         1.         ... 0.         0.         0.        ]
  [1.         1.         1.         ... 1.         1.         1.        ]]

 [[0.1        0.1        0.1        ... 0.1        0.1        0.1       ]
  [0.         0.2        0.         ... 0.1        0.1        0.1       ]
  [0.1        0.1        0.         ... 0.1        0.1        0.1       ]
  ...
  [0.1        0.1        0.1        ... 0.2        0.1        0.1       ]
  [0.1        0.1        0.1        ... 0.         0.         0.        ]
  [0.1        0.1        0.1        ... 0.1        0.1        0.1       ]]

 [[0.         0.         0.54545456 ... 0.         0.         0.        ]
  [0.         0.54545456 0.54545456 ... 0.         0.         0.        ]
  [0.54545456 0.54545456 0.54545456 ... 0.         0.         0.        ]
  ...
  [0.         0.         0.         ... 0.         0.         0.        ]
  [0.         0.         0.         ... 0.         0.         0.        ]
  [0.         0.         0.         ... 0.         0.         0.        ]]

 ...

 [[0.3        0.3        0.3        ... 0.3        0.3        0.3       ]
  [0.3        0.3        0.3        ... 0.3        0.3        0.3       ]
  [0.3        0.3        0.3        ... 0.3        0.3        0.3       ]
  ...
  [0.3        0.3        0.3        ... 0.3        0.3        0.3       ]
  [0.3        0.3        0.3        ... 0.3        0.3        0.3       ]
  [0.3        0.3        0.3        ... 0.3        0.3        0.3       ]]

 [[0.         0.         0.         ... 0.         0.         0.        ]
  [0.         0.         0.         ... 0.         0.         0.        ]
  [0.         0.         0.         ... 0.         0.         0.        ]
  ...
  [0.         0.         0.         ... 0.         0.         0.        ]
  [0.         0.         0.         ... 0.         0.         0.        ]
  [0.         0.         0.         ... 0.         0.         0.        ]]

 [[0.         0.         0.         ... 0.         0.         0.        ]
  [0.         0.         0.         ... 0.         0.         0.        ]
  [0.         0.         0.         ... 0.         0.         0.        ]
  ...
  [0.         0.         0.         ... 0.         0.         0.        ]
  [0.         0.         0.         ... 0.         0.         0.        ]
  [0.         0.         0.         ... 0.         0.         0.        ]]]

===== 回合 45 =====
当前行动棋子: ID=3, 玩家=1
[InputManager] 玩家1的输入方法为: 函数式输入
[InputManager] 开始处理玩家1的行动输入
[FunctionInput] Executing action handler for player 1
[FunctionInput] Action handler executed successfully
[InputManager] 玩家1的行动输入处理完成
envState:1
action: 移动: 是
  目标位置: (2, 2)
攻击: 是
  攻击详情:
    攻击者ID: 3
    目标ID: 2
    伤害值: 0
法术: 否
移动成功到 (2, 2)
[Attack] Auto hit - no roll needed.
[Attack] Dealing 30 damage to target.
对棋子2造成30点伤害

当前棋盘:
    0  1  2  3  4  5  6  7  8  9 10 11 12 13 14 15 16 17 18 19 

 0  1  1  1  1  1  1  1  1  1  1  1  1  1  1  1  1  1  1  1  1 
 1  1  1  1  1  1  1  1  1  1  1  1  1  1  1  1  1  1  1  1  1 
 2  1  1  3  2  1  1  1  1  1  1  1  1  1  1  1  1  1  1  1  1 
 3  1  1  0  1  1  4  1  1  1  1  1  1  1  1  1  1  1  1  1  1 
 4  1  1  1 ## ##  1  1  1  1  1  1  1  1  1  1  1  1  1  1  1 
 5  1  1  1  1 ##  1  1  1  1  1  1  1  1  1  1  1  1  1  1  1 
 6  1  1  1  1  1  1  1  1  1  1  1  1  1  1  1  1  1  1  1  1 
 7  1  1  1  1  1  1  1  1  1  1  1  1  1  1  1  1  1  1  1  1 
 8  1  1  1  1  1  1  1  1  1  1  1  1  1  1  1  1  1  1  1  1 
 9  1  1  1  1  1  1  1  1  1  1  1  1  1  1  1  1  1  1  1  1 
10  1  1  1  1  1  1  1  1  1  1  1  1  1  1  1  1  1  1  1  1 
11  1  1  1  1  1  1  1  1  1  1  1  1  1  1  1  1  1  1  1  1 
12  1  1  1  1  1  1  1  1  1  1  1  1  1  1  1  1  1  1  1  1 
13  1  1  1  1  1  1  1  1  1  1  1  1  1  1  1  1  1  1  1  1 
14  1  1  1  1  1  1  1  1  1  1  1  1  1  1  1 ##  1  1  1  1 
15  1  1  1  1  1  1  1  1  1  1  1  1  1  1  1 ## ##  1  1  1 
16  1  1  1  1  1  1  1  1  1  1  1  1  1  1  1  1 ## ## ##  1 
17  1  1  1  1  1  1  1  1  1  1  1  1  1  1  1  1 ## ## ##  1 
18  1  1  1  1  1  1  1  1  1  1  1  1  1  1  1  1 ##  1 ##  1 
19  1  1  1  1  1  1  1  1  1  1  1  1  1  1  1  1  1  1 ##  1 

[[[1.         1.         1.         ... 1.         1.         1.        ]
  [1.         1.         1.         ... 1.         1.         1.        ]
  [1.         1.         0.         ... 1.         1.         1.        ]
  ...
  [1.         1.         1.         ... 0.         1.         1.        ]
  [1.         1.         1.         ... 0.         0.         0.        ]
  [1.         1.         1.         ... 1.         1.         1.        ]]

 [[0.1        0.1        0.1        ... 0.1        0.1        0.1       ]
  [0.         0.2        0.         ... 0.1        0.1        0.1       ]
  [0.1        0.1        0.         ... 0.1        0.1        0.1       ]
  ...
  [0.1        0.1        0.1        ... 0.2        0.1        0.1       ]
  [0.1        0.1        0.1        ... 0.         0.         0.        ]
  [0.1        0.1        0.1        ... 0.1        0.1        0.1       ]]

 [[0.         0.27272728 0.27272728 ... 0.         0.         0.        ]
  [0.27272728 0.27272728 0.54545456 ... 0.         0.         0.        ]
  [0.27272728 0.54545456 0.54545456 ... 0.         0.         0.        ]
  ...
  [0.         0.         0.         ... 0.         0.         0.        ]
  [0.         0.         0.         ... 0.         0.         0.        ]
  [0.         0.         0.         ... 0.         0.         0.        ]]

 ...

 [[0.3        0.3        0.3        ... 0.3        0.3        0.3       ]
  [0.3        0.3        0.3        ... 0.3        0.3        0.3       ]
  [0.3        0.3        0.3        ... 0.3        0.3        0.3       ]
  ...
  [0.3        0.3        0.3        ... 0.3        0.3        0.3       ]
  [0.3        0.3        0.3        ... 0.3        0.3        0.3       ]
  [0.3        0.3        0.3        ... 0.3        0.3        0.3       ]]

 [[0.         0.         0.         ... 0.         0.         0.        ]
  [0.         0.         0.         ... 0.         0.         0.        ]
  [0.         0.         0.7        ... 0.         0.         0.        ]
  ...
  [0.         0.         0.         ... 0.         0.         0.        ]
  [0.         0.         0.         ... 0.         0.         0.        ]
  [0.         0.         0.         ... 0.         0.         0.        ]]

 [[0.         0.         0.         ... 0.         0.         0.        ]
  [0.         0.         0.         ... 0.         0.         0.        ]
  [0.         0.         0.         ... 0.         0.         0.        ]
  ...
  [0.         0.         0.         ... 0.         0.         0.        ]
  [0.         0.         0.         ... 0.         0.         0.        ]
  [0.         0.         0.         ... 0.         0.         0.        ]]]

===== 回合 46 =====
当前行动棋子: ID=4, 玩家=1
[InputManager] 玩家1的输入方法为: 函数式输入
[InputManager] 开始处理玩家1的行动输入
[FunctionInput] Executing action handler for player 1
[FunctionInput] Action handler executed successfully
[InputManager] 玩家1的行动输入处理完成
envState:1
action: 移动: 是
  目标位置: (1, 3)
攻击: 是
  攻击详情:
    攻击者ID: 4
    目标ID: 0
    伤害值: 0
法术: 否
移动成功到 (1, 3)
[Attack] Auto hit - no roll needed.
[Attack] Dealing 30 damage to target.
对棋子0造成30点伤害

当前棋盘:
    0  1  2  3  4  5  6  7  8  9 10 11 12 13 14 15 16 17 18 19 

 0  1  1  1  1  1  1  1  1  1  1  1  1  1  1  1  1  1  1  1  1 
 1  1  1  1  1  1  1  1  1  1  1  1  1  1  1  1  1  1  1  1  1 
 2  1  1  3  2  1  1  1  1  1  1  1  1  1  1  1  1  1  1  1  1 
 3  1  4  0  1  1  1  1  1  1  1  1  1  1  1  1  1  1  1  1  1 
 4  1  1  1 ## ##  1  1  1  1  1  1  1  1  1  1  1  1  1  1  1 
 5  1  1  1  1 ##  1  1  1  1  1  1  1  1  1  1  1  1  1  1  1 
 6  1  1  1  1  1  1  1  1  1  1  1  1  1  1  1  1  1  1  1  1 
 7  1  1  1  1  1  1  1  1  1  1  1  1  1  1  1  1  1  1  1  1 
 8  1  1  1  1  1  1  1  1  1  1  1  1  1  1  1  1  1  1  1  1 
 9  1  1  1  1  1  1  1  1  1  1  1  1  1  1  1  1  1  1  1  1 
10  1  1  1  1  1  1  1  1  1  1  1  1  1  1  1  1  1  1  1  1 
11  1  1  1  1  1  1  1  1  1  1  1  1  1  1  1  1  1  1  1  1 
12  1  1  1  1  1  1  1  1  1  1  1  1  1  1  1  1  1  1  1  1 
13  1  1  1  1  1  1  1  1  1  1  1  1  1  1  1  1  1  1  1  1 
14  1  1  1  1  1  1  1  1  1  1  1  1  1  1  1 ##  1  1  1  1 
15  1  1  1  1  1  1  1  1  1  1  1  1  1  1  1 ## ##  1  1  1 
16  1  1  1  1  1  1  1  1  1  1  1  1  1  1  1  1 ## ## ##  1 
17  1  1  1  1  1  1  1  1  1  1  1  1  1  1  1  1 ## ## ##  1 
18  1  1  1  1  1  1  1  1  1  1  1  1  1  1  1  1 ##  1 ##  1 
19  1  1  1  1  1  1  1  1  1  1  1  1  1  1  1  1  1  1 ##  1 

[[[1.         1.         1.         ... 1.         1.         1.        ]
  [1.         1.         1.         ... 1.         1.         1.        ]
  [1.         1.         0.         ... 1.         1.         1.        ]
  ...
  [1.         1.         1.         ... 0.         1.         1.        ]
  [1.         1.         1.         ... 0.         0.         0.        ]
  [1.         1.         1.         ... 1.         1.         1.        ]]

 [[0.1        0.1        0.1        ... 0.1        0.1        0.1       ]
  [0.         0.2        0.         ... 0.1        0.1        0.1       ]
  [0.1        0.1        0.         ... 0.1        0.1        0.1       ]
  ...
  [0.1        0.1        0.1        ... 0.2        0.1        0.1       ]
  [0.1        0.1        0.1        ... 0.         0.         0.        ]
  [0.1        0.1        0.1        ... 0.1        0.1        0.1       ]]

 [[0.         0.54545456 0.54545456 ... 0.         0.         0.        ]
  [0.54545456 0.54545456 0.8181818  ... 0.         0.         0.        ]
  [0.27272728 0.8181818  0.8181818  ... 0.         0.         0.        ]
  ...
  [0.         0.         0.         ... 0.         0.         0.        ]
  [0.         0.         0.         ... 0.         0.         0.        ]
  [0.         0.         0.         ... 0.         0.         0.        ]]

 ...

 [[0.3        0.3        0.3        ... 0.3        0.3        0.3       ]
  [0.3        0.3        0.3        ... 0.3        0.3        0.3       ]
  [0.3        0.3        0.3        ... 0.3        0.3        0.3       ]
  ...
  [0.3        0.3        0.3        ... 0.3        0.3        0.3       ]
  [0.3        0.3        0.3        ... 0.3        0.3        0.3       ]
  [0.3        0.3        0.3        ... 0.3        0.3        0.3       ]]

 [[0.         0.         0.         ... 0.         0.         0.        ]
  [0.         0.         0.         ... 0.         0.         0.        ]
  [0.         0.         0.7        ... 0.         0.         0.        ]
  ...
  [0.         0.         0.         ... 0.         0.         0.        ]
  [0.         0.         0.         ... 0.         0.         0.        ]
  [0.         0.         0.         ... 0.         0.         0.        ]]

 [[0.         0.         0.         ... 0.         0.         0.        ]
  [0.         0.         0.         ... 0.         0.         0.        ]
  [0.         0.         0.6666667  ... 0.         0.         0.        ]
  ...
  [0.         0.         0.         ... 0.         0.         0.        ]
  [0.         0.         0.         ... 0.         0.         0.        ]
  [0.         0.         0.         ... 0.         0.         0.        ]]]

===== 回合 47 =====
当前行动棋子: ID=0, 玩家=2
[InputManager] 玩家2的输入方法为: 函数式输入
[InputManager] 开始处理玩家2的行动输入
[FunctionInput] Executing action handler for player 2
[FunctionInput] Action handler executed successfully
[InputManager] 玩家2的行动输入处理完成
envState:1
action: 移动: 是
  目标位置: (2, 3)
攻击: 是
  攻击详情:
    攻击者ID: 0
    目标ID: 1
    伤害值: 0
法术: 否
目标位置(2, 3)被占据
移动失败
[Attack] Auto hit - no roll needed.
[Attack] Dealing 30 damage to target.
对棋子1造成30点伤害

当前棋盘:
    0  1  2  3  4  5  6  7  8  9 10 11 12 13 14 15 16 17 18 19 

 0  1  1  1  1  1  1  1  1  1  1  1  1  1  1  1  1  1  1  1  1 
 1  1  1  1  1  1  1  1  1  1  1  1  1  1  1  1  1  1  1  1  1 
 2  1  1  3  2  1  1  1  1  1  1  1  1  1  1  1  1  1  1  1  1 
 3  1  4  0  1  1  1  1  1  1  1  1  1  1  1  1  1  1  1  1  1 
 4  1  1  1 ## ##  1  1  1  1  1  1  1  1  1  1  1  1  1  1  1 
 5  1  1  1  1 ##  1  1  1  1  1  1  1  1  1  1  1  1  1  1  1 
 6  1  1  1  1  1  1  1  1  1  1  1  1  1  1  1  1  1  1  1  1 
 7  1  1  1  1  1  1  1  1  1  1  1  1  1  1  1  1  1  1  1  1 
 8  1  1  1  1  1  1  1  1  1  1  1  1  1  1  1  1  1  1  1  1 
 9  1  1  1  1  1  1  1  1  1  1  1  1  1  1  1  1  1  1  1  1 
10  1  1  1  1  1  1  1  1  1  1  1  1  1  1  1  1  1  1  1  1 
11  1  1  1  1  1  1  1  1  1  1  1  1  1  1  1  1  1  1  1  1 
12  1  1  1  1  1  1  1  1  1  1  1  1  1  1  1  1  1  1  1  1 
13  1  1  1  1  1  1  1  1  1  1  1  1  1  1  1  1  1  1  1  1 
14  1  1  1  1  1  1  1  1  1  1  1  1  1  1  1 ##  1  1  1  1 
15  1  1  1  1  1  1  1  1  1  1  1  1  1  1  1 ## ##  1  1  1 
16  1  1  1  1  1  1  1  1  1  1  1  1  1  1  1  1 ## ## ##  1 
17  1  1  1  1  1  1  1  1  1  1  1  1  1  1  1  1 ## ## ##  1 
18  1  1  1  1  1  1  1  1  1  1  1  1  1  1  1  1 ##  1 ##  1 
19  1  1  1  1  1  1  1  1  1  1  1  1  1  1  1  1  1  1 ##  1 

[[[1.         1.         1.         ... 1.         1.         1.        ]
  [1.         1.         1.         ... 1.         1.         1.        ]
  [1.         1.         0.         ... 1.         1.         1.        ]
  ...
  [1.         1.         1.         ... 0.         1.         1.        ]
  [1.         1.         1.         ... 0.         0.         0.        ]
  [1.         1.         1.         ... 1.         1.         1.        ]]

 [[0.1        0.1        0.1        ... 0.1        0.1        0.1       ]
  [0.         0.2        0.         ... 0.1        0.1        0.1       ]
  [0.1        0.1        0.         ... 0.1        0.1        0.1       ]
  ...
  [0.1        0.1        0.1        ... 0.2        0.1        0.1       ]
  [0.1        0.1        0.1        ... 0.         0.         0.        ]
  [0.1        0.1        0.1        ... 0.1        0.1        0.1       ]]

 [[0.         0.         0.54545456 ... 0.         0.         0.        ]
  [0.         0.54545456 0.54545456 ... 0.         0.         0.        ]
  [0.54545456 0.54545456 0.54545456 ... 0.         0.         0.        ]
  ...
  [0.         0.         0.         ... 0.         0.         0.        ]
  [0.         0.         0.         ... 0.         0.         0.        ]
  [0.         0.         0.         ... 0.         0.         0.        ]]

 ...

 [[0.3        0.3        0.3        ... 0.3        0.3        0.3       ]
  [0.3        0.3        0.3        ... 0.3        0.3        0.3       ]
  [0.3        0.3        0.3        ... 0.3        0.3        0.3       ]
  ...
  [0.3        0.3        0.3        ... 0.3        0.3        0.3       ]
  [0.3        0.3        0.3        ... 0.3        0.3        0.3       ]
  [0.3        0.3        0.3        ... 0.3        0.3        0.3       ]]

 [[0.         0.         0.         ... 0.         0.         0.        ]
  [0.         0.         0.         ... 0.         0.         0.        ]
  [0.         0.         0.7        ... 0.         0.         0.        ]
  ...
  [0.         0.         0.         ... 0.         0.         0.        ]
  [0.         0.         0.         ... 0.         0.         0.        ]
  [0.         0.         0.         ... 0.         0.         0.        ]]

 [[0.         0.         0.         ... 0.         0.         0.        ]
  [0.         0.         0.         ... 0.         0.         0.        ]
  [0.         0.         0.6666667  ... 0.         0.         0.        ]
  ...
  [0.         0.         0.         ... 0.         0.         0.        ]
  [0.         0.         0.         ... 0.         0.         0.        ]
  [0.         0.         0.         ... 0.         0.         0.        ]]]

===== 回合 48 =====
当前行动棋子: ID=1, 玩家=1
[InputManager] 玩家1的输入方法为: 函数式输入
[InputManager] 开始处理玩家1的行动输入
[FunctionInput] Executing action handler for player 1
[FunctionInput] Action handler executed successfully
[InputManager] 玩家1的行动输入处理完成
envState:1
action: 移动: 是
  目标位置: (3, 1)
攻击: 是
  攻击详情:
    攻击者ID: 1
    目标ID: 2
    伤害值: 0
法术: 否
移动成功到 (3, 1)
[Attack] Auto hit - no roll needed.
[Attack] Dealing 30 damage to target.
对棋子2造成30点伤害

当前棋盘:
    0  1  2  3  4  5  6  7  8  9 10 11 12 13 14 15 16 17 18 19 

 0  1  1  1  1  1  1  1  1  1  1  1  1  1  1  1  1  1  1  1  1 
 1  1  1  1  1  1  1  1  1  1  1  1  1  1  1  1  1  1  1  1  1 
 2  1  1  3  2  1  1  1  1  1  1  1  1  1  1  1  1  1  1  1  1 
 3  1  4  0  1  1  1  1  1  1  1  1  1  1  1  1  1  1  1  1  1 
 4  1  1  1 ## ##  1  1  1  1  1  1  1  1  1  1  1  1  1  1  1 
 5  1  1  1  1 ##  1  1  1  1  1  1  1  1  1  1  1  1  1  1  1 
 6  1  1  1  1  1  1  1  1  1  1  1  1  1  1  1  1  1  1  1  1 
 7  1  1  1  1  1  1  1  1  1  1  1  1  1  1  1  1  1  1  1  1 
 8  1  1  1  1  1  1  1  1  1  1  1  1  1  1  1  1  1  1  1  1 
 9  1  1  1  1  1  1  1  1  1  1  1  1  1  1  1  1  1  1  1  1 
10  1  1  1  1  1  1  1  1  1  1  1  1  1  1  1  1  1  1  1  1 
11  1  1  1  1  1  1  1  1  1  1  1  1  1  1  1  1  1  1  1  1 
12  1  1  1  1  1  1  1  1  1  1  1  1  1  1  1  1  1  1  1  1 
13  1  1  1  1  1  1  1  1  1  1  1  1  1  1  1  1  1  1  1  1 
14  1  1  1  1  1  1  1  1  1  1  1  1  1  1  1 ##  1  1  1  1 
15  1  1  1  1  1  1  1  1  1  1  1  1  1  1  1 ## ##  1  1  1 
16  1  1  1  1  1  1  1  1  1  1  1  1  1  1  1  1 ## ## ##  1 
17  1  1  1  1  1  1  1  1  1  1  1  1  1  1  1  1 ## ## ##  1 
18  1  1  1  1  1  1  1  1  1  1  1  1  1  1  1  1 ##  1 ##  1 
19  1  1  1  1  1  1  1  1  1  1  1  1  1  1  1  1  1  1 ##  1 

[[[1.         1.         1.         ... 1.         1.         1.        ]
  [1.         1.         1.         ... 1.         1.         1.        ]
  [1.         1.         0.         ... 1.         1.         1.        ]
  ...
  [1.         1.         1.         ... 0.         1.         1.        ]
  [1.         1.         1.         ... 0.         0.         0.        ]
  [1.         1.         1.         ... 1.         1.         1.        ]]

 [[0.1        0.1        0.1        ... 0.1        0.1        0.1       ]
  [0.         0.2        0.         ... 0.1        0.1        0.1       ]
  [0.1        0.1        0.         ... 0.1        0.1        0.1       ]
  ...
  [0.1        0.1        0.1        ... 0.2        0.1        0.1       ]
  [0.1        0.1        0.1        ... 0.         0.         0.        ]
  [0.1        0.1        0.1        ... 0.1        0.1        0.1       ]]

 [[0.         0.8181818  0.54545456 ... 0.         0.         0.        ]
  [0.8181818  0.8181818  0.8181818  ... 0.         0.         0.        ]
  [0.54545456 0.8181818  0.8181818  ... 0.         0.         0.        ]
  ...
  [0.         0.         0.         ... 0.         0.         0.        ]
  [0.         0.         0.         ... 0.         0.         0.        ]
  [0.         0.         0.         ... 0.         0.         0.        ]]

 ...

 [[0.3        0.3        0.3        ... 0.3        0.3        0.3       ]
  [0.3        0.3        0.3        ... 0.3        0.3        0.3       ]
  [0.3        0.3        0.3        ... 0.3        0.3        0.3       ]
  ...
  [0.3        0.3        0.3        ... 0.3        0.3        0.3       ]
  [0.3        0.3        0.3        ... 0.3        0.3        0.3       ]
  [0.3        0.3        0.3        ... 0.3        0.3        0.3       ]]

 [[0.         0.         0.         ... 0.         0.         0.        ]
  [0.         0.         0.         ... 0.         0.         0.        ]
  [0.         0.         0.7        ... 0.         0.         0.        ]
  ...
  [0.         0.         0.         ... 0.         0.         0.        ]
  [0.         0.         0.         ... 0.         0.         0.        ]
  [0.         0.         0.         ... 0.         0.         0.        ]]

 [[0.         0.         0.         ... 0.         0.         0.        ]
  [0.         0.         0.         ... 0.         0.         0.        ]
  [0.         0.         0.6666667  ... 0.         0.         0.        ]
  ...
  [0.         0.         0.         ... 0.         0.         0.        ]
  [0.         0.         0.         ... 0.         0.         0.        ]
  [0.         0.         0.         ... 0.         0.         0.        ]]]

===== 回合 49 =====
当前行动棋子: ID=2, 玩家=2
[InputManager] 玩家2的输入方法为: 函数式输入
[InputManager] 开始处理玩家2的行动输入
[FunctionInput] Executing action handler for player 2
[FunctionInput] Action handler executed successfully
[InputManager] 玩家2的行动输入处理完成
envState:1
action: 移动: 是
  目标位置: (1, 2)
攻击: 是
  攻击详情:
    攻击者ID: 2
    目标ID: 3
    伤害值: 0
法术: 否
移动成功到 (1, 2)
[Attack] Auto hit - no roll needed.
[Attack] Dealing 30 damage to target.
对棋子3造成30点伤害

当前棋盘:
    0  1  2  3  4  5  6  7  8  9 10 11 12 13 14 15 16 17 18 19 

 0  1  1  1  1  1  1  1  1  1  1  1  1  1  1  1  1  1  1  1  1 
 1  1  1  1  1  1  1  1  1  1  1  1  1  1  1  1  1  1  1  1  1 
 2  1  2  3  1  1  1  1  1  1  1  1  1  1  1  1  1  1  1  1  1 
 3  1  4  0  1  1  1  1  1  1  1  1  1  1  1  1  1  1  1  1  1 
 4  1  1  1 ## ##  1  1  1  1  1  1  1  1  1  1  1  1  1  1  1 
 5  1  1  1  1 ##  1  1  1  1  1  1  1  1  1  1  1  1  1  1  1 
 6  1  1  1  1  1  1  1  1  1  1  1  1  1  1  1  1  1  1  1  1 
 7  1  1  1  1  1  1  1  1  1  1  1  1  1  1  1  1  1  1  1  1 
 8  1  1  1  1  1  1  1  1  1  1  1  1  1  1  1  1  1  1  1  1 
 9  1  1  1  1  1  1  1  1  1  1  1  1  1  1  1  1  1  1  1  1 
10  1  1  1  1  1  1  1  1  1  1  1  1  1  1  1  1  1  1  1  1 
11  1  1  1  1  1  1  1  1  1  1  1  1  1  1  1  1  1  1  1  1 
12  1  1  1  1  1  1  1  1  1  1  1  1  1  1  1  1  1  1  1  1 
13  1  1  1  1  1  1  1  1  1  1  1  1  1  1  1  1  1  1  1  1 
14  1  1  1  1  1  1  1  1  1  1  1  1  1  1  1 ##  1  1  1  1 
15  1  1  1  1  1  1  1  1  1  1  1  1  1  1  1 ## ##  1  1  1 
16  1  1  1  1  1  1  1  1  1  1  1  1  1  1  1  1 ## ## ##  1 
17  1  1  1  1  1  1  1  1  1  1  1  1  1  1  1  1 ## ## ##  1 
18  1  1  1  1  1  1  1  1  1  1  1  1  1  1  1  1 ##  1 ##  1 
19  1  1  1  1  1  1  1  1  1  1  1  1  1  1  1  1  1  1 ##  1 

[[[1.         1.         1.         ... 1.         1.         1.        ]
  [1.         1.         0.         ... 1.         1.         1.        ]
  [1.         1.         0.         ... 1.         1.         1.        ]
  ...
  [1.         1.         1.         ... 0.         1.         1.        ]
  [1.         1.         1.         ... 0.         0.         0.        ]
  [1.         1.         1.         ... 1.         1.         1.        ]]

 [[0.1        0.1        0.1        ... 0.1        0.1        0.1       ]
  [0.         0.2        0.         ... 0.1        0.1        0.1       ]
  [0.1        0.1        0.         ... 0.1        0.1        0.1       ]
  ...
  [0.1        0.1        0.1        ... 0.2        0.1        0.1       ]
  [0.1        0.1        0.1        ... 0.         0.         0.        ]
  [0.1        0.1        0.1        ... 0.1        0.1        0.1       ]]

 [[0.27272728 0.27272728 0.54545456 ... 0.         0.         0.        ]
  [0.27272728 0.54545456 0.54545456 ... 0.         0.         0.        ]
  [0.54545456 0.54545456 0.54545456 ... 0.         0.         0.        ]
  ...
  [0.         0.         0.         ... 0.         0.         0.        ]
  [0.         0.         0.         ... 0.         0.         0.        ]
  [0.         0.         0.         ... 0.         0.         0.        ]]

 ...

 [[0.3        0.3        0.3        ... 0.3        0.3        0.3       ]
  [0.3        0.3        0.3        ... 0.3        0.3        0.3       ]
  [0.3        0.3        0.3        ... 0.3        0.3        0.3       ]
  ...
  [0.3        0.3        0.3        ... 0.3        0.3        0.3       ]
  [0.3        0.3        0.3        ... 0.3        0.3        0.3       ]
  [0.3        0.3        0.3        ... 0.3        0.3        0.3       ]]

 [[0.         0.         0.         ... 0.         0.         0.        ]
  [0.         0.         0.7        ... 0.         0.         0.        ]
  [0.         0.         0.7        ... 0.         0.         0.        ]
  ...
  [0.         0.         0.         ... 0.         0.         0.        ]
  [0.         0.         0.         ... 0.         0.         0.        ]
  [0.         0.         0.         ... 0.         0.         0.        ]]

 [[0.         0.         0.         ... 0.         0.         0.        ]
  [0.         0.         0.         ... 0.         0.         0.        ]
  [0.         0.         0.6666667  ... 0.         0.         0.        ]
  ...
  [0.         0.         0.         ... 0.         0.         0.        ]
  [0.         0.         0.         ... 0.         0.         0.        ]
  [0.         0.         0.         ... 0.         0.         0.        ]]]

===== 回合 50 =====
当前行动棋子: ID=3, 玩家=1
[InputManager] 玩家1的输入方法为: 函数式输入
[InputManager] 开始处理玩家1的行动输入
[FunctionInput] Executing action handler for player 1
[FunctionInput] Action handler executed successfully
[InputManager] 玩家1的行动输入处理完成
envState:1
action: 移动: 是
  目标位置: (2, 2)
攻击: 是
  攻击详情:
    攻击者ID: 3
    目标ID: 0
    伤害值: 0
法术: 否
目标位置(2, 2)被占据
移动失败
[Attack] Auto hit - no roll needed.
[Attack] Dealing 30 damage to target.
对棋子0造成30点伤害

当前棋盘:
    0  1  2  3  4  5  6  7  8  9 10 11 12 13 14 15 16 17 18 19 

 0  1  1  1  1  1  1  1  1  1  1  1  1  1  1  1  1  1  1  1  1 
 1  1  1  1  1  1  1  1  1  1  1  1  1  1  1  1  1  1  1  1  1 
 2  1  2  3  1  1  1  1  1  1  1  1  1  1  1  1  1  1  1  1  1 
 3  1  4  0  1  1  1  1  1  1  1  1  1  1  1  1  1  1  1  1  1 
 4  1  1  1 ## ##  1  1  1  1  1  1  1  1  1  1  1  1  1  1  1 
 5  1  1  1  1 ##  1  1  1  1  1  1  1  1  1  1  1  1  1  1  1 
 6  1  1  1  1  1  1  1  1  1  1  1  1  1  1  1  1  1  1  1  1 
 7  1  1  1  1  1  1  1  1  1  1  1  1  1  1  1  1  1  1  1  1 
 8  1  1  1  1  1  1  1  1  1  1  1  1  1  1  1  1  1  1  1  1 
 9  1  1  1  1  1  1  1  1  1  1  1  1  1  1  1  1  1  1  1  1 
10  1  1  1  1  1  1  1  1  1  1  1  1  1  1  1  1  1  1  1  1 
11  1  1  1  1  1  1  1  1  1  1  1  1  1  1  1  1  1  1  1  1 
12  1  1  1  1  1  1  1  1  1  1  1  1  1  1  1  1  1  1  1  1 
13  1  1  1  1  1  1  1  1  1  1  1  1  1  1  1  1  1  1  1  1 
14  1  1  1  1  1  1  1  1  1  1  1  1  1  1  1 ##  1  1  1  1 
15  1  1  1  1  1  1  1  1  1  1  1  1  1  1  1 ## ##  1  1  1 
16  1  1  1  1  1  1  1  1  1  1  1  1  1  1  1  1 ## ## ##  1 
17  1  1  1  1  1  1  1  1  1  1  1  1  1  1  1  1 ## ## ##  1 
18  1  1  1  1  1  1  1  1  1  1  1  1  1  1  1  1 ##  1 ##  1 
19  1  1  1  1  1  1  1  1  1  1  1  1  1  1  1  1  1  1 ##  1 

[[[1.         1.         1.         ... 1.         1.         1.        ]
  [1.         1.         0.         ... 1.         1.         1.        ]
  [1.         1.         0.         ... 1.         1.         1.        ]
  ...
  [1.         1.         1.         ... 0.         1.         1.        ]
  [1.         1.         1.         ... 0.         0.         0.        ]
  [1.         1.         1.         ... 1.         1.         1.        ]]

 [[0.1        0.1        0.1        ... 0.1        0.1        0.1       ]
  [0.         0.2        0.         ... 0.1        0.1        0.1       ]
  [0.1        0.1        0.         ... 0.1        0.1        0.1       ]
  ...
  [0.1        0.1        0.1        ... 0.2        0.1        0.1       ]
  [0.1        0.1        0.1        ... 0.         0.         0.        ]
  [0.1        0.1        0.1        ... 0.1        0.1        0.1       ]]

 [[0.         0.8181818  0.54545456 ... 0.         0.         0.        ]
  [0.8181818  0.8181818  0.8181818  ... 0.         0.         0.        ]
  [0.54545456 0.8181818  0.8181818  ... 0.         0.         0.        ]
  ...
  [0.         0.         0.         ... 0.         0.         0.        ]
  [0.         0.         0.         ... 0.         0.         0.        ]
  [0.         0.         0.         ... 0.         0.         0.        ]]

 ...

 [[0.3        0.3        0.3        ... 0.3        0.3        0.3       ]
  [0.3        0.3        0.3        ... 0.3        0.3        0.3       ]
  [0.3        0.3        0.3        ... 0.3        0.3        0.3       ]
  ...
  [0.3        0.3        0.3        ... 0.3        0.3        0.3       ]
  [0.3        0.3        0.3        ... 0.3        0.3        0.3       ]
  [0.3        0.3        0.3        ... 0.3        0.3        0.3       ]]

 [[0.         0.         0.         ... 0.         0.         0.        ]
  [0.         0.         0.7        ... 0.         0.         0.        ]
  [0.         0.         0.7        ... 0.         0.         0.        ]
  ...
  [0.         0.         0.         ... 0.         0.         0.        ]
  [0.         0.         0.         ... 0.         0.         0.        ]
  [0.         0.         0.         ... 0.         0.         0.        ]]

 [[0.         0.         0.         ... 0.         0.         0.        ]
  [0.         0.         0.6666667  ... 0.         0.         0.        ]
  [0.         0.         0.33333334 ... 0.         0.         0.        ]
  ...
  [0.         0.         0.         ... 0.         0.         0.        ]
  [0.         0.         0.         ... 0.         0.         0.        ]
  [0.         0.         0.         ... 0.         0.         0.        ]]]

===== 回合 51 =====
当前行动棋子: ID=4, 玩家=1
[InputManager] 玩家1的输入方法为: 函数式输入
[InputManager] 开始处理玩家1的行动输入
[FunctionInput] Executing action handler for player 1
[FunctionInput] Action handler executed successfully
[InputManager] 玩家1的行动输入处理完成
envState:1
action: 移动: 是
  目标位置: (1, 3)
攻击: 是
  攻击详情:
    攻击者ID: 4
    目标ID: 0
    伤害值: 0
法术: 否
目标位置(1, 3)被占据
移动失败
[Attack] Auto hit - no roll needed.
[Attack] Dealing 30 damage to target.
对棋子0造成30点伤害

当前棋盘:
    0  1  2  3  4  5  6  7  8  9 10 11 12 13 14 15 16 17 18 19 

 0  1  1  1  1  1  1  1  1  1  1  1  1  1  1  1  1  1  1  1  1 
 1  1  1  1  1  1  1  1  1  1  1  1  1  1  1  1  1  1  1  1  1 
 2  1  2  3  1  1  1  1  1  1  1  1  1  1  1  1  1  1  1  1  1 
 3  1  4  0  1  1  1  1  1  1  1  1  1  1  1  1  1  1  1  1  1 
 4  1  1  1 ## ##  1  1  1  1  1  1  1  1  1  1  1  1  1  1  1 
 5  1  1  1  1 ##  1  1  1  1  1  1  1  1  1  1  1  1  1  1  1 
 6  1  1  1  1  1  1  1  1  1  1  1  1  1  1  1  1  1  1  1  1 
 7  1  1  1  1  1  1  1  1  1  1  1  1  1  1  1  1  1  1  1  1 
 8  1  1  1  1  1  1  1  1  1  1  1  1  1  1  1  1  1  1  1  1 
 9  1  1  1  1  1  1  1  1  1  1  1  1  1  1  1  1  1  1  1  1 
10  1  1  1  1  1  1  1  1  1  1  1  1  1  1  1  1  1  1  1  1 
11  1  1  1  1  1  1  1  1  1  1  1  1  1  1  1  1  1  1  1  1 
12  1  1  1  1  1  1  1  1  1  1  1  1  1  1  1  1  1  1  1  1 
13  1  1  1  1  1  1  1  1  1  1  1  1  1  1  1  1  1  1  1  1 
14  1  1  1  1  1  1  1  1  1  1  1  1  1  1  1 ##  1  1  1  1 
15  1  1  1  1  1  1  1  1  1  1  1  1  1  1  1 ## ##  1  1  1 
16  1  1  1  1  1  1  1  1  1  1  1  1  1  1  1  1 ## ## ##  1 
17  1  1  1  1  1  1  1  1  1  1  1  1  1  1  1  1 ## ## ##  1 
18  1  1  1  1  1  1  1  1  1  1  1  1  1  1  1  1 ##  1 ##  1 
19  1  1  1  1  1  1  1  1  1  1  1  1  1  1  1  1  1  1 ##  1 

[[[1.         1.         1.         ... 1.         1.         1.        ]
  [1.         1.         0.         ... 1.         1.         1.        ]
  [1.         1.         0.         ... 1.         1.         1.        ]
  ...
  [1.         1.         1.         ... 0.         1.         1.        ]
  [1.         1.         1.         ... 0.         0.         0.        ]
  [1.         1.         1.         ... 1.         1.         1.        ]]

 [[0.1        0.1        0.1        ... 0.1        0.1        0.1       ]
  [0.         0.2        0.         ... 0.1        0.1        0.1       ]
  [0.1        0.1        0.         ... 0.1        0.1        0.1       ]
  ...
  [0.1        0.1        0.1        ... 0.2        0.1        0.1       ]
  [0.1        0.1        0.1        ... 0.         0.         0.        ]
  [0.1        0.1        0.1        ... 0.1        0.1        0.1       ]]

 [[0.         0.8181818  0.54545456 ... 0.         0.         0.        ]
  [0.8181818  0.8181818  0.8181818  ... 0.         0.         0.        ]
  [0.54545456 0.8181818  0.8181818  ... 0.         0.         0.        ]
  ...
  [0.         0.         0.         ... 0.         0.         0.        ]
  [0.         0.         0.         ... 0.         0.         0.        ]
  [0.         0.         0.         ... 0.         0.         0.        ]]

 ...

 [[0.3        0.3        0.3        ... 0.3        0.3        0.3       ]
  [0.3        0.3        0.3        ... 0.3        0.3        0.3       ]
  [0.3        0.3        0.3        ... 0.3        0.3        0.3       ]
  ...
  [0.3        0.3        0.3        ... 0.3        0.3        0.3       ]
  [0.3        0.3        0.3        ... 0.3        0.3        0.3       ]
  [0.3        0.3        0.3        ... 0.3        0.3        0.3       ]]

 [[0.         0.         0.         ... 0.         0.         0.        ]
  [0.         0.         0.7        ... 0.         0.         0.        ]
  [0.         0.         0.7        ... 0.         0.         0.        ]
  ...
  [0.         0.         0.         ... 0.         0.         0.        ]
  [0.         0.         0.         ... 0.         0.         0.        ]
  [0.         0.         0.         ... 0.         0.         0.        ]]

 [[0.         0.         0.         ... 0.         0.         0.        ]
  [0.         0.         0.6666667  ... 0.         0.         0.        ]
  [0.         0.         0.6666667  ... 0.         0.         0.        ]
  ...
  [0.         0.         0.         ... 0.         0.         0.        ]
  [0.         0.         0.         ... 0.         0.         0.        ]
  [0.         0.         0.         ... 0.         0.         0.        ]]]

===== 回合 52 =====
当前行动棋子: ID=0, 玩家=2
[InputManager] 玩家2的输入方法为: 函数式输入
[InputManager] 开始处理玩家2的行动输入
[FunctionInput] Executing action handler for player 2
[FunctionInput] Action handler executed successfully
[InputManager] 玩家2的行动输入处理完成
envState:1
action: 移动: 是
  目标位置: (2, 1)
攻击: 是
  攻击详情:
    攻击者ID: 0
    目标ID: 3
    伤害值: 0
法术: 否
移动成功到 (2, 1)
[Attack] Auto hit - no roll needed.
[Attack] Dealing 30 damage to target.
对棋子3造成30点伤害

当前棋盘:
    0  1  2  3  4  5  6  7  8  9 10 11 12 13 14 15 16 17 18 19 

 0  1  1  1  1  1  1  1  1  1  1  1  1  1  1  1  1  1  1  1  1 
 1  1  1  0  1  1  1  1  1  1  1  1  1  1  1  1  1  1  1  1  1 
 2  1  2  3  1  1  1  1  1  1  1  1  1  1  1  1  1  1  1  1  1 
 3  1  4  1  1  1  1  1  1  1  1  1  1  1  1  1  1  1  1  1  1 
 4  1  1  1 ## ##  1  1  1  1  1  1  1  1  1  1  1  1  1  1  1 
 5  1  1  1  1 ##  1  1  1  1  1  1  1  1  1  1  1  1  1  1  1 
 6  1  1  1  1  1  1  1  1  1  1  1  1  1  1  1  1  1  1  1  1 
 7  1  1  1  1  1  1  1  1  1  1  1  1  1  1  1  1  1  1  1  1 
 8  1  1  1  1  1  1  1  1  1  1  1  1  1  1  1  1  1  1  1  1 
 9  1  1  1  1  1  1  1  1  1  1  1  1  1  1  1  1  1  1  1  1 
10  1  1  1  1  1  1  1  1  1  1  1  1  1  1  1  1  1  1  1  1 
11  1  1  1  1  1  1  1  1  1  1  1  1  1  1  1  1  1  1  1  1 
12  1  1  1  1  1  1  1  1  1  1  1  1  1  1  1  1  1  1  1  1 
13  1  1  1  1  1  1  1  1  1  1  1  1  1  1  1  1  1  1  1  1 
14  1  1  1  1  1  1  1  1  1  1  1  1  1  1  1 ##  1  1  1  1 
15  1  1  1  1  1  1  1  1  1  1  1  1  1  1  1 ## ##  1  1  1 
16  1  1  1  1  1  1  1  1  1  1  1  1  1  1  1  1 ## ## ##  1 
17  1  1  1  1  1  1  1  1  1  1  1  1  1  1  1  1 ## ## ##  1 
18  1  1  1  1  1  1  1  1  1  1  1  1  1  1  1  1 ##  1 ##  1 
19  1  1  1  1  1  1  1  1  1  1  1  1  1  1  1  1  1  1 ##  1 

[[[1.         1.         1.         ... 1.         1.         1.        ]
  [1.         1.         0.         ... 1.         1.         1.        ]
  [1.         0.         0.         ... 1.         1.         1.        ]
  ...
  [1.         1.         1.         ... 0.         1.         1.        ]
  [1.         1.         1.         ... 0.         0.         0.        ]
  [1.         1.         1.         ... 1.         1.         1.        ]]

 [[0.1        0.1        0.1        ... 0.1        0.1        0.1       ]
  [0.         0.2        0.         ... 0.1        0.1        0.1       ]
  [0.1        0.1        0.         ... 0.1        0.1        0.1       ]
  ...
  [0.1        0.1        0.1        ... 0.2        0.1        0.1       ]
  [0.1        0.1        0.1        ... 0.         0.         0.        ]
  [0.1        0.1        0.1        ... 0.1        0.1        0.1       ]]

 [[0.54545456 0.54545456 0.54545456 ... 0.         0.         0.        ]
  [0.54545456 0.54545456 0.54545456 ... 0.         0.         0.        ]
  [0.54545456 0.54545456 0.54545456 ... 0.         0.         0.        ]
  ...
  [0.         0.         0.         ... 0.         0.         0.        ]
  [0.         0.         0.         ... 0.         0.         0.        ]
  [0.         0.         0.         ... 0.         0.         0.        ]]

 ...

 [[0.3        0.3        0.3        ... 0.3        0.3        0.3       ]
  [0.3        0.3        0.3        ... 0.3        0.3        0.3       ]
  [0.3        0.3        0.3        ... 0.3        0.3        0.3       ]
  ...
  [0.3        0.3        0.3        ... 0.3        0.3        0.3       ]
  [0.3        0.3        0.3        ... 0.3        0.3        0.3       ]
  [0.3        0.3        0.3        ... 0.3        0.3        0.3       ]]

 [[0.         0.         0.         ... 0.         0.         0.        ]
  [0.         0.         0.7        ... 0.         0.         0.        ]
  [0.         0.7        0.7        ... 0.         0.         0.        ]
  ...
  [0.         0.         0.         ... 0.         0.         0.        ]
  [0.         0.         0.         ... 0.         0.         0.        ]
  [0.         0.         0.         ... 0.         0.         0.        ]]

 [[0.         0.         0.         ... 0.         0.         0.        ]
  [0.         0.         0.6666667  ... 0.         0.         0.        ]
  [0.         0.         0.6666667  ... 0.         0.         0.        ]
  ...
  [0.         0.         0.         ... 0.         0.         0.        ]
  [0.         0.         0.         ... 0.         0.         0.        ]
  [0.         0.         0.         ... 0.         0.         0.        ]]]

===== 回合 53 =====
当前行动棋子: ID=1, 玩家=1
[InputManager] 玩家1的输入方法为: 函数式输入
[InputManager] 开始处理玩家1的行动输入
[FunctionInput] Executing action handler for player 1
[FunctionInput] Action handler executed successfully
[InputManager] 玩家1的行动输入处理完成
envState:1
action: 移动: 是
  目标位置: (1, 1)
攻击: 是
  攻击详情:
    攻击者ID: 1
    目标ID: 0
    伤害值: 0
法术: 否
移动成功到 (1, 1)
[Attack] Auto hit - no roll needed.
[Attack] Dealing 30 damage to target.
对棋子0造成30点伤害

当前棋盘:
    0  1  2  3  4  5  6  7  8  9 10 11 12 13 14 15 16 17 18 19 

 0  1  1  1  1  1  1  1  1  1  1  1  1  1  1  1  1  1  1  1  1 
 1  1  1  0  1  1  1  1  1  1  1  1  1  1  1  1  1  1  1  1  1 
 2  1  2  3  1  1  1  1  1  1  1  1  1  1  1  1  1  1  1  1  1 
 3  1  4  1  1  1  1  1  1  1  1  1  1  1  1  1  1  1  1  1  1 
 4  1  1  1 ## ##  1  1  1  1  1  1  1  1  1  1  1  1  1  1  1 
 5  1  1  1  1 ##  1  1  1  1  1  1  1  1  1  1  1  1  1  1  1 
 6  1  1  1  1  1  1  1  1  1  1  1  1  1  1  1  1  1  1  1  1 
 7  1  1  1  1  1  1  1  1  1  1  1  1  1  1  1  1  1  1  1  1 
 8  1  1  1  1  1  1  1  1  1  1  1  1  1  1  1  1  1  1  1  1 
 9  1  1  1  1  1  1  1  1  1  1  1  1  1  1  1  1  1  1  1  1 
10  1  1  1  1  1  1  1  1  1  1  1  1  1  1  1  1  1  1  1  1 
11  1  1  1  1  1  1  1  1  1  1  1  1  1  1  1  1  1  1  1  1 
12  1  1  1  1  1  1  1  1  1  1  1  1  1  1  1  1  1  1  1  1 
13  1  1  1  1  1  1  1  1  1  1  1  1  1  1  1  1  1  1  1  1 
14  1  1  1  1  1  1  1  1  1  1  1  1  1  1  1 ##  1  1  1  1 
15  1  1  1  1  1  1  1  1  1  1  1  1  1  1  1 ## ##  1  1  1 
16  1  1  1  1  1  1  1  1  1  1  1  1  1  1  1  1 ## ## ##  1 
17  1  1  1  1  1  1  1  1  1  1  1  1  1  1  1  1 ## ## ##  1 
18  1  1  1  1  1  1  1  1  1  1  1  1  1  1  1  1 ##  1 ##  1 
19  1  1  1  1  1  1  1  1  1  1  1  1  1  1  1  1  1  1 ##  1 

[[[1.         1.         1.         ... 1.         1.         1.        ]
  [1.         0.         0.         ... 1.         1.         1.        ]
  [1.         0.         0.         ... 1.         1.         1.        ]
  ...
  [1.         1.         1.         ... 0.         1.         1.        ]
  [1.         1.         1.         ... 0.         0.         0.        ]
  [1.         1.         1.         ... 1.         1.         1.        ]]

 [[0.1        0.1        0.1        ... 0.1        0.1        0.1       ]
  [0.         0.2        0.         ... 0.1        0.1        0.1       ]
  [0.1        0.1        0.         ... 0.1        0.1        0.1       ]
  ...
  [0.1        0.1        0.1        ... 0.2        0.1        0.1       ]
  [0.1        0.1        0.1        ... 0.         0.         0.        ]
  [0.1        0.1        0.1        ... 0.1        0.1        0.1       ]]

 [[0.27272728 0.8181818  0.8181818  ... 0.         0.         0.        ]
  [0.8181818  0.8181818  0.8181818  ... 0.         0.         0.        ]
  [0.54545456 0.8181818  0.8181818  ... 0.         0.         0.        ]
  ...
  [0.         0.         0.         ... 0.         0.         0.        ]
  [0.         0.         0.         ... 0.         0.         0.        ]
  [0.         0.         0.         ... 0.         0.         0.        ]]

 ...

 [[0.3        0.3        0.3        ... 0.3        0.3        0.3       ]
  [0.3        0.3        0.3        ... 0.3        0.3        0.3       ]
  [0.3        0.3        0.3        ... 0.3        0.3        0.3       ]
  ...
  [0.3        0.3        0.3        ... 0.3        0.3        0.3       ]
  [0.3        0.3        0.3        ... 0.3        0.3        0.3       ]
  [0.3        0.3        0.3        ... 0.3        0.3        0.3       ]]

 [[0.         0.         0.         ... 0.         0.         0.        ]
  [0.         0.7        0.7        ... 0.         0.         0.        ]
  [0.         0.7        0.7        ... 0.         0.         0.        ]
  ...
  [0.         0.         0.         ... 0.         0.         0.        ]
  [0.         0.         0.         ... 0.         0.         0.        ]
  [0.         0.         0.         ... 0.         0.         0.        ]]

 [[0.         0.         0.         ... 0.         0.         0.        ]
  [0.         0.         0.6666667  ... 0.         0.         0.        ]
  [0.         0.6666667  0.6666667  ... 0.         0.         0.        ]
  ...
  [0.         0.         0.         ... 0.         0.         0.        ]
  [0.         0.         0.         ... 0.         0.         0.        ]
  [0.         0.         0.         ... 0.         0.         0.        ]]]

===== 回合 54 =====
当前行动棋子: ID=2, 玩家=2
[InputManager] 玩家2的输入方法为: 函数式输入
[InputManager] 开始处理玩家2的行动输入
[FunctionInput] Executing action handler for player 2
[FunctionInput] Action handler executed successfully
[InputManager] 玩家2的行动输入处理完成
envState:1
action: 移动: 是
  目标位置: (1, 2)
攻击: 是
  攻击详情:
    攻击者ID: 2
    目标ID: 3
    伤害值: 0
法术: 否
目标位置(1, 2)被占据
移动失败
[Attack] Auto hit - no roll needed.
[Attack] Dealing 30 damage to target.
对棋子3造成30点伤害

当前棋盘:
    0  1  2  3  4  5  6  7  8  9 10 11 12 13 14 15 16 17 18 19 

 0  1  1  1  1  1  1  1  1  1  1  1  1  1  1  1  1  1  1  1  1 
 1  1  1  0  1  1  1  1  1  1  1  1  1  1  1  1  1  1  1  1  1 
 2  1  2  3  1  1  1  1  1  1  1  1  1  1  1  1  1  1  1  1  1 
 3  1  4  1  1  1  1  1  1  1  1  1  1  1  1  1  1  1  1  1  1 
 4  1  1  1 ## ##  1  1  1  1  1  1  1  1  1  1  1  1  1  1  1 
 5  1  1  1  1 ##  1  1  1  1  1  1  1  1  1  1  1  1  1  1  1 
 6  1  1  1  1  1  1  1  1  1  1  1  1  1  1  1  1  1  1  1  1 
 7  1  1  1  1  1  1  1  1  1  1  1  1  1  1  1  1  1  1  1  1 
 8  1  1  1  1  1  1  1  1  1  1  1  1  1  1  1  1  1  1  1  1 
 9  1  1  1  1  1  1  1  1  1  1  1  1  1  1  1  1  1  1  1  1 
10  1  1  1  1  1  1  1  1  1  1  1  1  1  1  1  1  1  1  1  1 
11  1  1  1  1  1  1  1  1  1  1  1  1  1  1  1  1  1  1  1  1 
12  1  1  1  1  1  1  1  1  1  1  1  1  1  1  1  1  1  1  1  1 
13  1  1  1  1  1  1  1  1  1  1  1  1  1  1  1  1  1  1  1  1 
14  1  1  1  1  1  1  1  1  1  1  1  1  1  1  1 ##  1  1  1  1 
15  1  1  1  1  1  1  1  1  1  1  1  1  1  1  1 ## ##  1  1  1 
16  1  1  1  1  1  1  1  1  1  1  1  1  1  1  1  1 ## ## ##  1 
17  1  1  1  1  1  1  1  1  1  1  1  1  1  1  1  1 ## ## ##  1 
18  1  1  1  1  1  1  1  1  1  1  1  1  1  1  1  1 ##  1 ##  1 
19  1  1  1  1  1  1  1  1  1  1  1  1  1  1  1  1  1  1 ##  1 

[[[1.         1.         1.         ... 1.         1.         1.        ]
  [1.         0.         0.         ... 1.         1.         1.        ]
  [1.         0.         0.         ... 1.         1.         1.        ]
  ...
  [1.         1.         1.         ... 0.         1.         1.        ]
  [1.         1.         1.         ... 0.         0.         0.        ]
  [1.         1.         1.         ... 1.         1.         1.        ]]

 [[0.1        0.1        0.1        ... 0.1        0.1        0.1       ]
  [0.         0.2        0.         ... 0.1        0.1        0.1       ]
  [0.1        0.1        0.         ... 0.1        0.1        0.1       ]
  ...
  [0.1        0.1        0.1        ... 0.2        0.1        0.1       ]
  [0.1        0.1        0.1        ... 0.         0.         0.        ]
  [0.1        0.1        0.1        ... 0.1        0.1        0.1       ]]

 [[0.54545456 0.54545456 0.54545456 ... 0.         0.         0.        ]
  [0.54545456 0.54545456 0.54545456 ... 0.         0.         0.        ]
  [0.54545456 0.54545456 0.54545456 ... 0.         0.         0.        ]
  ...
  [0.         0.         0.         ... 0.         0.         0.        ]
  [0.         0.         0.         ... 0.         0.         0.        ]
  [0.         0.         0.         ... 0.         0.         0.        ]]

 ...

 [[0.3        0.3        0.3        ... 0.3        0.3        0.3       ]
  [0.3        0.3        0.3        ... 0.3        0.3        0.3       ]
  [0.3        0.3        0.3        ... 0.3        0.3        0.3       ]
  ...
  [0.3        0.3        0.3        ... 0.3        0.3        0.3       ]
  [0.3        0.3        0.3        ... 0.3        0.3        0.3       ]
  [0.3        0.3        0.3        ... 0.3        0.3        0.3       ]]

 [[0.         0.         0.         ... 0.         0.         0.        ]
  [0.         0.7        0.7        ... 0.         0.         0.        ]
  [0.         0.7        0.7        ... 0.         0.         0.        ]
  ...
  [0.         0.         0.         ... 0.         0.         0.        ]
  [0.         0.         0.         ... 0.         0.         0.        ]
  [0.         0.         0.         ... 0.         0.         0.        ]]

 [[0.         0.         0.         ... 0.         0.         0.        ]
  [0.         0.6666667  0.33333334 ... 0.         0.         0.        ]
  [0.         0.6666667  0.6666667  ... 0.         0.         0.        ]
  ...
  [0.         0.         0.         ... 0.         0.         0.        ]
  [0.         0.         0.         ... 0.         0.         0.        ]
  [0.         0.         0.         ... 0.         0.         0.        ]]]

===== 回合 55 =====
当前行动棋子: ID=3, 玩家=1
[InputManager] 玩家1的输入方法为: 函数式输入
[InputManager] 开始处理玩家1的行动输入
[FunctionInput] Executing action handler for player 1
[FunctionInput] Action handler executed successfully
[InputManager] 玩家1的行动输入处理完成
envState:1
action: 移动: 是
  目标位置: (2, 0)
攻击: 是
  攻击详情:
    攻击者ID: 3
    目标ID: 0
    伤害值: 0
法术: 否
移动成功到 (2, 0)
[Attack] Auto hit - no roll needed.
[Attack] Dealing 30 damage to target.
对棋子0造成30点伤害

当前棋盘:
    0  1  2  3  4  5  6  7  8  9 10 11 12 13 14 15 16 17 18 19 

 0  1  1  3  1  1  1  1  1  1  1  1  1  1  1  1  1  1  1  1  1 
 1  1  1  0  1  1  1  1  1  1  1  1  1  1  1  1  1  1  1  1  1 
 2  1  2  1  1  1  1  1  1  1  1  1  1  1  1  1  1  1  1  1  1 
 3  1  4  1  1  1  1  1  1  1  1  1  1  1  1  1  1  1  1  1  1 
 4  1  1  1 ## ##  1  1  1  1  1  1  1  1  1  1  1  1  1  1  1 
 5  1  1  1  1 ##  1  1  1  1  1  1  1  1  1  1  1  1  1  1  1 
 6  1  1  1  1  1  1  1  1  1  1  1  1  1  1  1  1  1  1  1  1 
 7  1  1  1  1  1  1  1  1  1  1  1  1  1  1  1  1  1  1  1  1 
 8  1  1  1  1  1  1  1  1  1  1  1  1  1  1  1  1  1  1  1  1 
 9  1  1  1  1  1  1  1  1  1  1  1  1  1  1  1  1  1  1  1  1 
10  1  1  1  1  1  1  1  1  1  1  1  1  1  1  1  1  1  1  1  1 
11  1  1  1  1  1  1  1  1  1  1  1  1  1  1  1  1  1  1  1  1 
12  1  1  1  1  1  1  1  1  1  1  1  1  1  1  1  1  1  1  1  1 
13  1  1  1  1  1  1  1  1  1  1  1  1  1  1  1  1  1  1  1  1 
14  1  1  1  1  1  1  1  1  1  1  1  1  1  1  1 ##  1  1  1  1 
15  1  1  1  1  1  1  1  1  1  1  1  1  1  1  1 ## ##  1  1  1 
16  1  1  1  1  1  1  1  1  1  1  1  1  1  1  1  1 ## ## ##  1 
17  1  1  1  1  1  1  1  1  1  1  1  1  1  1  1  1 ## ## ##  1 
18  1  1  1  1  1  1  1  1  1  1  1  1  1  1  1  1 ##  1 ##  1 
19  1  1  1  1  1  1  1  1  1  1  1  1  1  1  1  1  1  1 ##  1 

[[[1.         1.         1.         ... 1.         1.         1.        ]
  [1.         0.         0.         ... 1.         1.         1.        ]
  [0.         0.         1.         ... 1.         1.         1.        ]
  ...
  [1.         1.         1.         ... 0.         1.         1.        ]
  [1.         1.         1.         ... 0.         0.         0.        ]
  [1.         1.         1.         ... 1.         1.         1.        ]]

 [[0.1        0.1        0.1        ... 0.1        0.1        0.1       ]
  [0.         0.2        0.         ... 0.1        0.1        0.1       ]
  [0.1        0.1        0.         ... 0.1        0.1        0.1       ]
  ...
  [0.1        0.1        0.1        ... 0.2        0.1        0.1       ]
  [0.1        0.1        0.1        ... 0.         0.         0.        ]
  [0.1        0.1        0.1        ... 0.1        0.1        0.1       ]]

 [[0.54545456 0.8181818  0.54545456 ... 0.         0.         0.        ]
  [0.8181818  0.8181818  0.8181818  ... 0.         0.         0.        ]
  [0.54545456 0.8181818  0.8181818  ... 0.         0.         0.        ]
  ...
  [0.         0.         0.         ... 0.         0.         0.        ]
  [0.         0.         0.         ... 0.         0.         0.        ]
  [0.         0.         0.         ... 0.         0.         0.        ]]

 ...

 [[0.3        0.3        0.3        ... 0.3        0.3        0.3       ]
  [0.3        0.3        0.3        ... 0.3        0.3        0.3       ]
  [0.3        0.3        0.3        ... 0.3        0.3        0.3       ]
  ...
  [0.3        0.3        0.3        ... 0.3        0.3        0.3       ]
  [0.3        0.3        0.3        ... 0.3        0.3        0.3       ]
  [0.3        0.3        0.3        ... 0.3        0.3        0.3       ]]

 [[0.         0.         0.         ... 0.         0.         0.        ]
  [0.         0.7        0.7        ... 0.         0.         0.        ]
  [0.7        0.7        0.         ... 0.         0.         0.        ]
  ...
  [0.         0.         0.         ... 0.         0.         0.        ]
  [0.         0.         0.         ... 0.         0.         0.        ]
  [0.         0.         0.         ... 0.         0.         0.        ]]

 [[0.         0.         0.         ... 0.         0.         0.        ]
  [0.         0.6666667  0.6666667  ... 0.         0.         0.        ]
  [0.         0.6666667  0.         ... 0.         0.         0.        ]
  ...
  [0.         0.         0.         ... 0.         0.         0.        ]
  [0.         0.         0.         ... 0.         0.         0.        ]
  [0.         0.         0.         ... 0.         0.         0.        ]]]

===== 回合 56 =====
当前行动棋子: ID=4, 玩家=1
[InputManager] 玩家1的输入方法为: 函数式输入
[InputManager] 开始处理玩家1的行动输入
[FunctionInput] Executing action handler for player 1
[FunctionInput] Action handler executed successfully
[InputManager] 玩家1的行动输入处理完成
envState:1
action: 移动: 是
  目标位置: (0, 2)
攻击: 是
  攻击详情:
    攻击者ID: 4
    目标ID: 2
    伤害值: 0
法术: 否
移动成功到 (0, 2)
[Attack] Auto hit - no roll needed.
[Attack] Dealing 30 damage to target.
对棋子2造成30点伤害

当前棋盘:
    0  1  2  3  4  5  6  7  8  9 10 11 12 13 14 15 16 17 18 19 

 0  1  1  3  1  1  1  1  1  1  1  1  1  1  1  1  1  1  1  1  1 
 1  1  1  0  1  1  1  1  1  1  1  1  1  1  1  1  1  1  1  1  1 
 2  4  2  1  1  1  1  1  1  1  1  1  1  1  1  1  1  1  1  1  1 
 3  1  1  1  1  1  1  1  1  1  1  1  1  1  1  1  1  1  1  1  1 
 4  1  1  1 ## ##  1  1  1  1  1  1  1  1  1  1  1  1  1  1  1 
 5  1  1  1  1 ##  1  1  1  1  1  1  1  1  1  1  1  1  1  1  1 
 6  1  1  1  1  1  1  1  1  1  1  1  1  1  1  1  1  1  1  1  1 
 7  1  1  1  1  1  1  1  1  1  1  1  1  1  1  1  1  1  1  1  1 
 8  1  1  1  1  1  1  1  1  1  1  1  1  1  1  1  1  1  1  1  1 
 9  1  1  1  1  1  1  1  1  1  1  1  1  1  1  1  1  1  1  1  1 
10  1  1  1  1  1  1  1  1  1  1  1  1  1  1  1  1  1  1  1  1 
11  1  1  1  1  1  1  1  1  1  1  1  1  1  1  1  1  1  1  1  1 
12  1  1  1  1  1  1  1  1  1  1  1  1  1  1  1  1  1  1  1  1 
13  1  1  1  1  1  1  1  1  1  1  1  1  1  1  1  1  1  1  1  1 
14  1  1  1  1  1  1  1  1  1  1  1  1  1  1  1 ##  1  1  1  1 
15  1  1  1  1  1  1  1  1  1  1  1  1  1  1  1 ## ##  1  1  1 
16  1  1  1  1  1  1  1  1  1  1  1  1  1  1  1  1 ## ## ##  1 
17  1  1  1  1  1  1  1  1  1  1  1  1  1  1  1  1 ## ## ##  1 
18  1  1  1  1  1  1  1  1  1  1  1  1  1  1  1  1 ##  1 ##  1 
19  1  1  1  1  1  1  1  1  1  1  1  1  1  1  1  1  1  1 ##  1 

[[[1.         1.         0.         ... 1.         1.         1.        ]
  [1.         0.         0.         ... 1.         1.         1.        ]
  [0.         0.         1.         ... 1.         1.         1.        ]
  ...
  [1.         1.         1.         ... 0.         1.         1.        ]
  [1.         1.         1.         ... 0.         0.         0.        ]
  [1.         1.         1.         ... 1.         1.         1.        ]]

 [[0.1        0.1        0.1        ... 0.1        0.1        0.1       ]
  [0.         0.2        0.         ... 0.1        0.1        0.1       ]
  [0.1        0.1        0.         ... 0.1        0.1        0.1       ]
  ...
  [0.1        0.1        0.1        ... 0.2        0.1        0.1       ]
  [0.1        0.1        0.1        ... 0.         0.         0.        ]
  [0.1        0.1        0.1        ... 0.1        0.1        0.1       ]]

 [[0.8181818  0.8181818  0.54545456 ... 0.         0.         0.        ]
  [0.8181818  0.8181818  0.8181818  ... 0.         0.         0.        ]
  [0.54545456 0.8181818  0.8181818  ... 0.         0.         0.        ]
  ...
  [0.         0.         0.         ... 0.         0.         0.        ]
  [0.         0.         0.         ... 0.         0.         0.        ]
  [0.         0.         0.         ... 0.         0.         0.        ]]

 ...

 [[0.3        0.3        0.3        ... 0.3        0.3        0.3       ]
  [0.3        0.3        0.3        ... 0.3        0.3        0.3       ]
  [0.3        0.3        0.3        ... 0.3        0.3        0.3       ]
  ...
  [0.3        0.3        0.3        ... 0.3        0.3        0.3       ]
  [0.3        0.3        0.3        ... 0.3        0.3        0.3       ]
  [0.3        0.3        0.3        ... 0.3        0.3        0.3       ]]

 [[0.         0.         0.7        ... 0.         0.         0.        ]
  [0.         0.7        0.7        ... 0.         0.         0.        ]
  [0.7        0.7        0.         ... 0.         0.         0.        ]
  ...
  [0.         0.         0.         ... 0.         0.         0.        ]
  [0.         0.         0.         ... 0.         0.         0.        ]
  [0.         0.         0.         ... 0.         0.         0.        ]]

 [[0.         0.         0.         ... 0.         0.         0.        ]
  [0.         0.6666667  0.6666667  ... 0.         0.         0.        ]
  [0.6666667  0.6666667  0.         ... 0.         0.         0.        ]
  ...
  [0.         0.         0.         ... 0.         0.         0.        ]
  [0.         0.         0.         ... 0.         0.         0.        ]
  [0.         0.         0.         ... 0.         0.         0.        ]]]

===== 回合 57 =====
当前行动棋子: ID=0, 玩家=2
[InputManager] 玩家2的输入方法为: 函数式输入
[InputManager] 开始处理玩家2的行动输入
[FunctionInput] Executing action handler for player 2
[FunctionInput] Action handler executed successfully
[InputManager] 玩家2的行动输入处理完成
envState:1
action: 移动: 是
  目标位置: (2, 1)
攻击: 是
  攻击详情:
    攻击者ID: 0
    目标ID: 1
    伤害值: 0
法术: 否
目标位置(2, 1)被占据
移动失败
[Attack] Auto hit - no roll needed.
[Attack] Dealing 30 damage to target.
[DeathCheck] Roll: 14
对棋子1造成30点伤害

当前棋盘:
    0  1  2  3  4  5  6  7  8  9 10 11 12 13 14 15 16 17 18 19 

 0  1  1  3  1  1  1  1  1  1  1  1  1  1  1  1  1  1  1  1  1 
 1  1  1  0  1  1  1  1  1  1  1  1  1  1  1  1  1  1  1  1  1 
 2  4  2  1  1  1  1  1  1  1  1  1  1  1  1  1  1  1  1  1  1 
 3  1  1  1  1  1  1  1  1  1  1  1  1  1  1  1  1  1  1  1  1 
 4  1  1  1 ## ##  1  1  1  1  1  1  1  1  1  1  1  1  1  1  1 
 5  1  1  1  1 ##  1  1  1  1  1  1  1  1  1  1  1  1  1  1  1 
 6  1  1  1  1  1  1  1  1  1  1  1  1  1  1  1  1  1  1  1  1 
 7  1  1  1  1  1  1  1  1  1  1  1  1  1  1  1  1  1  1  1  1 
 8  1  1  1  1  1  1  1  1  1  1  1  1  1  1  1  1  1  1  1  1 
 9  1  1  1  1  1  1  1  1  1  1  1  1  1  1  1  1  1  1  1  1 
10  1  1  1  1  1  1  1  1  1  1  1  1  1  1  1  1  1  1  1  1 
11  1  1  1  1  1  1  1  1  1  1  1  1  1  1  1  1  1  1  1  1 
12  1  1  1  1  1  1  1  1  1  1  1  1  1  1  1  1  1  1  1  1 
13  1  1  1  1  1  1  1  1  1  1  1  1  1  1  1  1  1  1  1  1 
14  1  1  1  1  1  1  1  1  1  1  1  1  1  1  1 ##  1  1  1  1 
15  1  1  1  1  1  1  1  1  1  1  1  1  1  1  1 ## ##  1  1  1 
16  1  1  1  1  1  1  1  1  1  1  1  1  1  1  1  1 ## ## ##  1 
17  1  1  1  1  1  1  1  1  1  1  1  1  1  1  1  1 ## ## ##  1 
18  1  1  1  1  1  1  1  1  1  1  1  1  1  1  1  1 ##  1 ##  1 
19  1  1  1  1  1  1  1  1  1  1  1  1  1  1  1  1  1  1 ##  1 

[[[1.         1.         0.         ... 1.         1.         1.        ]
  [1.         1.         0.         ... 1.         1.         1.        ]
  [0.         0.         1.         ... 1.         1.         1.        ]
  ...
  [1.         1.         1.         ... 0.         1.         1.        ]
  [1.         1.         1.         ... 0.         0.         0.        ]
  [1.         1.         1.         ... 1.         1.         1.        ]]

 [[0.1        0.1        0.1        ... 0.1        0.1        0.1       ]
  [0.         0.2        0.         ... 0.1        0.1        0.1       ]
  [0.1        0.1        0.         ... 0.1        0.1        0.1       ]
  ...
  [0.1        0.1        0.1        ... 0.2        0.1        0.1       ]
  [0.1        0.1        0.1        ... 0.         0.         0.        ]
  [0.1        0.1        0.1        ... 0.1        0.1        0.1       ]]

 [[0.54545456 0.54545456 0.54545456 ... 0.         0.         0.        ]
  [0.54545456 0.54545456 0.54545456 ... 0.         0.         0.        ]
  [0.54545456 0.54545456 0.54545456 ... 0.         0.         0.        ]
  ...
  [0.         0.         0.         ... 0.         0.         0.        ]
  [0.         0.         0.         ... 0.         0.         0.        ]
  [0.         0.         0.         ... 0.         0.         0.        ]]

 ...

 [[0.3        0.3        0.3        ... 0.3        0.3        0.3       ]
  [0.3        0.3        0.3        ... 0.3        0.3        0.3       ]
  [0.3        0.3        0.3        ... 0.3        0.3        0.3       ]
  ...
  [0.3        0.3        0.3        ... 0.3        0.3        0.3       ]
  [0.3        0.3        0.3        ... 0.3        0.3        0.3       ]
  [0.3        0.3        0.3        ... 0.3        0.3        0.3       ]]

 [[0.         0.         0.7        ... 0.         0.         0.        ]
  [0.         0.         0.7        ... 0.         0.         0.        ]
  [0.7        0.7        0.         ... 0.         0.         0.        ]
  ...
  [0.         0.         0.         ... 0.         0.         0.        ]
  [0.         0.         0.         ... 0.         0.         0.        ]
  [0.         0.         0.         ... 0.         0.         0.        ]]

 [[0.         0.         0.6666667  ... 0.         0.         0.        ]
  [0.         0.         0.6666667  ... 0.         0.         0.        ]
  [0.6666667  0.33333334 0.         ... 0.         0.         0.        ]
  ...
  [0.         0.         0.         ... 0.         0.         0.        ]
  [0.         0.         0.         ... 0.         0.         0.        ]
  [0.         0.         0.         ... 0.         0.         0.        ]]]

===== 回合 58 =====
当前行动棋子: ID=2, 玩家=2
[InputManager] 玩家2的输入方法为: 函数式输入
[InputManager] 开始处理玩家2的行动输入
[FunctionInput] Executing action handler for player 2
[FunctionInput] Action handler executed successfully
[InputManager] 玩家2的行动输入处理完成
envState:1
action: 移动: 是
  目标位置: (0, 1)
攻击: 是
  攻击详情:
    攻击者ID: 2
    目标ID: 4
    伤害值: 0
法术: 否
移动成功到 (0, 1)
[Attack] Auto hit - no roll needed.
[Attack] Dealing 30 damage to target.
对棋子4造成30点伤害

当前棋盘:
    0  1  2  3  4  5  6  7  8  9 10 11 12 13 14 15 16 17 18 19 

 0  1  1  3  1  1  1  1  1  1  1  1  1  1  1  1  1  1  1  1  1 
 1  2  1  0  1  1  1  1  1  1  1  1  1  1  1  1  1  1  1  1  1 
 2  4  1  1  1  1  1  1  1  1  1  1  1  1  1  1  1  1  1  1  1 
 3  1  1  1  1  1  1  1  1  1  1  1  1  1  1  1  1  1  1  1  1 
 4  1  1  1 ## ##  1  1  1  1  1  1  1  1  1  1  1  1  1  1  1 
 5  1  1  1  1 ##  1  1  1  1  1  1  1  1  1  1  1  1  1  1  1 
 6  1  1  1  1  1  1  1  1  1  1  1  1  1  1  1  1  1  1  1  1 
 7  1  1  1  1  1  1  1  1  1  1  1  1  1  1  1  1  1  1  1  1 
 8  1  1  1  1  1  1  1  1  1  1  1  1  1  1  1  1  1  1  1  1 
 9  1  1  1  1  1  1  1  1  1  1  1  1  1  1  1  1  1  1  1  1 
10  1  1  1  1  1  1  1  1  1  1  1  1  1  1  1  1  1  1  1  1 
11  1  1  1  1  1  1  1  1  1  1  1  1  1  1  1  1  1  1  1  1 
12  1  1  1  1  1  1  1  1  1  1  1  1  1  1  1  1  1  1  1  1 
13  1  1  1  1  1  1  1  1  1  1  1  1  1  1  1  1  1  1  1  1 
14  1  1  1  1  1  1  1  1  1  1  1  1  1  1  1 ##  1  1  1  1 
15  1  1  1  1  1  1  1  1  1  1  1  1  1  1  1 ## ##  1  1  1 
16  1  1  1  1  1  1  1  1  1  1  1  1  1  1  1  1 ## ## ##  1 
17  1  1  1  1  1  1  1  1  1  1  1  1  1  1  1  1 ## ## ##  1 
18  1  1  1  1  1  1  1  1  1  1  1  1  1  1  1  1 ##  1 ##  1 
19  1  1  1  1  1  1  1  1  1  1  1  1  1  1  1  1  1  1 ##  1 

[[[1.         0.         0.         ... 1.         1.         1.        ]
  [1.         1.         1.         ... 1.         1.         1.        ]
  [0.         0.         1.         ... 1.         1.         1.        ]
  ...
  [1.         1.         1.         ... 0.         1.         1.        ]
  [1.         1.         1.         ... 0.         0.         0.        ]
  [1.         1.         1.         ... 1.         1.         1.        ]]

 [[0.1        0.1        0.1        ... 0.1        0.1        0.1       ]
  [0.         0.2        0.         ... 0.1        0.1        0.1       ]
  [0.1        0.1        0.         ... 0.1        0.1        0.1       ]
  ...
  [0.1        0.1        0.1        ... 0.2        0.1        0.1       ]
  [0.1        0.1        0.1        ... 0.         0.         0.        ]
  [0.1        0.1        0.1        ... 0.1        0.1        0.1       ]]

 [[0.54545456 0.54545456 0.54545456 ... 0.         0.         0.        ]
  [0.54545456 0.54545456 0.54545456 ... 0.         0.         0.        ]
  [0.54545456 0.54545456 0.54545456 ... 0.         0.         0.        ]
  ...
  [0.         0.         0.         ... 0.         0.         0.        ]
  [0.         0.         0.         ... 0.         0.         0.        ]
  [0.         0.         0.         ... 0.         0.         0.        ]]

 ...

 [[0.3        0.3        0.3        ... 0.3        0.3        0.3       ]
  [0.3        0.3        0.3        ... 0.3        0.3        0.3       ]
  [0.3        0.3        0.3        ... 0.3        0.3        0.3       ]
  ...
  [0.3        0.3        0.3        ... 0.3        0.3        0.3       ]
  [0.3        0.3        0.3        ... 0.3        0.3        0.3       ]
  [0.3        0.3        0.3        ... 0.3        0.3        0.3       ]]

 [[0.         0.7        0.7        ... 0.         0.         0.        ]
  [0.         0.         0.         ... 0.         0.         0.        ]
  [0.7        0.7        0.         ... 0.         0.         0.        ]
  ...
  [0.         0.         0.         ... 0.         0.         0.        ]
  [0.         0.         0.         ... 0.         0.         0.        ]
  [0.         0.         0.         ... 0.         0.         0.        ]]

 [[0.         0.         0.6666667  ... 0.         0.         0.        ]
  [0.         0.         0.         ... 0.         0.         0.        ]
  [0.6666667  0.6666667  0.         ... 0.         0.         0.        ]
  ...
  [0.         0.         0.         ... 0.         0.         0.        ]
  [0.         0.         0.         ... 0.         0.         0.        ]
  [0.         0.         0.         ... 0.         0.         0.        ]]]

===== 回合 59 =====
当前行动棋子: ID=3, 玩家=1
[InputManager] 玩家1的输入方法为: 函数式输入
[InputManager] 开始处理玩家1的行动输入
[FunctionInput] Executing action handler for player 1
[FunctionInput] Action handler executed successfully
[InputManager] 玩家1的行动输入处理完成
envState:1
action: 移动: 是
  目标位置: (1, 1)
攻击: 是
  攻击详情:
    攻击者ID: 3
    目标ID: 0
    伤害值: 0
法术: 否
移动成功到 (1, 1)
[Attack] Auto hit - no roll needed.
[Attack] Dealing 30 damage to target.
对棋子0造成30点伤害

当前棋盘:
    0  1  2  3  4  5  6  7  8  9 10 11 12 13 14 15 16 17 18 19 

 0  1  1  1  1  1  1  1  1  1  1  1  1  1  1  1  1  1  1  1  1 
 1  2  3  0  1  1  1  1  1  1  1  1  1  1  1  1  1  1  1  1  1 
 2  4  1  1  1  1  1  1  1  1  1  1  1  1  1  1  1  1  1  1  1 
 3  1  1  1  1  1  1  1  1  1  1  1  1  1  1  1  1  1  1  1  1 
 4  1  1  1 ## ##  1  1  1  1  1  1  1  1  1  1  1  1  1  1  1 
 5  1  1  1  1 ##  1  1  1  1  1  1  1  1  1  1  1  1  1  1  1 
 6  1  1  1  1  1  1  1  1  1  1  1  1  1  1  1  1  1  1  1  1 
 7  1  1  1  1  1  1  1  1  1  1  1  1  1  1  1  1  1  1  1  1 
 8  1  1  1  1  1  1  1  1  1  1  1  1  1  1  1  1  1  1  1  1 
 9  1  1  1  1  1  1  1  1  1  1  1  1  1  1  1  1  1  1  1  1 
10  1  1  1  1  1  1  1  1  1  1  1  1  1  1  1  1  1  1  1  1 
11  1  1  1  1  1  1  1  1  1  1  1  1  1  1  1  1  1  1  1  1 
12  1  1  1  1  1  1  1  1  1  1  1  1  1  1  1  1  1  1  1  1 
13  1  1  1  1  1  1  1  1  1  1  1  1  1  1  1  1  1  1  1  1 
14  1  1  1  1  1  1  1  1  1  1  1  1  1  1  1 ##  1  1  1  1 
15  1  1  1  1  1  1  1  1  1  1  1  1  1  1  1 ## ##  1  1  1 
16  1  1  1  1  1  1  1  1  1  1  1  1  1  1  1  1 ## ## ##  1 
17  1  1  1  1  1  1  1  1  1  1  1  1  1  1  1  1 ## ## ##  1 
18  1  1  1  1  1  1  1  1  1  1  1  1  1  1  1  1 ##  1 ##  1 
19  1  1  1  1  1  1  1  1  1  1  1  1  1  1  1  1  1  1 ##  1 

[[[1.         0.         0.         ... 1.         1.         1.        ]
  [1.         0.         1.         ... 1.         1.         1.        ]
  [1.         0.         1.         ... 1.         1.         1.        ]
  ...
  [1.         1.         1.         ... 0.         1.         1.        ]
  [1.         1.         1.         ... 0.         0.         0.        ]
  [1.         1.         1.         ... 1.         1.         1.        ]]

 [[0.1        0.1        0.1        ... 0.1        0.1        0.1       ]
  [0.         0.2        0.         ... 0.1        0.1        0.1       ]
  [0.1        0.1        0.         ... 0.1        0.1        0.1       ]
  ...
  [0.1        0.1        0.1        ... 0.2        0.1        0.1       ]
  [0.1        0.1        0.1        ... 0.         0.         0.        ]
  [0.1        0.1        0.1        ... 0.1        0.1        0.1       ]]

 [[0.54545456 0.54545456 0.54545456 ... 0.         0.         0.        ]
  [0.54545456 0.54545456 0.54545456 ... 0.         0.         0.        ]
  [0.27272728 0.54545456 0.54545456 ... 0.         0.         0.        ]
  ...
  [0.         0.         0.         ... 0.         0.         0.        ]
  [0.         0.         0.         ... 0.         0.         0.        ]
  [0.         0.         0.         ... 0.         0.         0.        ]]

 ...

 [[0.3        0.3        0.3        ... 0.3        0.3        0.3       ]
  [0.3        0.3        0.3        ... 0.3        0.3        0.3       ]
  [0.3        0.3        0.3        ... 0.3        0.3        0.3       ]
  ...
  [0.3        0.3        0.3        ... 0.3        0.3        0.3       ]
  [0.3        0.3        0.3        ... 0.3        0.3        0.3       ]
  [0.3        0.3        0.3        ... 0.3        0.3        0.3       ]]

 [[0.         0.7        0.7        ... 0.         0.         0.        ]
  [0.         0.7        0.         ... 0.         0.         0.        ]
  [0.         0.7        0.         ... 0.         0.         0.        ]
  ...
  [0.         0.         0.         ... 0.         0.         0.        ]
  [0.         0.         0.         ... 0.         0.         0.        ]
  [0.         0.         0.         ... 0.         0.         0.        ]]

 [[0.         0.6666667  0.6666667  ... 0.         0.         0.        ]
  [0.         0.         0.         ... 0.         0.         0.        ]
  [0.         0.6666667  0.         ... 0.         0.         0.        ]
  ...
  [0.         0.         0.         ... 0.         0.         0.        ]
  [0.         0.         0.         ... 0.         0.         0.        ]
  [0.         0.         0.         ... 0.         0.         0.        ]]]

===== 回合 60 =====
当前行动棋子: ID=4, 玩家=1
[InputManager] 玩家1的输入方法为: 函数式输入
[InputManager] 开始处理玩家1的行动输入
[FunctionInput] Executing action handler for player 1
[FunctionInput] Action handler executed successfully
[InputManager] 玩家1的行动输入处理完成
envState:1
action: 移动: 是
  目标位置: (0, 0)
攻击: 是
  攻击详情:
    攻击者ID: 4
    目标ID: 2
    伤害值: 0
法术: 否
移动成功到 (0, 0)
[Attack] Auto hit - no roll needed.
[Attack] Dealing 30 damage to target.
对棋子2造成30点伤害

当前棋盘:
    0  1  2  3  4  5  6  7  8  9 10 11 12 13 14 15 16 17 18 19 

 0  4  1  1  1  1  1  1  1  1  1  1  1  1  1  1  1  1  1  1  1 
 1  2  3  0  1  1  1  1  1  1  1  1  1  1  1  1  1  1  1  1  1 
 2  1  1  1  1  1  1  1  1  1  1  1  1  1  1  1  1  1  1  1  1 
 3  1  1  1  1  1  1  1  1  1  1  1  1  1  1  1  1  1  1  1  1 
 4  1  1  1 ## ##  1  1  1  1  1  1  1  1  1  1  1  1  1  1  1 
 5  1  1  1  1 ##  1  1  1  1  1  1  1  1  1  1  1  1  1  1  1 
 6  1  1  1  1  1  1  1  1  1  1  1  1  1  1  1  1  1  1  1  1 
 7  1  1  1  1  1  1  1  1  1  1  1  1  1  1  1  1  1  1  1  1 
 8  1  1  1  1  1  1  1  1  1  1  1  1  1  1  1  1  1  1  1  1 
 9  1  1  1  1  1  1  1  1  1  1  1  1  1  1  1  1  1  1  1  1 
10  1  1  1  1  1  1  1  1  1  1  1  1  1  1  1  1  1  1  1  1 
11  1  1  1  1  1  1  1  1  1  1  1  1  1  1  1  1  1  1  1  1 
12  1  1  1  1  1  1  1  1  1  1  1  1  1  1  1  1  1  1  1  1 
13  1  1  1  1  1  1  1  1  1  1  1  1  1  1  1  1  1  1  1  1 
14  1  1  1  1  1  1  1  1  1  1  1  1  1  1  1 ##  1  1  1  1 
15  1  1  1  1  1  1  1  1  1  1  1  1  1  1  1 ## ##  1  1  1 
16  1  1  1  1  1  1  1  1  1  1  1  1  1  1  1  1 ## ## ##  1 
17  1  1  1  1  1  1  1  1  1  1  1  1  1  1  1  1 ## ## ##  1 
18  1  1  1  1  1  1  1  1  1  1  1  1  1  1  1  1 ##  1 ##  1 
19  1  1  1  1  1  1  1  1  1  1  1  1  1  1  1  1  1  1 ##  1 

[[[0.         0.         1.         ... 1.         1.         1.        ]
  [1.         0.         1.         ... 1.         1.         1.        ]
  [1.         0.         1.         ... 1.         1.         1.        ]
  ...
  [1.         1.         1.         ... 0.         1.         1.        ]
  [1.         1.         1.         ... 0.         0.         0.        ]
  [1.         1.         1.         ... 1.         1.         1.        ]]

 [[0.1        0.1        0.1        ... 0.1        0.1        0.1       ]
  [0.         0.2        0.         ... 0.1        0.1        0.1       ]
  [0.1        0.1        0.         ... 0.1        0.1        0.1       ]
  ...
  [0.1        0.1        0.1        ... 0.2        0.1        0.1       ]
  [0.1        0.1        0.1        ... 0.         0.         0.        ]
  [0.1        0.1        0.1        ... 0.1        0.1        0.1       ]]

 [[0.54545456 0.54545456 0.54545456 ... 0.         0.         0.        ]
  [0.54545456 0.54545456 0.54545456 ... 0.         0.         0.        ]
  [0.54545456 0.54545456 0.27272728 ... 0.         0.         0.        ]
  ...
  [0.         0.         0.         ... 0.         0.         0.        ]
  [0.         0.         0.         ... 0.         0.         0.        ]
  [0.         0.         0.         ... 0.         0.         0.        ]]

 ...

 [[0.3        0.3        0.3        ... 0.3        0.3        0.3       ]
  [0.3        0.3        0.3        ... 0.3        0.3        0.3       ]
  [0.3        0.3        0.3        ... 0.3        0.3        0.3       ]
  ...
  [0.3        0.3        0.3        ... 0.3        0.3        0.3       ]
  [0.3        0.3        0.3        ... 0.3        0.3        0.3       ]
  [0.3        0.3        0.3        ... 0.3        0.3        0.3       ]]

 [[0.7        0.7        0.         ... 0.         0.         0.        ]
  [0.         0.7        0.         ... 0.         0.         0.        ]
  [0.         0.7        0.         ... 0.         0.         0.        ]
  ...
  [0.         0.         0.         ... 0.         0.         0.        ]
  [0.         0.         0.         ... 0.         0.         0.        ]
  [0.         0.         0.         ... 0.         0.         0.        ]]

 [[0.         0.6666667  0.         ... 0.         0.         0.        ]
  [0.         0.6666667  0.         ... 0.         0.         0.        ]
  [0.         0.6666667  0.         ... 0.         0.         0.        ]
  ...
  [0.         0.         0.         ... 0.         0.         0.        ]
  [0.         0.         0.         ... 0.         0.         0.        ]
  [0.         0.         0.         ... 0.         0.         0.        ]]]

===== 回合 61 =====
当前行动棋子: ID=0, 玩家=2
[InputManager] 玩家2的输入方法为: 函数式输入
[InputManager] 开始处理玩家2的行动输入
[FunctionInput] Executing action handler for player 2
[FunctionInput] Action handler executed successfully
[InputManager] 玩家2的行动输入处理完成
envState:1
action: 移动: 是
  目标位置: (1, 0)
攻击: 是
  攻击详情:
    攻击者ID: 0
    目标ID: 3
    伤害值: 0
法术: 否
移动成功到 (1, 0)
[Attack] Auto hit - no roll needed.
[Attack] Dealing 30 damage to target.
对棋子3造成30点伤害

当前棋盘:
    0  1  2  3  4  5  6  7  8  9 10 11 12 13 14 15 16 17 18 19 

 0  4  0  1  1  1  1  1  1  1  1  1  1  1  1  1  1  1  1  1  1 
 1  2  3  1  1  1  1  1  1  1  1  1  1  1  1  1  1  1  1  1  1 
 2  1  1  1  1  1  1  1  1  1  1  1  1  1  1  1  1  1  1  1  1 
 3  1  1  1  1  1  1  1  1  1  1  1  1  1  1  1  1  1  1  1  1 
 4  1  1  1 ## ##  1  1  1  1  1  1  1  1  1  1  1  1  1  1  1 
 5  1  1  1  1 ##  1  1  1  1  1  1  1  1  1  1  1  1  1  1  1 
 6  1  1  1  1  1  1  1  1  1  1  1  1  1  1  1  1  1  1  1  1 
 7  1  1  1  1  1  1  1  1  1  1  1  1  1  1  1  1  1  1  1  1 
 8  1  1  1  1  1  1  1  1  1  1  1  1  1  1  1  1  1  1  1  1 
 9  1  1  1  1  1  1  1  1  1  1  1  1  1  1  1  1  1  1  1  1 
10  1  1  1  1  1  1  1  1  1  1  1  1  1  1  1  1  1  1  1  1 
11  1  1  1  1  1  1  1  1  1  1  1  1  1  1  1  1  1  1  1  1 
12  1  1  1  1  1  1  1  1  1  1  1  1  1  1  1  1  1  1  1  1 
13  1  1  1  1  1  1  1  1  1  1  1  1  1  1  1  1  1  1  1  1 
14  1  1  1  1  1  1  1  1  1  1  1  1  1  1  1 ##  1  1  1  1 
15  1  1  1  1  1  1  1  1  1  1  1  1  1  1  1 ## ##  1  1  1 
16  1  1  1  1  1  1  1  1  1  1  1  1  1  1  1  1 ## ## ##  1 
17  1  1  1  1  1  1  1  1  1  1  1  1  1  1  1  1 ## ## ##  1 
18  1  1  1  1  1  1  1  1  1  1  1  1  1  1  1  1 ##  1 ##  1 
19  1  1  1  1  1  1  1  1  1  1  1  1  1  1  1  1  1  1 ##  1 

[[[0.         0.         1.         ... 1.         1.         1.        ]
  [0.         0.         1.         ... 1.         1.         1.        ]
  [1.         1.         1.         ... 1.         1.         1.        ]
  ...
  [1.         1.         1.         ... 0.         1.         1.        ]
  [1.         1.         1.         ... 0.         0.         0.        ]
  [1.         1.         1.         ... 1.         1.         1.        ]]

 [[0.1        0.1        0.1        ... 0.1        0.1        0.1       ]
  [0.         0.2        0.         ... 0.1        0.1        0.1       ]
  [0.1        0.1        0.         ... 0.1        0.1        0.1       ]
  ...
  [0.1        0.1        0.1        ... 0.2        0.1        0.1       ]
  [0.1        0.1        0.1        ... 0.         0.         0.        ]
  [0.1        0.1        0.1        ... 0.1        0.1        0.1       ]]

 [[0.54545456 0.54545456 0.54545456 ... 0.         0.         0.        ]
  [0.54545456 0.54545456 0.54545456 ... 0.         0.         0.        ]
  [0.54545456 0.54545456 0.54545456 ... 0.         0.         0.        ]
  ...
  [0.         0.         0.         ... 0.         0.         0.        ]
  [0.         0.         0.         ... 0.         0.         0.        ]
  [0.         0.         0.         ... 0.         0.         0.        ]]

 ...

 [[0.3        0.3        0.3        ... 0.3        0.3        0.3       ]
  [0.3        0.3        0.3        ... 0.3        0.3        0.3       ]
  [0.3        0.3        0.3        ... 0.3        0.3        0.3       ]
  ...
  [0.3        0.3        0.3        ... 0.3        0.3        0.3       ]
  [0.3        0.3        0.3        ... 0.3        0.3        0.3       ]
  [0.3        0.3        0.3        ... 0.3        0.3        0.3       ]]

 [[0.7        0.7        0.         ... 0.         0.         0.        ]
  [0.7        0.7        0.         ... 0.         0.         0.        ]
  [0.         0.         0.         ... 0.         0.         0.        ]
  ...
  [0.         0.         0.         ... 0.         0.         0.        ]
  [0.         0.         0.         ... 0.         0.         0.        ]
  [0.         0.         0.         ... 0.         0.         0.        ]]

 [[0.6666667  0.6666667  0.         ... 0.         0.         0.        ]
  [0.         0.6666667  0.         ... 0.         0.         0.        ]
  [0.         0.         0.         ... 0.         0.         0.        ]
  ...
  [0.         0.         0.         ... 0.         0.         0.        ]
  [0.         0.         0.         ... 0.         0.         0.        ]
  [0.         0.         0.         ... 0.         0.         0.        ]]]

===== 回合 62 =====
当前行动棋子: ID=2, 玩家=2
[InputManager] 玩家2的输入方法为: 函数式输入
[InputManager] 开始处理玩家2的行动输入
[FunctionInput] Executing action handler for player 2
[FunctionInput] Action handler executed successfully
[InputManager] 玩家2的行动输入处理完成
envState:1
action: 移动: 是
  目标位置: (0, 1)
攻击: 是
  攻击详情:
    攻击者ID: 2
    目标ID: 3
    伤害值: 0
法术: 否
目标位置(0, 1)被占据
移动失败
[Attack] Auto hit - no roll needed.
[Attack] Dealing 30 damage to target.
对棋子3造成30点伤害

当前棋盘:
    0  1  2  3  4  5  6  7  8  9 10 11 12 13 14 15 16 17 18 19 

 0  4  0  1  1  1  1  1  1  1  1  1  1  1  1  1  1  1  1  1  1 
 1  2  3  1  1  1  1  1  1  1  1  1  1  1  1  1  1  1  1  1  1 
 2  1  1  1  1  1  1  1  1  1  1  1  1  1  1  1  1  1  1  1  1 
 3  1  1  1  1  1  1  1  1  1  1  1  1  1  1  1  1  1  1  1  1 
 4  1  1  1 ## ##  1  1  1  1  1  1  1  1  1  1  1  1  1  1  1 
 5  1  1  1  1 ##  1  1  1  1  1  1  1  1  1  1  1  1  1  1  1 
 6  1  1  1  1  1  1  1  1  1  1  1  1  1  1  1  1  1  1  1  1 
 7  1  1  1  1  1  1  1  1  1  1  1  1  1  1  1  1  1  1  1  1 
 8  1  1  1  1  1  1  1  1  1  1  1  1  1  1  1  1  1  1  1  1 
 9  1  1  1  1  1  1  1  1  1  1  1  1  1  1  1  1  1  1  1  1 
10  1  1  1  1  1  1  1  1  1  1  1  1  1  1  1  1  1  1  1  1 
11  1  1  1  1  1  1  1  1  1  1  1  1  1  1  1  1  1  1  1  1 
12  1  1  1  1  1  1  1  1  1  1  1  1  1  1  1  1  1  1  1  1 
13  1  1  1  1  1  1  1  1  1  1  1  1  1  1  1  1  1  1  1  1 
14  1  1  1  1  1  1  1  1  1  1  1  1  1  1  1 ##  1  1  1  1 
15  1  1  1  1  1  1  1  1  1  1  1  1  1  1  1 ## ##  1  1  1 
16  1  1  1  1  1  1  1  1  1  1  1  1  1  1  1  1 ## ## ##  1 
17  1  1  1  1  1  1  1  1  1  1  1  1  1  1  1  1 ## ## ##  1 
18  1  1  1  1  1  1  1  1  1  1  1  1  1  1  1  1 ##  1 ##  1 
19  1  1  1  1  1  1  1  1  1  1  1  1  1  1  1  1  1  1 ##  1 

[[[0.         0.         1.         ... 1.         1.         1.        ]
  [0.         0.         1.         ... 1.         1.         1.        ]
  [1.         1.         1.         ... 1.         1.         1.        ]
  ...
  [1.         1.         1.         ... 0.         1.         1.        ]
  [1.         1.         1.         ... 0.         0.         0.        ]
  [1.         1.         1.         ... 1.         1.         1.        ]]

 [[0.1        0.1        0.1        ... 0.1        0.1        0.1       ]
  [0.         0.2        0.         ... 0.1        0.1        0.1       ]
  [0.1        0.1        0.         ... 0.1        0.1        0.1       ]
  ...
  [0.1        0.1        0.1        ... 0.2        0.1        0.1       ]
  [0.1        0.1        0.1        ... 0.         0.         0.        ]
  [0.1        0.1        0.1        ... 0.1        0.1        0.1       ]]

 [[0.54545456 0.54545456 0.54545456 ... 0.         0.         0.        ]
  [0.54545456 0.54545456 0.54545456 ... 0.         0.         0.        ]
  [0.54545456 0.54545456 0.54545456 ... 0.         0.         0.        ]
  ...
  [0.         0.         0.         ... 0.         0.         0.        ]
  [0.         0.         0.         ... 0.         0.         0.        ]
  [0.         0.         0.         ... 0.         0.         0.        ]]

 ...

 [[0.3        0.3        0.3        ... 0.3        0.3        0.3       ]
  [0.3        0.3        0.3        ... 0.3        0.3        0.3       ]
  [0.3        0.3        0.3        ... 0.3        0.3        0.3       ]
  ...
  [0.3        0.3        0.3        ... 0.3        0.3        0.3       ]
  [0.3        0.3        0.3        ... 0.3        0.3        0.3       ]
  [0.3        0.3        0.3        ... 0.3        0.3        0.3       ]]

 [[0.7        0.7        0.         ... 0.         0.         0.        ]
  [0.7        0.7        0.         ... 0.         0.         0.        ]
  [0.         0.         0.         ... 0.         0.         0.        ]
  ...
  [0.         0.         0.         ... 0.         0.         0.        ]
  [0.         0.         0.         ... 0.         0.         0.        ]
  [0.         0.         0.         ... 0.         0.         0.        ]]

 [[0.6666667  0.33333334 0.         ... 0.         0.         0.        ]
  [0.6666667  0.6666667  0.         ... 0.         0.         0.        ]
  [0.         0.         0.         ... 0.         0.         0.        ]
  ...
  [0.         0.         0.         ... 0.         0.         0.        ]
  [0.         0.         0.         ... 0.         0.         0.        ]
  [0.         0.         0.         ... 0.         0.         0.        ]]]

===== 回合 63 =====
当前行动棋子: ID=3, 玩家=1
[InputManager] 玩家1的输入方法为: 函数式输入
[InputManager] 开始处理玩家1的行动输入
[FunctionInput] Executing action handler for player 1
[FunctionInput] Action handler executed successfully
[InputManager] 玩家1的行动输入处理完成
envState:1
action: 移动: 是
  目标位置: (1, 1)
攻击: 是
  攻击详情:
    攻击者ID: 3
    目标ID: 0
    伤害值: 0
法术: 否
目标位置(1, 1)被占据
移动失败
[Attack] Auto hit - no roll needed.
[Attack] Dealing 30 damage to target.
对棋子0造成30点伤害

当前棋盘:
    0  1  2  3  4  5  6  7  8  9 10 11 12 13 14 15 16 17 18 19 

 0  4  0  1  1  1  1  1  1  1  1  1  1  1  1  1  1  1  1  1  1 
 1  2  3  1  1  1  1  1  1  1  1  1  1  1  1  1  1  1  1  1  1 
 2  1  1  1  1  1  1  1  1  1  1  1  1  1  1  1  1  1  1  1  1 
 3  1  1  1  1  1  1  1  1  1  1  1  1  1  1  1  1  1  1  1  1 
 4  1  1  1 ## ##  1  1  1  1  1  1  1  1  1  1  1  1  1  1  1 
 5  1  1  1  1 ##  1  1  1  1  1  1  1  1  1  1  1  1  1  1  1 
 6  1  1  1  1  1  1  1  1  1  1  1  1  1  1  1  1  1  1  1  1 
 7  1  1  1  1  1  1  1  1  1  1  1  1  1  1  1  1  1  1  1  1 
 8  1  1  1  1  1  1  1  1  1  1  1  1  1  1  1  1  1  1  1  1 
 9  1  1  1  1  1  1  1  1  1  1  1  1  1  1  1  1  1  1  1  1 
10  1  1  1  1  1  1  1  1  1  1  1  1  1  1  1  1  1  1  1  1 
11  1  1  1  1  1  1  1  1  1  1  1  1  1  1  1  1  1  1  1  1 
12  1  1  1  1  1  1  1  1  1  1  1  1  1  1  1  1  1  1  1  1 
13  1  1  1  1  1  1  1  1  1  1  1  1  1  1  1  1  1  1  1  1 
14  1  1  1  1  1  1  1  1  1  1  1  1  1  1  1 ##  1  1  1  1 
15  1  1  1  1  1  1  1  1  1  1  1  1  1  1  1 ## ##  1  1  1 
16  1  1  1  1  1  1  1  1  1  1  1  1  1  1  1  1 ## ## ##  1 
17  1  1  1  1  1  1  1  1  1  1  1  1  1  1  1  1 ## ## ##  1 
18  1  1  1  1  1  1  1  1  1  1  1  1  1  1  1  1 ##  1 ##  1 
19  1  1  1  1  1  1  1  1  1  1  1  1  1  1  1  1  1  1 ##  1 

[[[0.         0.         1.         ... 1.         1.         1.        ]
  [0.         0.         1.         ... 1.         1.         1.        ]
  [1.         1.         1.         ... 1.         1.         1.        ]
  ...
  [1.         1.         1.         ... 0.         1.         1.        ]
  [1.         1.         1.         ... 0.         0.         0.        ]
  [1.         1.         1.         ... 1.         1.         1.        ]]

 [[0.1        0.1        0.1        ... 0.1        0.1        0.1       ]
  [0.         0.2        0.         ... 0.1        0.1        0.1       ]
  [0.1        0.1        0.         ... 0.1        0.1        0.1       ]
  ...
  [0.1        0.1        0.1        ... 0.2        0.1        0.1       ]
  [0.1        0.1        0.1        ... 0.         0.         0.        ]
  [0.1        0.1        0.1        ... 0.1        0.1        0.1       ]]

 [[0.54545456 0.54545456 0.54545456 ... 0.         0.         0.        ]
  [0.54545456 0.54545456 0.54545456 ... 0.         0.         0.        ]
  [0.54545456 0.54545456 0.27272728 ... 0.         0.         0.        ]
  ...
  [0.         0.         0.         ... 0.         0.         0.        ]
  [0.         0.         0.         ... 0.         0.         0.        ]
  [0.         0.         0.         ... 0.         0.         0.        ]]

 ...

 [[0.3        0.3        0.3        ... 0.3        0.3        0.3       ]
  [0.3        0.3        0.3        ... 0.3        0.3        0.3       ]
  [0.3        0.3        0.3        ... 0.3        0.3        0.3       ]
  ...
  [0.3        0.3        0.3        ... 0.3        0.3        0.3       ]
  [0.3        0.3        0.3        ... 0.3        0.3        0.3       ]
  [0.3        0.3        0.3        ... 0.3        0.3        0.3       ]]

 [[0.7        0.7        0.         ... 0.         0.         0.        ]
  [0.7        0.7        0.         ... 0.         0.         0.        ]
  [0.         0.         0.         ... 0.         0.         0.        ]
  ...
  [0.         0.         0.         ... 0.         0.         0.        ]
  [0.         0.         0.         ... 0.         0.         0.        ]
  [0.         0.         0.         ... 0.         0.         0.        ]]

 [[0.6666667  0.6666667  0.         ... 0.         0.         0.        ]
  [0.6666667  0.33333334 0.         ... 0.         0.         0.        ]
  [0.         0.         0.         ... 0.         0.         0.        ]
  ...
  [0.         0.         0.         ... 0.         0.         0.        ]
  [0.         0.         0.         ... 0.         0.         0.        ]
  [0.         0.         0.         ... 0.         0.         0.        ]]]

===== 回合 64 =====
当前行动棋子: ID=4, 玩家=1
[InputManager] 玩家1的输入方法为: 函数式输入
[InputManager] 开始处理玩家1的行动输入
[FunctionInput] Executing action handler for player 1
[FunctionInput] Action handler executed successfully
[InputManager] 玩家1的行动输入处理完成
envState:1
action: 移动: 是
  目标位置: (0, 0)
攻击: 是
  攻击详情:
    攻击者ID: 4
    目标ID: 0
    伤害值: 0
法术: 否
目标位置(0, 0)被占据
移动失败
[Attack] Auto hit - no roll needed.
[Attack] Dealing 30 damage to target.
对棋子0造成30点伤害

当前棋盘:
    0  1  2  3  4  5  6  7  8  9 10 11 12 13 14 15 16 17 18 19 

 0  4  0  1  1  1  1  1  1  1  1  1  1  1  1  1  1  1  1  1  1 
 1  2  3  1  1  1  1  1  1  1  1  1  1  1  1  1  1  1  1  1  1 
 2  1  1  1  1  1  1  1  1  1  1  1  1  1  1  1  1  1  1  1  1 
 3  1  1  1  1  1  1  1  1  1  1  1  1  1  1  1  1  1  1  1  1 
 4  1  1  1 ## ##  1  1  1  1  1  1  1  1  1  1  1  1  1  1  1 
 5  1  1  1  1 ##  1  1  1  1  1  1  1  1  1  1  1  1  1  1  1 
 6  1  1  1  1  1  1  1  1  1  1  1  1  1  1  1  1  1  1  1  1 
 7  1  1  1  1  1  1  1  1  1  1  1  1  1  1  1  1  1  1  1  1 
 8  1  1  1  1  1  1  1  1  1  1  1  1  1  1  1  1  1  1  1  1 
 9  1  1  1  1  1  1  1  1  1  1  1  1  1  1  1  1  1  1  1  1 
10  1  1  1  1  1  1  1  1  1  1  1  1  1  1  1  1  1  1  1  1 
11  1  1  1  1  1  1  1  1  1  1  1  1  1  1  1  1  1  1  1  1 
12  1  1  1  1  1  1  1  1  1  1  1  1  1  1  1  1  1  1  1  1 
13  1  1  1  1  1  1  1  1  1  1  1  1  1  1  1  1  1  1  1  1 
14  1  1  1  1  1  1  1  1  1  1  1  1  1  1  1 ##  1  1  1  1 
15  1  1  1  1  1  1  1  1  1  1  1  1  1  1  1 ## ##  1  1  1 
16  1  1  1  1  1  1  1  1  1  1  1  1  1  1  1  1 ## ## ##  1 
17  1  1  1  1  1  1  1  1  1  1  1  1  1  1  1  1 ## ## ##  1 
18  1  1  1  1  1  1  1  1  1  1  1  1  1  1  1  1 ##  1 ##  1 
19  1  1  1  1  1  1  1  1  1  1  1  1  1  1  1  1  1  1 ##  1 

[[[0.         0.         1.         ... 1.         1.         1.        ]
  [0.         0.         1.         ... 1.         1.         1.        ]
  [1.         1.         1.         ... 1.         1.         1.        ]
  ...
  [1.         1.         1.         ... 0.         1.         1.        ]
  [1.         1.         1.         ... 0.         0.         0.        ]
  [1.         1.         1.         ... 1.         1.         1.        ]]

 [[0.1        0.1        0.1        ... 0.1        0.1        0.1       ]
  [0.         0.2        0.         ... 0.1        0.1        0.1       ]
  [0.1        0.1        0.         ... 0.1        0.1        0.1       ]
  ...
  [0.1        0.1        0.1        ... 0.2        0.1        0.1       ]
  [0.1        0.1        0.1        ... 0.         0.         0.        ]
  [0.1        0.1        0.1        ... 0.1        0.1        0.1       ]]

 [[0.54545456 0.54545456 0.54545456 ... 0.         0.         0.        ]
  [0.54545456 0.54545456 0.54545456 ... 0.         0.         0.        ]
  [0.54545456 0.54545456 0.27272728 ... 0.         0.         0.        ]
  ...
  [0.         0.         0.         ... 0.         0.         0.        ]
  [0.         0.         0.         ... 0.         0.         0.        ]
  [0.         0.         0.         ... 0.         0.         0.        ]]

 ...

 [[0.3        0.3        0.3        ... 0.3        0.3        0.3       ]
  [0.3        0.3        0.3        ... 0.3        0.3        0.3       ]
  [0.3        0.3        0.3        ... 0.3        0.3        0.3       ]
  ...
  [0.3        0.3        0.3        ... 0.3        0.3        0.3       ]
  [0.3        0.3        0.3        ... 0.3        0.3        0.3       ]
  [0.3        0.3        0.3        ... 0.3        0.3        0.3       ]]

 [[0.7        0.7        0.         ... 0.         0.         0.        ]
  [0.7        0.7        0.         ... 0.         0.         0.        ]
  [0.         0.         0.         ... 0.         0.         0.        ]
  ...
  [0.         0.         0.         ... 0.         0.         0.        ]
  [0.         0.         0.         ... 0.         0.         0.        ]
  [0.         0.         0.         ... 0.         0.         0.        ]]

 [[0.33333334 0.6666667  0.         ... 0.         0.         0.        ]
  [0.6666667  0.6666667  0.         ... 0.         0.         0.        ]
  [0.         0.         0.         ... 0.         0.         0.        ]
  ...
  [0.         0.         0.         ... 0.         0.         0.        ]
  [0.         0.         0.         ... 0.         0.         0.        ]
  [0.         0.         0.         ... 0.         0.         0.        ]]]

===== 回合 65 =====
当前行动棋子: ID=0, 玩家=2
[InputManager] 玩家2的输入方法为: 函数式输入
[InputManager] 开始处理玩家2的行动输入
[FunctionInput] Executing action handler for player 2
[FunctionInput] Action handler executed successfully
[InputManager] 玩家2的行动输入处理完成
envState:1
action: 移动: 是
  目标位置: (1, 0)
攻击: 是
  攻击详情:
    攻击者ID: 0
    目标ID: 3
    伤害值: 0
法术: 否
目标位置(1, 0)被占据
移动失败
[Attack] Auto hit - no roll needed.
[Attack] Dealing 30 damage to target.
对棋子3造成30点伤害

当前棋盘:
    0  1  2  3  4  5  6  7  8  9 10 11 12 13 14 15 16 17 18 19 

 0  4  0  1  1  1  1  1  1  1  1  1  1  1  1  1  1  1  1  1  1 
 1  2  3  1  1  1  1  1  1  1  1  1  1  1  1  1  1  1  1  1  1 
 2  1  1  1  1  1  1  1  1  1  1  1  1  1  1  1  1  1  1  1  1 
 3  1  1  1  1  1  1  1  1  1  1  1  1  1  1  1  1  1  1  1  1 
 4  1  1  1 ## ##  1  1  1  1  1  1  1  1  1  1  1  1  1  1  1 
 5  1  1  1  1 ##  1  1  1  1  1  1  1  1  1  1  1  1  1  1  1 
 6  1  1  1  1  1  1  1  1  1  1  1  1  1  1  1  1  1  1  1  1 
 7  1  1  1  1  1  1  1  1  1  1  1  1  1  1  1  1  1  1  1  1 
 8  1  1  1  1  1  1  1  1  1  1  1  1  1  1  1  1  1  1  1  1 
 9  1  1  1  1  1  1  1  1  1  1  1  1  1  1  1  1  1  1  1  1 
10  1  1  1  1  1  1  1  1  1  1  1  1  1  1  1  1  1  1  1  1 
11  1  1  1  1  1  1  1  1  1  1  1  1  1  1  1  1  1  1  1  1 
12  1  1  1  1  1  1  1  1  1  1  1  1  1  1  1  1  1  1  1  1 
13  1  1  1  1  1  1  1  1  1  1  1  1  1  1  1  1  1  1  1  1 
14  1  1  1  1  1  1  1  1  1  1  1  1  1  1  1 ##  1  1  1  1 
15  1  1  1  1  1  1  1  1  1  1  1  1  1  1  1 ## ##  1  1  1 
16  1  1  1  1  1  1  1  1  1  1  1  1  1  1  1  1 ## ## ##  1 
17  1  1  1  1  1  1  1  1  1  1  1  1  1  1  1  1 ## ## ##  1 
18  1  1  1  1  1  1  1  1  1  1  1  1  1  1  1  1 ##  1 ##  1 
19  1  1  1  1  1  1  1  1  1  1  1  1  1  1  1  1  1  1 ##  1 

[[[0.         0.         1.         ... 1.         1.         1.        ]
  [0.         0.         1.         ... 1.         1.         1.        ]
  [1.         1.         1.         ... 1.         1.         1.        ]
  ...
  [1.         1.         1.         ... 0.         1.         1.        ]
  [1.         1.         1.         ... 0.         0.         0.        ]
  [1.         1.         1.         ... 1.         1.         1.        ]]

 [[0.1        0.1        0.1        ... 0.1        0.1        0.1       ]
  [0.         0.2        0.         ... 0.1        0.1        0.1       ]
  [0.1        0.1        0.         ... 0.1        0.1        0.1       ]
  ...
  [0.1        0.1        0.1        ... 0.2        0.1        0.1       ]
  [0.1        0.1        0.1        ... 0.         0.         0.        ]
  [0.1        0.1        0.1        ... 0.1        0.1        0.1       ]]

 [[0.54545456 0.54545456 0.54545456 ... 0.         0.         0.        ]
  [0.54545456 0.54545456 0.54545456 ... 0.         0.         0.        ]
  [0.54545456 0.54545456 0.54545456 ... 0.         0.         0.        ]
  ...
  [0.         0.         0.         ... 0.         0.         0.        ]
  [0.         0.         0.         ... 0.         0.         0.        ]
  [0.         0.         0.         ... 0.         0.         0.        ]]

 ...

 [[0.3        0.3        0.3        ... 0.3        0.3        0.3       ]
  [0.3        0.3        0.3        ... 0.3        0.3        0.3       ]
  [0.3        0.3        0.3        ... 0.3        0.3        0.3       ]
  ...
  [0.3        0.3        0.3        ... 0.3        0.3        0.3       ]
  [0.3        0.3        0.3        ... 0.3        0.3        0.3       ]
  [0.3        0.3        0.3        ... 0.3        0.3        0.3       ]]

 [[0.7        0.7        0.         ... 0.         0.         0.        ]
  [0.7        0.7        0.         ... 0.         0.         0.        ]
  [0.         0.         0.         ... 0.         0.         0.        ]
  ...
  [0.         0.         0.         ... 0.         0.         0.        ]
  [0.         0.         0.         ... 0.         0.         0.        ]
  [0.         0.         0.         ... 0.         0.         0.        ]]

 [[0.6666667  0.6666667  0.         ... 0.         0.         0.        ]
  [0.33333334 0.6666667  0.         ... 0.         0.         0.        ]
  [0.         0.         0.         ... 0.         0.         0.        ]
  ...
  [0.         0.         0.         ... 0.         0.         0.        ]
  [0.         0.         0.         ... 0.         0.         0.        ]
  [0.         0.         0.         ... 0.         0.         0.        ]]]

===== 回合 66 =====
当前行动棋子: ID=2, 玩家=2
[InputManager] 玩家2的输入方法为: 函数式输入
[InputManager] 开始处理玩家2的行动输入
[FunctionInput] Executing action handler for player 2
[FunctionInput] Action handler executed successfully
[InputManager] 玩家2的行动输入处理完成
envState:1
action: 移动: 是
  目标位置: (0, 1)
攻击: 是
  攻击详情:
    攻击者ID: 2
    目标ID: 3
    伤害值: 0
法术: 否
目标位置(0, 1)被占据
移动失败
[Attack] Auto hit - no roll needed.
[Attack] Dealing 30 damage to target.
对棋子3造成30点伤害

当前棋盘:
    0  1  2  3  4  5  6  7  8  9 10 11 12 13 14 15 16 17 18 19 

 0  4  0  1  1  1  1  1  1  1  1  1  1  1  1  1  1  1  1  1  1 
 1  2  3  1  1  1  1  1  1  1  1  1  1  1  1  1  1  1  1  1  1 
 2  1  1  1  1  1  1  1  1  1  1  1  1  1  1  1  1  1  1  1  1 
 3  1  1  1  1  1  1  1  1  1  1  1  1  1  1  1  1  1  1  1  1 
 4  1  1  1 ## ##  1  1  1  1  1  1  1  1  1  1  1  1  1  1  1 
 5  1  1  1  1 ##  1  1  1  1  1  1  1  1  1  1  1  1  1  1  1 
 6  1  1  1  1  1  1  1  1  1  1  1  1  1  1  1  1  1  1  1  1 
 7  1  1  1  1  1  1  1  1  1  1  1  1  1  1  1  1  1  1  1  1 
 8  1  1  1  1  1  1  1  1  1  1  1  1  1  1  1  1  1  1  1  1 
 9  1  1  1  1  1  1  1  1  1  1  1  1  1  1  1  1  1  1  1  1 
10  1  1  1  1  1  1  1  1  1  1  1  1  1  1  1  1  1  1  1  1 
11  1  1  1  1  1  1  1  1  1  1  1  1  1  1  1  1  1  1  1  1 
12  1  1  1  1  1  1  1  1  1  1  1  1  1  1  1  1  1  1  1  1 
13  1  1  1  1  1  1  1  1  1  1  1  1  1  1  1  1  1  1  1  1 
14  1  1  1  1  1  1  1  1  1  1  1  1  1  1  1 ##  1  1  1  1 
15  1  1  1  1  1  1  1  1  1  1  1  1  1  1  1 ## ##  1  1  1 
16  1  1  1  1  1  1  1  1  1  1  1  1  1  1  1  1 ## ## ##  1 
17  1  1  1  1  1  1  1  1  1  1  1  1  1  1  1  1 ## ## ##  1 
18  1  1  1  1  1  1  1  1  1  1  1  1  1  1  1  1 ##  1 ##  1 
19  1  1  1  1  1  1  1  1  1  1  1  1  1  1  1  1  1  1 ##  1 

[[[0.         0.         1.         ... 1.         1.         1.        ]
  [0.         0.         1.         ... 1.         1.         1.        ]
  [1.         1.         1.         ... 1.         1.         1.        ]
  ...
  [1.         1.         1.         ... 0.         1.         1.        ]
  [1.         1.         1.         ... 0.         0.         0.        ]
  [1.         1.         1.         ... 1.         1.         1.        ]]

 [[0.1        0.1        0.1        ... 0.1        0.1        0.1       ]
  [0.         0.2        0.         ... 0.1        0.1        0.1       ]
  [0.1        0.1        0.         ... 0.1        0.1        0.1       ]
  ...
  [0.1        0.1        0.1        ... 0.2        0.1        0.1       ]
  [0.1        0.1        0.1        ... 0.         0.         0.        ]
  [0.1        0.1        0.1        ... 0.1        0.1        0.1       ]]

 [[0.54545456 0.54545456 0.54545456 ... 0.         0.         0.        ]
  [0.54545456 0.54545456 0.54545456 ... 0.         0.         0.        ]
  [0.54545456 0.54545456 0.54545456 ... 0.         0.         0.        ]
  ...
  [0.         0.         0.         ... 0.         0.         0.        ]
  [0.         0.         0.         ... 0.         0.         0.        ]
  [0.         0.         0.         ... 0.         0.         0.        ]]

 ...

 [[0.3        0.3        0.3        ... 0.3        0.3        0.3       ]
  [0.3        0.3        0.3        ... 0.3        0.3        0.3       ]
  [0.3        0.3        0.3        ... 0.3        0.3        0.3       ]
  ...
  [0.3        0.3        0.3        ... 0.3        0.3        0.3       ]
  [0.3        0.3        0.3        ... 0.3        0.3        0.3       ]
  [0.3        0.3        0.3        ... 0.3        0.3        0.3       ]]

 [[0.7        0.7        0.         ... 0.         0.         0.        ]
  [0.7        0.7        0.         ... 0.         0.         0.        ]
  [0.         0.         0.         ... 0.         0.         0.        ]
  ...
  [0.         0.         0.         ... 0.         0.         0.        ]
  [0.         0.         0.         ... 0.         0.         0.        ]
  [0.         0.         0.         ... 0.         0.         0.        ]]

 [[0.6666667  0.33333334 0.         ... 0.         0.         0.        ]
  [0.6666667  0.6666667  0.         ... 0.         0.         0.        ]
  [0.         0.         0.         ... 0.         0.         0.        ]
  ...
  [0.         0.         0.         ... 0.         0.         0.        ]
  [0.         0.         0.         ... 0.         0.         0.        ]
  [0.         0.         0.         ... 0.         0.         0.        ]]]

===== 回合 67 =====
当前行动棋子: ID=3, 玩家=1
[InputManager] 玩家1的输入方法为: 函数式输入
[InputManager] 开始处理玩家1的行动输入
[FunctionInput] Executing action handler for player 1
[FunctionInput] Action handler executed successfully
[InputManager] 玩家1的行动输入处理完成
envState:1
action: 移动: 是
  目标位置: (1, 1)
攻击: 是
  攻击详情:
    攻击者ID: 3
    目标ID: 0
    伤害值: 0
法术: 否
目标位置(1, 1)被占据
移动失败
[Attack] Auto hit - no roll needed.
[Attack] Dealing 30 damage to target.
[DeathCheck] Roll: 2
对棋子0造成30点伤害

当前棋盘:
    0  1  2  3  4  5  6  7  8  9 10 11 12 13 14 15 16 17 18 19 

 0  4  1  1  1  1  1  1  1  1  1  1  1  1  1  1  1  1  1  1  1 
 1  2  3  1  1  1  1  1  1  1  1  1  1  1  1  1  1  1  1  1  1 
 2  1  1  1  1  1  1  1  1  1  1  1  1  1  1  1  1  1  1  1  1 
 3  1  1  1  1  1  1  1  1  1  1  1  1  1  1  1  1  1  1  1  1 
 4  1  1  1 ## ##  1  1  1  1  1  1  1  1  1  1  1  1  1  1  1 
 5  1  1  1  1 ##  1  1  1  1  1  1  1  1  1  1  1  1  1  1  1 
 6  1  1  1  1  1  1  1  1  1  1  1  1  1  1  1  1  1  1  1  1 
 7  1  1  1  1  1  1  1  1  1  1  1  1  1  1  1  1  1  1  1  1 
 8  1  1  1  1  1  1  1  1  1  1  1  1  1  1  1  1  1  1  1  1 
 9  1  1  1  1  1  1  1  1  1  1  1  1  1  1  1  1  1  1  1  1 
10  1  1  1  1  1  1  1  1  1  1  1  1  1  1  1  1  1  1  1  1 
11  1  1  1  1  1  1  1  1  1  1  1  1  1  1  1  1  1  1  1  1 
12  1  1  1  1  1  1  1  1  1  1  1  1  1  1  1  1  1  1  1  1 
13  1  1  1  1  1  1  1  1  1  1  1  1  1  1  1  1  1  1  1  1 
14  1  1  1  1  1  1  1  1  1  1  1  1  1  1  1 ##  1  1  1  1 
15  1  1  1  1  1  1  1  1  1  1  1  1  1  1  1 ## ##  1  1  1 
16  1  1  1  1  1  1  1  1  1  1  1  1  1  1  1  1 ## ## ##  1 
17  1  1  1  1  1  1  1  1  1  1  1  1  1  1  1  1 ## ## ##  1 
18  1  1  1  1  1  1  1  1  1  1  1  1  1  1  1  1 ##  1 ##  1 
19  1  1  1  1  1  1  1  1  1  1  1  1  1  1  1  1  1  1 ##  1 

[[[0.         0.         1.         ... 1.         1.         1.        ]
  [1.         0.         1.         ... 1.         1.         1.        ]
  [1.         1.         1.         ... 1.         1.         1.        ]
  ...
  [1.         1.         1.         ... 0.         1.         1.        ]
  [1.         1.         1.         ... 0.         0.         0.        ]
  [1.         1.         1.         ... 1.         1.         1.        ]]

 [[0.1        0.1        0.1        ... 0.1        0.1        0.1       ]
  [0.         0.2        0.         ... 0.1        0.1        0.1       ]
  [0.1        0.1        0.         ... 0.1        0.1        0.1       ]
  ...
  [0.1        0.1        0.1        ... 0.2        0.1        0.1       ]
  [0.1        0.1        0.1        ... 0.         0.         0.        ]
  [0.1        0.1        0.1        ... 0.1        0.1        0.1       ]]

 [[0.54545456 0.54545456 0.54545456 ... 0.         0.         0.        ]
  [0.54545456 0.54545456 0.54545456 ... 0.         0.         0.        ]
  [0.54545456 0.54545456 0.27272728 ... 0.         0.         0.        ]
  ...
  [0.         0.         0.         ... 0.         0.         0.        ]
  [0.         0.         0.         ... 0.         0.         0.        ]
  [0.         0.         0.         ... 0.         0.         0.        ]]

 ...

 [[0.3        0.3        0.3        ... 0.3        0.3        0.3       ]
  [0.3        0.3        0.3        ... 0.3        0.3        0.3       ]
  [0.3        0.3        0.3        ... 0.3        0.3        0.3       ]
  ...
  [0.3        0.3        0.3        ... 0.3        0.3        0.3       ]
  [0.3        0.3        0.3        ... 0.3        0.3        0.3       ]
  [0.3        0.3        0.3        ... 0.3        0.3        0.3       ]]

 [[0.7        0.7        0.         ... 0.         0.         0.        ]
  [0.         0.7        0.         ... 0.         0.         0.        ]
  [0.         0.         0.         ... 0.         0.         0.        ]
  ...
  [0.         0.         0.         ... 0.         0.         0.        ]
  [0.         0.         0.         ... 0.         0.         0.        ]
  [0.         0.         0.         ... 0.         0.         0.        ]]

 [[0.6666667  0.6666667  0.         ... 0.         0.         0.        ]
  [0.         0.33333334 0.         ... 0.         0.         0.        ]
  [0.         0.         0.         ... 0.         0.         0.        ]
  ...
  [0.         0.         0.         ... 0.         0.         0.        ]
  [0.         0.         0.         ... 0.         0.         0.        ]
  [0.         0.         0.         ... 0.         0.         0.        ]]]

===== 回合 68 =====
当前行动棋子: ID=4, 玩家=1
[InputManager] 玩家1的输入方法为: 函数式输入
[InputManager] 开始处理玩家1的行动输入
[FunctionInput] Executing action handler for player 1
[FunctionInput] Action handler executed successfully
[InputManager] 玩家1的行动输入处理完成
envState:1
action: 移动: 是
  目标位置: (0, 0)
攻击: 是
  攻击详情:
    攻击者ID: 4
    目标ID: 2
    伤害值: 0
法术: 否
目标位置(0, 0)被占据
移动失败
[Attack] Auto hit - no roll needed.
[Attack] Dealing 30 damage to target.
对棋子2造成30点伤害

当前棋盘:
    0  1  2  3  4  5  6  7  8  9 10 11 12 13 14 15 16 17 18 19 

 0  4  1  1  1  1  1  1  1  1  1  1  1  1  1  1  1  1  1  1  1 
 1  2  3  1  1  1  1  1  1  1  1  1  1  1  1  1  1  1  1  1  1 
 2  1  1  1  1  1  1  1  1  1  1  1  1  1  1  1  1  1  1  1  1 
 3  1  1  1  1  1  1  1  1  1  1  1  1  1  1  1  1  1  1  1  1 
 4  1  1  1 ## ##  1  1  1  1  1  1  1  1  1  1  1  1  1  1  1 
 5  1  1  1  1 ##  1  1  1  1  1  1  1  1  1  1  1  1  1  1  1 
 6  1  1  1  1  1  1  1  1  1  1  1  1  1  1  1  1  1  1  1  1 
 7  1  1  1  1  1  1  1  1  1  1  1  1  1  1  1  1  1  1  1  1 
 8  1  1  1  1  1  1  1  1  1  1  1  1  1  1  1  1  1  1  1  1 
 9  1  1  1  1  1  1  1  1  1  1  1  1  1  1  1  1  1  1  1  1 
10  1  1  1  1  1  1  1  1  1  1  1  1  1  1  1  1  1  1  1  1 
11  1  1  1  1  1  1  1  1  1  1  1  1  1  1  1  1  1  1  1  1 
12  1  1  1  1  1  1  1  1  1  1  1  1  1  1  1  1  1  1  1  1 
13  1  1  1  1  1  1  1  1  1  1  1  1  1  1  1  1  1  1  1  1 
14  1  1  1  1  1  1  1  1  1  1  1  1  1  1  1 ##  1  1  1  1 
15  1  1  1  1  1  1  1  1  1  1  1  1  1  1  1 ## ##  1  1  1 
16  1  1  1  1  1  1  1  1  1  1  1  1  1  1  1  1 ## ## ##  1 
17  1  1  1  1  1  1  1  1  1  1  1  1  1  1  1  1 ## ## ##  1 
18  1  1  1  1  1  1  1  1  1  1  1  1  1  1  1  1 ##  1 ##  1 
19  1  1  1  1  1  1  1  1  1  1  1  1  1  1  1  1  1  1 ##  1 

[[[0.         0.         1.         ... 1.         1.         1.        ]
  [1.         0.         1.         ... 1.         1.         1.        ]
  [1.         1.         1.         ... 1.         1.         1.        ]
  ...
  [1.         1.         1.         ... 0.         1.         1.        ]
  [1.         1.         1.         ... 0.         0.         0.        ]
  [1.         1.         1.         ... 1.         1.         1.        ]]

 [[0.1        0.1        0.1        ... 0.1        0.1        0.1       ]
  [0.         0.2        0.         ... 0.1        0.1        0.1       ]
  [0.1        0.1        0.         ... 0.1        0.1        0.1       ]
  ...
  [0.1        0.1        0.1        ... 0.2        0.1        0.1       ]
  [0.1        0.1        0.1        ... 0.         0.         0.        ]
  [0.1        0.1        0.1        ... 0.1        0.1        0.1       ]]

 [[0.54545456 0.54545456 0.54545456 ... 0.         0.         0.        ]
  [0.54545456 0.54545456 0.54545456 ... 0.         0.         0.        ]
  [0.54545456 0.54545456 0.27272728 ... 0.         0.         0.        ]
  ...
  [0.         0.         0.         ... 0.         0.         0.        ]
  [0.         0.         0.         ... 0.         0.         0.        ]
  [0.         0.         0.         ... 0.         0.         0.        ]]

 ...

 [[0.3        0.3        0.3        ... 0.3        0.3        0.3       ]
  [0.3        0.3        0.3        ... 0.3        0.3        0.3       ]
  [0.3        0.3        0.3        ... 0.3        0.3        0.3       ]
  ...
  [0.3        0.3        0.3        ... 0.3        0.3        0.3       ]
  [0.3        0.3        0.3        ... 0.3        0.3        0.3       ]
  [0.3        0.3        0.3        ... 0.3        0.3        0.3       ]]

 [[0.7        0.7        0.         ... 0.         0.         0.        ]
  [0.         0.7        0.         ... 0.         0.         0.        ]
  [0.         0.         0.         ... 0.         0.         0.        ]
  ...
  [0.         0.         0.         ... 0.         0.         0.        ]
  [0.         0.         0.         ... 0.         0.         0.        ]
  [0.         0.         0.         ... 0.         0.         0.        ]]

 [[0.33333334 0.6666667  0.         ... 0.         0.         0.        ]
  [0.         0.6666667  0.         ... 0.         0.         0.        ]
  [0.         0.         0.         ... 0.         0.         0.        ]
  ...
  [0.         0.         0.         ... 0.         0.         0.        ]
  [0.         0.         0.         ... 0.         0.         0.        ]
  [0.         0.         0.         ... 0.         0.         0.        ]]]

===== 回合 69 =====
当前行动棋子: ID=2, 玩家=2
[InputManager] 玩家2的输入方法为: 函数式输入
[InputManager] 开始处理玩家2的行动输入
[FunctionInput] Executing action handler for player 2
[FunctionInput] Action handler executed successfully
[InputManager] 玩家2的行动输入处理完成
envState:1
action: 移动: 是
  目标位置: (0, 1)
攻击: 是
  攻击详情:
    攻击者ID: 2
    目标ID: 3
    伤害值: 0
法术: 否
目标位置(0, 1)被占据
移动失败
[Attack] Auto hit - no roll needed.
[Attack] Dealing 30 damage to target.
[DeathCheck] Roll: 20
对棋子3造成30点伤害

当前棋盘:
    0  1  2  3  4  5  6  7  8  9 10 11 12 13 14 15 16 17 18 19 

 0  4  1  1  1  1  1  1  1  1  1  1  1  1  1  1  1  1  1  1  1 
 1  2  3  1  1  1  1  1  1  1  1  1  1  1  1  1  1  1  1  1  1 
 2  1  1  1  1  1  1  1  1  1  1  1  1  1  1  1  1  1  1  1  1 
 3  1  1  1  1  1  1  1  1  1  1  1  1  1  1  1  1  1  1  1  1 
 4  1  1  1 ## ##  1  1  1  1  1  1  1  1  1  1  1  1  1  1  1 
 5  1  1  1  1 ##  1  1  1  1  1  1  1  1  1  1  1  1  1  1  1 
 6  1  1  1  1  1  1  1  1  1  1  1  1  1  1  1  1  1  1  1  1 
 7  1  1  1  1  1  1  1  1  1  1  1  1  1  1  1  1  1  1  1  1 
 8  1  1  1  1  1  1  1  1  1  1  1  1  1  1  1  1  1  1  1  1 
 9  1  1  1  1  1  1  1  1  1  1  1  1  1  1  1  1  1  1  1  1 
10  1  1  1  1  1  1  1  1  1  1  1  1  1  1  1  1  1  1  1  1 
11  1  1  1  1  1  1  1  1  1  1  1  1  1  1  1  1  1  1  1  1 
12  1  1  1  1  1  1  1  1  1  1  1  1  1  1  1  1  1  1  1  1 
13  1  1  1  1  1  1  1  1  1  1  1  1  1  1  1  1  1  1  1  1 
14  1  1  1  1  1  1  1  1  1  1  1  1  1  1  1 ##  1  1  1  1 
15  1  1  1  1  1  1  1  1  1  1  1  1  1  1  1 ## ##  1  1  1 
16  1  1  1  1  1  1  1  1  1  1  1  1  1  1  1  1 ## ## ##  1 
17  1  1  1  1  1  1  1  1  1  1  1  1  1  1  1  1 ## ## ##  1 
18  1  1  1  1  1  1  1  1  1  1  1  1  1  1  1  1 ##  1 ##  1 
19  1  1  1  1  1  1  1  1  1  1  1  1  1  1  1  1  1  1 ##  1 

[[[0.         0.         1.         ... 1.         1.         1.        ]
  [1.         0.         1.         ... 1.         1.         1.        ]
  [1.         1.         1.         ... 1.         1.         1.        ]
  ...
  [1.         1.         1.         ... 0.         1.         1.        ]
  [1.         1.         1.         ... 0.         0.         0.        ]
  [1.         1.         1.         ... 1.         1.         1.        ]]

 [[0.1        0.1        0.1        ... 0.1        0.1        0.1       ]
  [0.         0.2        0.         ... 0.1        0.1        0.1       ]
  [0.1        0.1        0.         ... 0.1        0.1        0.1       ]
  ...
  [0.1        0.1        0.1        ... 0.2        0.1        0.1       ]
  [0.1        0.1        0.1        ... 0.         0.         0.        ]
  [0.1        0.1        0.1        ... 0.1        0.1        0.1       ]]

 [[0.27272728 0.27272728 0.27272728 ... 0.         0.         0.        ]
  [0.27272728 0.27272728 0.27272728 ... 0.         0.         0.        ]
  [0.27272728 0.27272728 0.27272728 ... 0.         0.         0.        ]
  ...
  [0.         0.         0.         ... 0.         0.         0.        ]
  [0.         0.         0.         ... 0.         0.         0.        ]
  [0.         0.         0.         ... 0.         0.         0.        ]]

 ...

 [[0.3        0.3        0.3        ... 0.3        0.3        0.3       ]
  [0.3        0.3        0.3        ... 0.3        0.3        0.3       ]
  [0.3        0.3        0.3        ... 0.3        0.3        0.3       ]
  ...
  [0.3        0.3        0.3        ... 0.3        0.3        0.3       ]
  [0.3        0.3        0.3        ... 0.3        0.3        0.3       ]
  [0.3        0.3        0.3        ... 0.3        0.3        0.3       ]]

 [[0.7        0.7        0.         ... 0.         0.         0.        ]
  [0.         0.7        0.         ... 0.         0.         0.        ]
  [0.         0.         0.         ... 0.         0.         0.        ]
  ...
  [0.         0.         0.         ... 0.         0.         0.        ]
  [0.         0.         0.         ... 0.         0.         0.        ]
  [0.         0.         0.         ... 0.         0.         0.        ]]

 [[0.6666667  0.33333334 0.         ... 0.         0.         0.        ]
  [0.         0.6666667  0.         ... 0.         0.         0.        ]
  [0.         0.         0.         ... 0.         0.         0.        ]
  ...
  [0.         0.         0.         ... 0.         0.         0.        ]
  [0.         0.         0.         ... 0.         0.         0.        ]
  [0.         0.         0.         ... 0.         0.         0.        ]]]

===== 回合 70 =====
当前行动棋子: ID=3, 玩家=1
[InputManager] 玩家1的输入方法为: 函数式输入
[InputManager] 开始处理玩家1的行动输入
[FunctionInput] Executing action handler for player 1
[FunctionInput] Action handler executed successfully
[InputManager] 玩家1的行动输入处理完成
envState:1
action: 移动: 是
  目标位置: (0, 2)
攻击: 是
  攻击详情:
    攻击者ID: 3
    目标ID: 2
    伤害值: 0
法术: 否
移动成功到 (0, 2)
[Attack] Auto hit - no roll needed.
[Attack] Dealing 30 damage to target.
对棋子2造成30点伤害

当前棋盘:
    0  1  2  3  4  5  6  7  8  9 10 11 12 13 14 15 16 17 18 19 

 0  4  1  1  1  1  1  1  1  1  1  1  1  1  1  1  1  1  1  1  1 
 1  2  1  1  1  1  1  1  1  1  1  1  1  1  1  1  1  1  1  1  1 
 2  3  1  1  1  1  1  1  1  1  1  1  1  1  1  1  1  1  1  1  1 
 3  1  1  1  1  1  1  1  1  1  1  1  1  1  1  1  1  1  1  1  1 
 4  1  1  1 ## ##  1  1  1  1  1  1  1  1  1  1  1  1  1  1  1 
 5  1  1  1  1 ##  1  1  1  1  1  1  1  1  1  1  1  1  1  1  1 
 6  1  1  1  1  1  1  1  1  1  1  1  1  1  1  1  1  1  1  1  1 
 7  1  1  1  1  1  1  1  1  1  1  1  1  1  1  1  1  1  1  1  1 
 8  1  1  1  1  1  1  1  1  1  1  1  1  1  1  1  1  1  1  1  1 
 9  1  1  1  1  1  1  1  1  1  1  1  1  1  1  1  1  1  1  1  1 
10  1  1  1  1  1  1  1  1  1  1  1  1  1  1  1  1  1  1  1  1 
11  1  1  1  1  1  1  1  1  1  1  1  1  1  1  1  1  1  1  1  1 
12  1  1  1  1  1  1  1  1  1  1  1  1  1  1  1  1  1  1  1  1 
13  1  1  1  1  1  1  1  1  1  1  1  1  1  1  1  1  1  1  1  1 
14  1  1  1  1  1  1  1  1  1  1  1  1  1  1  1 ##  1  1  1  1 
15  1  1  1  1  1  1  1  1  1  1  1  1  1  1  1 ## ##  1  1  1 
16  1  1  1  1  1  1  1  1  1  1  1  1  1  1  1  1 ## ## ##  1 
17  1  1  1  1  1  1  1  1  1  1  1  1  1  1  1  1 ## ## ##  1 
18  1  1  1  1  1  1  1  1  1  1  1  1  1  1  1  1 ##  1 ##  1 
19  1  1  1  1  1  1  1  1  1  1  1  1  1  1  1  1  1  1 ##  1 

[[[0.         0.         0.         ... 1.         1.         1.        ]
  [1.         1.         1.         ... 1.         1.         1.        ]
  [1.         1.         1.         ... 1.         1.         1.        ]
  ...
  [1.         1.         1.         ... 0.         1.         1.        ]
  [1.         1.         1.         ... 0.         0.         0.        ]
  [1.         1.         1.         ... 1.         1.         1.        ]]

 [[0.1        0.1        0.1        ... 0.1        0.1        0.1       ]
  [0.         0.2        0.         ... 0.1        0.1        0.1       ]
  [0.1        0.1        0.         ... 0.1        0.1        0.1       ]
  ...
  [0.1        0.1        0.1        ... 0.2        0.1        0.1       ]
  [0.1        0.1        0.1        ... 0.         0.         0.        ]
  [0.1        0.1        0.1        ... 0.1        0.1        0.1       ]]

 [[0.54545456 0.54545456 0.54545456 ... 0.         0.         0.        ]
  [0.54545456 0.54545456 0.54545456 ... 0.         0.         0.        ]
  [0.27272728 0.54545456 0.27272728 ... 0.         0.         0.        ]
  ...
  [0.         0.         0.         ... 0.         0.         0.        ]
  [0.         0.         0.         ... 0.         0.         0.        ]
  [0.         0.         0.         ... 0.         0.         0.        ]]

 ...

 [[0.3        0.3        0.3        ... 0.3        0.3        0.3       ]
  [0.3        0.3        0.3        ... 0.3        0.3        0.3       ]
  [0.3        0.3        0.3        ... 0.3        0.3        0.3       ]
  ...
  [0.3        0.3        0.3        ... 0.3        0.3        0.3       ]
  [0.3        0.3        0.3        ... 0.3        0.3        0.3       ]
  [0.3        0.3        0.3        ... 0.3        0.3        0.3       ]]

 [[0.7        0.7        0.7        ... 0.         0.         0.        ]
  [0.         0.         0.         ... 0.         0.         0.        ]
  [0.         0.         0.         ... 0.         0.         0.        ]
  ...
  [0.         0.         0.         ... 0.         0.         0.        ]
  [0.         0.         0.         ... 0.         0.         0.        ]
  [0.         0.         0.         ... 0.         0.         0.        ]]

 [[0.6666667  0.6666667  0.         ... 0.         0.         0.        ]
  [0.         0.         0.         ... 0.         0.         0.        ]
  [0.         0.         0.         ... 0.         0.         0.        ]
  ...
  [0.         0.         0.         ... 0.         0.         0.        ]
  [0.         0.         0.         ... 0.         0.         0.        ]
  [0.         0.         0.         ... 0.         0.         0.        ]]]

===== 回合 71 =====
当前行动棋子: ID=4, 玩家=1
[InputManager] 玩家1的输入方法为: 函数式输入
[InputManager] 开始处理玩家1的行动输入
[FunctionInput] Executing action handler for player 1
[FunctionInput] Action handler executed successfully
[InputManager] 玩家1的行动输入处理完成
envState:1
action: 移动: 是
  目标位置: (0, 0)
攻击: 是
  攻击详情:
    攻击者ID: 4
    目标ID: 2
    伤害值: 0
法术: 否
目标位置(0, 0)被占据
移动失败
[Attack] Auto hit - no roll needed.
[Attack] Dealing 30 damage to target.
对棋子2造成30点伤害

当前棋盘:
    0  1  2  3  4  5  6  7  8  9 10 11 12 13 14 15 16 17 18 19 

 0  4  1  1  1  1  1  1  1  1  1  1  1  1  1  1  1  1  1  1  1 
 1  2  1  1  1  1  1  1  1  1  1  1  1  1  1  1  1  1  1  1  1 
 2  3  1  1  1  1  1  1  1  1  1  1  1  1  1  1  1  1  1  1  1 
 3  1  1  1  1  1  1  1  1  1  1  1  1  1  1  1  1  1  1  1  1 
 4  1  1  1 ## ##  1  1  1  1  1  1  1  1  1  1  1  1  1  1  1 
 5  1  1  1  1 ##  1  1  1  1  1  1  1  1  1  1  1  1  1  1  1 
 6  1  1  1  1  1  1  1  1  1  1  1  1  1  1  1  1  1  1  1  1 
 7  1  1  1  1  1  1  1  1  1  1  1  1  1  1  1  1  1  1  1  1 
 8  1  1  1  1  1  1  1  1  1  1  1  1  1  1  1  1  1  1  1  1 
 9  1  1  1  1  1  1  1  1  1  1  1  1  1  1  1  1  1  1  1  1 
10  1  1  1  1  1  1  1  1  1  1  1  1  1  1  1  1  1  1  1  1 
11  1  1  1  1  1  1  1  1  1  1  1  1  1  1  1  1  1  1  1  1 
12  1  1  1  1  1  1  1  1  1  1  1  1  1  1  1  1  1  1  1  1 
13  1  1  1  1  1  1  1  1  1  1  1  1  1  1  1  1  1  1  1  1 
14  1  1  1  1  1  1  1  1  1  1  1  1  1  1  1 ##  1  1  1  1 
15  1  1  1  1  1  1  1  1  1  1  1  1  1  1  1 ## ##  1  1  1 
16  1  1  1  1  1  1  1  1  1  1  1  1  1  1  1  1 ## ## ##  1 
17  1  1  1  1  1  1  1  1  1  1  1  1  1  1  1  1 ## ## ##  1 
18  1  1  1  1  1  1  1  1  1  1  1  1  1  1  1  1 ##  1 ##  1 
19  1  1  1  1  1  1  1  1  1  1  1  1  1  1  1  1  1  1 ##  1 

[[[0.         0.         0.         ... 1.         1.         1.        ]
  [1.         1.         1.         ... 1.         1.         1.        ]
  [1.         1.         1.         ... 1.         1.         1.        ]
  ...
  [1.         1.         1.         ... 0.         1.         1.        ]
  [1.         1.         1.         ... 0.         0.         0.        ]
  [1.         1.         1.         ... 1.         1.         1.        ]]

 [[0.1        0.1        0.1        ... 0.1        0.1        0.1       ]
  [0.         0.2        0.         ... 0.1        0.1        0.1       ]
  [0.1        0.1        0.         ... 0.1        0.1        0.1       ]
  ...
  [0.1        0.1        0.1        ... 0.2        0.1        0.1       ]
  [0.1        0.1        0.1        ... 0.         0.         0.        ]
  [0.1        0.1        0.1        ... 0.1        0.1        0.1       ]]

 [[0.54545456 0.54545456 0.54545456 ... 0.         0.         0.        ]
  [0.54545456 0.54545456 0.54545456 ... 0.         0.         0.        ]
  [0.27272728 0.54545456 0.27272728 ... 0.         0.         0.        ]
  ...
  [0.         0.         0.         ... 0.         0.         0.        ]
  [0.         0.         0.         ... 0.         0.         0.        ]
  [0.         0.         0.         ... 0.         0.         0.        ]]

 ...

 [[0.3        0.3        0.3        ... 0.3        0.3        0.3       ]
  [0.3        0.3        0.3        ... 0.3        0.3        0.3       ]
  [0.3        0.3        0.3        ... 0.3        0.3        0.3       ]
  ...
  [0.3        0.3        0.3        ... 0.3        0.3        0.3       ]
  [0.3        0.3        0.3        ... 0.3        0.3        0.3       ]
  [0.3        0.3        0.3        ... 0.3        0.3        0.3       ]]

 [[0.7        0.7        0.7        ... 0.         0.         0.        ]
  [0.         0.         0.         ... 0.         0.         0.        ]
  [0.         0.         0.         ... 0.         0.         0.        ]
  ...
  [0.         0.         0.         ... 0.         0.         0.        ]
  [0.         0.         0.         ... 0.         0.         0.        ]
  [0.         0.         0.         ... 0.         0.         0.        ]]

 [[0.33333334 0.6666667  0.6666667  ... 0.         0.         0.        ]
  [0.         0.         0.         ... 0.         0.         0.        ]
  [0.         0.         0.         ... 0.         0.         0.        ]
  ...
  [0.         0.         0.         ... 0.         0.         0.        ]
  [0.         0.         0.         ... 0.         0.         0.        ]
  [0.         0.         0.         ... 0.         0.         0.        ]]]

===== 回合 72 =====
当前行动棋子: ID=2, 玩家=2
[InputManager] 玩家2的输入方法为: 函数式输入
[InputManager] 开始处理玩家2的行动输入
[FunctionInput] Executing action handler for player 2
[FunctionInput] Action handler executed successfully
[InputManager] 玩家2的行动输入处理完成
envState:1
action: 移动: 是
  目标位置: (0, 1)
攻击: 是
  攻击详情:
    攻击者ID: 2
    目标ID: 3
    伤害值: 0
法术: 否
目标位置(0, 1)被占据
移动失败
[Attack] Auto hit - no roll needed.
[Attack] Dealing 30 damage to target.
[DeathCheck] Roll: 12
对棋子3造成30点伤害

当前棋盘:
    0  1  2  3  4  5  6  7  8  9 10 11 12 13 14 15 16 17 18 19 

 0  4  1  1  1  1  1  1  1  1  1  1  1  1  1  1  1  1  1  1  1 
 1  2  1  1  1  1  1  1  1  1  1  1  1  1  1  1  1  1  1  1  1 
 2  1  1  1  1  1  1  1  1  1  1  1  1  1  1  1  1  1  1  1  1 
 3  1  1  1  1  1  1  1  1  1  1  1  1  1  1  1  1  1  1  1  1 
 4  1  1  1 ## ##  1  1  1  1  1  1  1  1  1  1  1  1  1  1  1 
 5  1  1  1  1 ##  1  1  1  1  1  1  1  1  1  1  1  1  1  1  1 
 6  1  1  1  1  1  1  1  1  1  1  1  1  1  1  1  1  1  1  1  1 
 7  1  1  1  1  1  1  1  1  1  1  1  1  1  1  1  1  1  1  1  1 
 8  1  1  1  1  1  1  1  1  1  1  1  1  1  1  1  1  1  1  1  1 
 9  1  1  1  1  1  1  1  1  1  1  1  1  1  1  1  1  1  1  1  1 
10  1  1  1  1  1  1  1  1  1  1  1  1  1  1  1  1  1  1  1  1 
11  1  1  1  1  1  1  1  1  1  1  1  1  1  1  1  1  1  1  1  1 
12  1  1  1  1  1  1  1  1  1  1  1  1  1  1  1  1  1  1  1  1 
13  1  1  1  1  1  1  1  1  1  1  1  1  1  1  1  1  1  1  1  1 
14  1  1  1  1  1  1  1  1  1  1  1  1  1  1  1 ##  1  1  1  1 
15  1  1  1  1  1  1  1  1  1  1  1  1  1  1  1 ## ##  1  1  1 
16  1  1  1  1  1  1  1  1  1  1  1  1  1  1  1  1 ## ## ##  1 
17  1  1  1  1  1  1  1  1  1  1  1  1  1  1  1  1 ## ## ##  1 
18  1  1  1  1  1  1  1  1  1  1  1  1  1  1  1  1 ##  1 ##  1 
19  1  1  1  1  1  1  1  1  1  1  1  1  1  1  1  1  1  1 ##  1 

[[[0.         0.         1.         ... 1.         1.         1.        ]
  [1.         1.         1.         ... 1.         1.         1.        ]
  [1.         1.         1.         ... 1.         1.         1.        ]
  ...
  [1.         1.         1.         ... 0.         1.         1.        ]
  [1.         1.         1.         ... 0.         0.         0.        ]
  [1.         1.         1.         ... 1.         1.         1.        ]]

 [[0.1        0.1        0.1        ... 0.1        0.1        0.1       ]
  [0.         0.2        0.         ... 0.1        0.1        0.1       ]
  [0.1        0.1        0.         ... 0.1        0.1        0.1       ]
  ...
  [0.1        0.1        0.1        ... 0.2        0.1        0.1       ]
  [0.1        0.1        0.1        ... 0.         0.         0.        ]
  [0.1        0.1        0.1        ... 0.1        0.1        0.1       ]]

 [[0.27272728 0.27272728 0.27272728 ... 0.         0.         0.        ]
  [0.27272728 0.27272728 0.27272728 ... 0.         0.         0.        ]
  [0.27272728 0.27272728 0.27272728 ... 0.         0.         0.        ]
  ...
  [0.         0.         0.         ... 0.         0.         0.        ]
  [0.         0.         0.         ... 0.         0.         0.        ]
  [0.         0.         0.         ... 0.         0.         0.        ]]

 ...

 [[0.3        0.3        0.3        ... 0.3        0.3        0.3       ]
  [0.3        0.3        0.3        ... 0.3        0.3        0.3       ]
  [0.3        0.3        0.3        ... 0.3        0.3        0.3       ]
  ...
  [0.3        0.3        0.3        ... 0.3        0.3        0.3       ]
  [0.3        0.3        0.3        ... 0.3        0.3        0.3       ]
  [0.3        0.3        0.3        ... 0.3        0.3        0.3       ]]

 [[0.7        0.7        0.         ... 0.         0.         0.        ]
  [0.         0.         0.         ... 0.         0.         0.        ]
  [0.         0.         0.         ... 0.         0.         0.        ]
  ...
  [0.         0.         0.         ... 0.         0.         0.        ]
  [0.         0.         0.         ... 0.         0.         0.        ]
  [0.         0.         0.         ... 0.         0.         0.        ]]

 [[0.6666667  0.33333334 0.         ... 0.         0.         0.        ]
  [0.         0.         0.         ... 0.         0.         0.        ]
  [0.         0.         0.         ... 0.         0.         0.        ]
  ...
  [0.         0.         0.         ... 0.         0.         0.        ]
  [0.         0.         0.         ... 0.         0.         0.        ]
  [0.         0.         0.         ... 0.         0.         0.        ]]]

===== 回合 73 =====
当前行动棋子: ID=4, 玩家=1
[InputManager] 玩家1的输入方法为: 函数式输入
[InputManager] 开始处理玩家1的行动输入
[FunctionInput] Executing action handler for player 1
[FunctionInput] Action handler executed successfully
[InputManager] 玩家1的行动输入处理完成
envState:1
action: 移动: 是
  目标位置: (0, 0)
攻击: 是
  攻击详情:
    攻击者ID: 4
    目标ID: 2
    伤害值: 0
法术: 否
目标位置(0, 0)被占据
移动失败
[Attack] Auto hit - no roll needed.
[Attack] Dealing 30 damage to target.
对棋子2造成30点伤害

当前棋盘:
    0  1  2  3  4  5  6  7  8  9 10 11 12 13 14 15 16 17 18 19 

 0  4  1  1  1  1  1  1  1  1  1  1  1  1  1  1  1  1  1  1  1 
 1  2  1  1  1  1  1  1  1  1  1  1  1  1  1  1  1  1  1  1  1 
 2  1  1  1  1  1  1  1  1  1  1  1  1  1  1  1  1  1  1  1  1 
 3  1  1  1  1  1  1  1  1  1  1  1  1  1  1  1  1  1  1  1  1 
 4  1  1  1 ## ##  1  1  1  1  1  1  1  1  1  1  1  1  1  1  1 
 5  1  1  1  1 ##  1  1  1  1  1  1  1  1  1  1  1  1  1  1  1 
 6  1  1  1  1  1  1  1  1  1  1  1  1  1  1  1  1  1  1  1  1 
 7  1  1  1  1  1  1  1  1  1  1  1  1  1  1  1  1  1  1  1  1 
 8  1  1  1  1  1  1  1  1  1  1  1  1  1  1  1  1  1  1  1  1 
 9  1  1  1  1  1  1  1  1  1  1  1  1  1  1  1  1  1  1  1  1 
10  1  1  1  1  1  1  1  1  1  1  1  1  1  1  1  1  1  1  1  1 
11  1  1  1  1  1  1  1  1  1  1  1  1  1  1  1  1  1  1  1  1 
12  1  1  1  1  1  1  1  1  1  1  1  1  1  1  1  1  1  1  1  1 
13  1  1  1  1  1  1  1  1  1  1  1  1  1  1  1  1  1  1  1  1 
14  1  1  1  1  1  1  1  1  1  1  1  1  1  1  1 ##  1  1  1  1 
15  1  1  1  1  1  1  1  1  1  1  1  1  1  1  1 ## ##  1  1  1 
16  1  1  1  1  1  1  1  1  1  1  1  1  1  1  1  1 ## ## ##  1 
17  1  1  1  1  1  1  1  1  1  1  1  1  1  1  1  1 ## ## ##  1 
18  1  1  1  1  1  1  1  1  1  1  1  1  1  1  1  1 ##  1 ##  1 
19  1  1  1  1  1  1  1  1  1  1  1  1  1  1  1  1  1  1 ##  1 

[[[0.         0.         1.         ... 1.         1.         1.        ]
  [1.         1.         1.         ... 1.         1.         1.        ]
  [1.         1.         1.         ... 1.         1.         1.        ]
  ...
  [1.         1.         1.         ... 0.         1.         1.        ]
  [1.         1.         1.         ... 0.         0.         0.        ]
  [1.         1.         1.         ... 1.         1.         1.        ]]

 [[0.1        0.1        0.1        ... 0.1        0.1        0.1       ]
  [0.         0.2        0.         ... 0.1        0.1        0.1       ]
  [0.1        0.1        0.         ... 0.1        0.1        0.1       ]
  ...
  [0.1        0.1        0.1        ... 0.2        0.1        0.1       ]
  [0.1        0.1        0.1        ... 0.         0.         0.        ]
  [0.1        0.1        0.1        ... 0.1        0.1        0.1       ]]

 [[0.27272728 0.27272728 0.27272728 ... 0.         0.         0.        ]
  [0.27272728 0.27272728 0.27272728 ... 0.         0.         0.        ]
  [0.27272728 0.27272728 0.         ... 0.         0.         0.        ]
  ...
  [0.         0.         0.         ... 0.         0.         0.        ]
  [0.         0.         0.         ... 0.         0.         0.        ]
  [0.         0.         0.         ... 0.         0.         0.        ]]

 ...

 [[0.3        0.3        0.3        ... 0.3        0.3        0.3       ]
  [0.3        0.3        0.3        ... 0.3        0.3        0.3       ]
  [0.3        0.3        0.3        ... 0.3        0.3        0.3       ]
  ...
  [0.3        0.3        0.3        ... 0.3        0.3        0.3       ]
  [0.3        0.3        0.3        ... 0.3        0.3        0.3       ]
  [0.3        0.3        0.3        ... 0.3        0.3        0.3       ]]

 [[0.7        0.7        0.         ... 0.         0.         0.        ]
  [0.         0.         0.         ... 0.         0.         0.        ]
  [0.         0.         0.         ... 0.         0.         0.        ]
  ...
  [0.         0.         0.         ... 0.         0.         0.        ]
  [0.         0.         0.         ... 0.         0.         0.        ]
  [0.         0.         0.         ... 0.         0.         0.        ]]

 [[0.33333334 0.6666667  0.         ... 0.         0.         0.        ]
  [0.         0.         0.         ... 0.         0.         0.        ]
  [0.         0.         0.         ... 0.         0.         0.        ]
  ...
  [0.         0.         0.         ... 0.         0.         0.        ]
  [0.         0.         0.         ... 0.         0.         0.        ]
  [0.         0.         0.         ... 0.         0.         0.        ]]]

===== 回合 74 =====
当前行动棋子: ID=2, 玩家=2
[InputManager] 玩家2的输入方法为: 函数式输入
[InputManager] 开始处理玩家2的行动输入
[FunctionInput] Executing action handler for player 2
[FunctionInput] Action handler executed successfully
[InputManager] 玩家2的行动输入处理完成
envState:1
action: 移动: 是
  目标位置: (0, 1)
攻击: 是
  攻击详情:
    攻击者ID: 2
    目标ID: 4
    伤害值: 0
法术: 否
目标位置(0, 1)被占据
移动失败
[Attack] Auto hit - no roll needed.
[Attack] Dealing 30 damage to target.
对棋子4造成30点伤害

当前棋盘:
    0  1  2  3  4  5  6  7  8  9 10 11 12 13 14 15 16 17 18 19 

 0  4  1  1  1  1  1  1  1  1  1  1  1  1  1  1  1  1  1  1  1 
 1  2  1  1  1  1  1  1  1  1  1  1  1  1  1  1  1  1  1  1  1 
 2  1  1  1  1  1  1  1  1  1  1  1  1  1  1  1  1  1  1  1  1 
 3  1  1  1  1  1  1  1  1  1  1  1  1  1  1  1  1  1  1  1  1 
 4  1  1  1 ## ##  1  1  1  1  1  1  1  1  1  1  1  1  1  1  1 
 5  1  1  1  1 ##  1  1  1  1  1  1  1  1  1  1  1  1  1  1  1 
 6  1  1  1  1  1  1  1  1  1  1  1  1  1  1  1  1  1  1  1  1 
 7  1  1  1  1  1  1  1  1  1  1  1  1  1  1  1  1  1  1  1  1 
 8  1  1  1  1  1  1  1  1  1  1  1  1  1  1  1  1  1  1  1  1 
 9  1  1  1  1  1  1  1  1  1  1  1  1  1  1  1  1  1  1  1  1 
10  1  1  1  1  1  1  1  1  1  1  1  1  1  1  1  1  1  1  1  1 
11  1  1  1  1  1  1  1  1  1  1  1  1  1  1  1  1  1  1  1  1 
12  1  1  1  1  1  1  1  1  1  1  1  1  1  1  1  1  1  1  1  1 
13  1  1  1  1  1  1  1  1  1  1  1  1  1  1  1  1  1  1  1  1 
14  1  1  1  1  1  1  1  1  1  1  1  1  1  1  1 ##  1  1  1  1 
15  1  1  1  1  1  1  1  1  1  1  1  1  1  1  1 ## ##  1  1  1 
16  1  1  1  1  1  1  1  1  1  1  1  1  1  1  1  1 ## ## ##  1 
17  1  1  1  1  1  1  1  1  1  1  1  1  1  1  1  1 ## ## ##  1 
18  1  1  1  1  1  1  1  1  1  1  1  1  1  1  1  1 ##  1 ##  1 
19  1  1  1  1  1  1  1  1  1  1  1  1  1  1  1  1  1  1 ##  1 

[[[0.         0.         1.         ... 1.         1.         1.        ]
  [1.         1.         1.         ... 1.         1.         1.        ]
  [1.         1.         1.         ... 1.         1.         1.        ]
  ...
  [1.         1.         1.         ... 0.         1.         1.        ]
  [1.         1.         1.         ... 0.         0.         0.        ]
  [1.         1.         1.         ... 1.         1.         1.        ]]

 [[0.1        0.1        0.1        ... 0.1        0.1        0.1       ]
  [0.         0.2        0.         ... 0.1        0.1        0.1       ]
  [0.1        0.1        0.         ... 0.1        0.1        0.1       ]
  ...
  [0.1        0.1        0.1        ... 0.2        0.1        0.1       ]
  [0.1        0.1        0.1        ... 0.         0.         0.        ]
  [0.1        0.1        0.1        ... 0.1        0.1        0.1       ]]

 [[0.27272728 0.27272728 0.27272728 ... 0.         0.         0.        ]
  [0.27272728 0.27272728 0.27272728 ... 0.         0.         0.        ]
  [0.27272728 0.27272728 0.27272728 ... 0.         0.         0.        ]
  ...
  [0.         0.         0.         ... 0.         0.         0.        ]
  [0.         0.         0.         ... 0.         0.         0.        ]
  [0.         0.         0.         ... 0.         0.         0.        ]]

 ...

 [[0.3        0.3        0.3        ... 0.3        0.3        0.3       ]
  [0.3        0.3        0.3        ... 0.3        0.3        0.3       ]
  [0.3        0.3        0.3        ... 0.3        0.3        0.3       ]
  ...
  [0.3        0.3        0.3        ... 0.3        0.3        0.3       ]
  [0.3        0.3        0.3        ... 0.3        0.3        0.3       ]
  [0.3        0.3        0.3        ... 0.3        0.3        0.3       ]]

 [[0.7        0.7        0.         ... 0.         0.         0.        ]
  [0.         0.         0.         ... 0.         0.         0.        ]
  [0.         0.         0.         ... 0.         0.         0.        ]
  ...
  [0.         0.         0.         ... 0.         0.         0.        ]
  [0.         0.         0.         ... 0.         0.         0.        ]
  [0.         0.         0.         ... 0.         0.         0.        ]]

 [[0.6666667  0.33333334 0.         ... 0.         0.         0.        ]
  [0.         0.         0.         ... 0.         0.         0.        ]
  [0.         0.         0.         ... 0.         0.         0.        ]
  ...
  [0.         0.         0.         ... 0.         0.         0.        ]
  [0.         0.         0.         ... 0.         0.         0.        ]
  [0.         0.         0.         ... 0.         0.         0.        ]]]

===== 回合 75 =====
当前行动棋子: ID=4, 玩家=1
[InputManager] 玩家1的输入方法为: 函数式输入
[InputManager] 开始处理玩家1的行动输入
[FunctionInput] Executing action handler for player 1
[FunctionInput] Action handler executed successfully
[InputManager] 玩家1的行动输入处理完成
envState:1
action: 移动: 是
  目标位置: (0, 0)
攻击: 是
  攻击详情:
    攻击者ID: 4
    目标ID: 2
    伤害值: 0
法术: 否
目标位置(0, 0)被占据
移动失败
[Attack] Auto hit - no roll needed.
[Attack] Dealing 30 damage to target.
[DeathCheck] Roll: 20
对棋子2造成30点伤害

当前棋盘:
    0  1  2  3  4  5  6  7  8  9 10 11 12 13 14 15 16 17 18 19 

 0  4  1  1  1  1  1  1  1  1  1  1  1  1  1  1  1  1  1  1  1 
 1  2  1  1  1  1  1  1  1  1  1  1  1  1  1  1  1  1  1  1  1 
 2  1  1  1  1  1  1  1  1  1  1  1  1  1  1  1  1  1  1  1  1 
 3  1  1  1  1  1  1  1  1  1  1  1  1  1  1  1  1  1  1  1  1 
 4  1  1  1 ## ##  1  1  1  1  1  1  1  1  1  1  1  1  1  1  1 
 5  1  1  1  1 ##  1  1  1  1  1  1  1  1  1  1  1  1  1  1  1 
 6  1  1  1  1  1  1  1  1  1  1  1  1  1  1  1  1  1  1  1  1 
 7  1  1  1  1  1  1  1  1  1  1  1  1  1  1  1  1  1  1  1  1 
 8  1  1  1  1  1  1  1  1  1  1  1  1  1  1  1  1  1  1  1  1 
 9  1  1  1  1  1  1  1  1  1  1  1  1  1  1  1  1  1  1  1  1 
10  1  1  1  1  1  1  1  1  1  1  1  1  1  1  1  1  1  1  1  1 
11  1  1  1  1  1  1  1  1  1  1  1  1  1  1  1  1  1  1  1  1 
12  1  1  1  1  1  1  1  1  1  1  1  1  1  1  1  1  1  1  1  1 
13  1  1  1  1  1  1  1  1  1  1  1  1  1  1  1  1  1  1  1  1 
14  1  1  1  1  1  1  1  1  1  1  1  1  1  1  1 ##  1  1  1  1 
15  1  1  1  1  1  1  1  1  1  1  1  1  1  1  1 ## ##  1  1  1 
16  1  1  1  1  1  1  1  1  1  1  1  1  1  1  1  1 ## ## ##  1 
17  1  1  1  1  1  1  1  1  1  1  1  1  1  1  1  1 ## ## ##  1 
18  1  1  1  1  1  1  1  1  1  1  1  1  1  1  1  1 ##  1 ##  1 
19  1  1  1  1  1  1  1  1  1  1  1  1  1  1  1  1  1  1 ##  1 

[[[0.         0.         1.         ... 1.         1.         1.        ]
  [1.         1.         1.         ... 1.         1.         1.        ]
  [1.         1.         1.         ... 1.         1.         1.        ]
  ...
  [1.         1.         1.         ... 0.         1.         1.        ]
  [1.         1.         1.         ... 0.         0.         0.        ]
  [1.         1.         1.         ... 1.         1.         1.        ]]

 [[0.1        0.1        0.1        ... 0.1        0.1        0.1       ]
  [0.         0.2        0.         ... 0.1        0.1        0.1       ]
  [0.1        0.1        0.         ... 0.1        0.1        0.1       ]
  ...
  [0.1        0.1        0.1        ... 0.2        0.1        0.1       ]
  [0.1        0.1        0.1        ... 0.         0.         0.        ]
  [0.1        0.1        0.1        ... 0.1        0.1        0.1       ]]

 [[0.27272728 0.27272728 0.27272728 ... 0.         0.         0.        ]
  [0.27272728 0.27272728 0.27272728 ... 0.         0.         0.        ]
  [0.27272728 0.27272728 0.         ... 0.         0.         0.        ]
  ...
  [0.         0.         0.         ... 0.         0.         0.        ]
  [0.         0.         0.         ... 0.         0.         0.        ]
  [0.         0.         0.         ... 0.         0.         0.        ]]

 ...

 [[0.3        0.3        0.3        ... 0.3        0.3        0.3       ]
  [0.3        0.3        0.3        ... 0.3        0.3        0.3       ]
  [0.3        0.3        0.3        ... 0.3        0.3        0.3       ]
  ...
  [0.3        0.3        0.3        ... 0.3        0.3        0.3       ]
  [0.3        0.3        0.3        ... 0.3        0.3        0.3       ]
  [0.3        0.3        0.3        ... 0.3        0.3        0.3       ]]

 [[0.7        0.7        0.         ... 0.         0.         0.        ]
  [0.         0.         0.         ... 0.         0.         0.        ]
  [0.         0.         0.         ... 0.         0.         0.        ]
  ...
  [0.         0.         0.         ... 0.         0.         0.        ]
  [0.         0.         0.         ... 0.         0.         0.        ]
  [0.         0.         0.         ... 0.         0.         0.        ]]

 [[0.33333334 0.6666667  0.         ... 0.         0.         0.        ]
  [0.         0.         0.         ... 0.         0.         0.        ]
  [0.         0.         0.         ... 0.         0.         0.        ]
  ...
  [0.         0.         0.         ... 0.         0.         0.        ]
  [0.         0.         0.         ... 0.         0.         0.        ]
  [0.         0.         0.         ... 0.         0.         0.        ]]]

===== 回合 76 =====
当前行动棋子: ID=2, 玩家=2
[InputManager] 玩家2的输入方法为: 函数式输入
[InputManager] 开始处理玩家2的行动输入
[FunctionInput] Executing action handler for player 2
[FunctionInput] Action handler executed successfully
[InputManager] 玩家2的行动输入处理完成
envState:1
action: 移动: 是
  目标位置: (0, 1)
攻击: 是
  攻击详情:
    攻击者ID: 2
    目标ID: 4
    伤害值: 0
法术: 否
目标位置(0, 1)被占据
移动失败
[Attack] Auto hit - no roll needed.
[Attack] Dealing 30 damage to target.
对棋子4造成30点伤害

当前棋盘:
    0  1  2  3  4  5  6  7  8  9 10 11 12 13 14 15 16 17 18 19 

 0  4  1  1  1  1  1  1  1  1  1  1  1  1  1  1  1  1  1  1  1 
 1  2  1  1  1  1  1  1  1  1  1  1  1  1  1  1  1  1  1  1  1 
 2  1  1  1  1  1  1  1  1  1  1  1  1  1  1  1  1  1  1  1  1 
 3  1  1  1  1  1  1  1  1  1  1  1  1  1  1  1  1  1  1  1  1 
 4  1  1  1 ## ##  1  1  1  1  1  1  1  1  1  1  1  1  1  1  1 
 5  1  1  1  1 ##  1  1  1  1  1  1  1  1  1  1  1  1  1  1  1 
 6  1  1  1  1  1  1  1  1  1  1  1  1  1  1  1  1  1  1  1  1 
 7  1  1  1  1  1  1  1  1  1  1  1  1  1  1  1  1  1  1  1  1 
 8  1  1  1  1  1  1  1  1  1  1  1  1  1  1  1  1  1  1  1  1 
 9  1  1  1  1  1  1  1  1  1  1  1  1  1  1  1  1  1  1  1  1 
10  1  1  1  1  1  1  1  1  1  1  1  1  1  1  1  1  1  1  1  1 
11  1  1  1  1  1  1  1  1  1  1  1  1  1  1  1  1  1  1  1  1 
12  1  1  1  1  1  1  1  1  1  1  1  1  1  1  1  1  1  1  1  1 
13  1  1  1  1  1  1  1  1  1  1  1  1  1  1  1  1  1  1  1  1 
14  1  1  1  1  1  1  1  1  1  1  1  1  1  1  1 ##  1  1  1  1 
15  1  1  1  1  1  1  1  1  1  1  1  1  1  1  1 ## ##  1  1  1 
16  1  1  1  1  1  1  1  1  1  1  1  1  1  1  1  1 ## ## ##  1 
17  1  1  1  1  1  1  1  1  1  1  1  1  1  1  1  1 ## ## ##  1 
18  1  1  1  1  1  1  1  1  1  1  1  1  1  1  1  1 ##  1 ##  1 
19  1  1  1  1  1  1  1  1  1  1  1  1  1  1  1  1  1  1 ##  1 

[[[0.         0.         1.         ... 1.         1.         1.        ]
  [1.         1.         1.         ... 1.         1.         1.        ]
  [1.         1.         1.         ... 1.         1.         1.        ]
  ...
  [1.         1.         1.         ... 0.         1.         1.        ]
  [1.         1.         1.         ... 0.         0.         0.        ]
  [1.         1.         1.         ... 1.         1.         1.        ]]

 [[0.1        0.1        0.1        ... 0.1        0.1        0.1       ]
  [0.         0.2        0.         ... 0.1        0.1        0.1       ]
  [0.1        0.1        0.         ... 0.1        0.1        0.1       ]
  ...
  [0.1        0.1        0.1        ... 0.2        0.1        0.1       ]
  [0.1        0.1        0.1        ... 0.         0.         0.        ]
  [0.1        0.1        0.1        ... 0.1        0.1        0.1       ]]

 [[0.27272728 0.27272728 0.27272728 ... 0.         0.         0.        ]
  [0.27272728 0.27272728 0.27272728 ... 0.         0.         0.        ]
  [0.27272728 0.27272728 0.27272728 ... 0.         0.         0.        ]
  ...
  [0.         0.         0.         ... 0.         0.         0.        ]
  [0.         0.         0.         ... 0.         0.         0.        ]
  [0.         0.         0.         ... 0.         0.         0.        ]]

 ...

 [[0.3        0.3        0.3        ... 0.3        0.3        0.3       ]
  [0.3        0.3        0.3        ... 0.3        0.3        0.3       ]
  [0.3        0.3        0.3        ... 0.3        0.3        0.3       ]
  ...
  [0.3        0.3        0.3        ... 0.3        0.3        0.3       ]
  [0.3        0.3        0.3        ... 0.3        0.3        0.3       ]
  [0.3        0.3        0.3        ... 0.3        0.3        0.3       ]]

 [[0.7        0.7        0.         ... 0.         0.         0.        ]
  [0.         0.         0.         ... 0.         0.         0.        ]
  [0.         0.         0.         ... 0.         0.         0.        ]
  ...
  [0.         0.         0.         ... 0.         0.         0.        ]
  [0.         0.         0.         ... 0.         0.         0.        ]
  [0.         0.         0.         ... 0.         0.         0.        ]]

 [[0.6666667  0.33333334 0.         ... 0.         0.         0.        ]
  [0.         0.         0.         ... 0.         0.         0.        ]
  [0.         0.         0.         ... 0.         0.         0.        ]
  ...
  [0.         0.         0.         ... 0.         0.         0.        ]
  [0.         0.         0.         ... 0.         0.         0.        ]
  [0.         0.         0.         ... 0.         0.         0.        ]]]

===== 回合 77 =====
当前行动棋子: ID=4, 玩家=1
[InputManager] 玩家1的输入方法为: 函数式输入
[InputManager] 开始处理玩家1的行动输入
[FunctionInput] Executing action handler for player 1
[FunctionInput] Action handler executed successfully
[InputManager] 玩家1的行动输入处理完成
envState:1
action: 移动: 是
  目标位置: (0, 0)
攻击: 是
  攻击详情:
    攻击者ID: 4
    目标ID: 2
    伤害值: 0
法术: 否
目标位置(0, 0)被占据
移动失败
[Attack] Auto hit - no roll needed.
[Attack] Dealing 30 damage to target.
[DeathCheck] Roll: 1
对棋子2造成30点伤害
游戏结束!
玩家1获胜!

当前棋盘:
    0  1  2  3  4  5  6  7  8  9 10 11 12 13 14 15 16 17 18 19 

 0  4  1  1  1  1  1  1  1  1  1  1  1  1  1  1  1  1  1  1  1 
 1  1  1  1  1  1  1  1  1  1  1  1  1  1  1  1  1  1  1  1  1 
 2  1  1  1  1  1  1  1  1  1  1  1  1  1  1  1  1  1  1  1  1 
 3  1  1  1  1  1  1  1  1  1  1  1  1  1  1  1  1  1  1  1  1 
 4  1  1  1 ## ##  1  1  1  1  1  1  1  1  1  1  1  1  1  1  1 
 5  1  1  1  1 ##  1  1  1  1  1  1  1  1  1  1  1  1  1  1  1 
 6  1  1  1  1  1  1  1  1  1  1  1  1  1  1  1  1  1  1  1  1 
 7  1  1  1  1  1  1  1  1  1  1  1  1  1  1  1  1  1  1  1  1 
 8  1  1  1  1  1  1  1  1  1  1  1  1  1  1  1  1  1  1  1  1 
 9  1  1  1  1  1  1  1  1  1  1  1  1  1  1  1  1  1  1  1  1 
10  1  1  1  1  1  1  1  1  1  1  1  1  1  1  1  1  1  1  1  1 
11  1  1  1  1  1  1  1  1  1  1  1  1  1  1  1  1  1  1  1  1 
12  1  1  1  1  1  1  1  1  1  1  1  1  1  1  1  1  1  1  1  1 
13  1  1  1  1  1  1  1  1  1  1  1  1  1  1  1  1  1  1  1  1 
14  1  1  1  1  1  1  1  1  1  1  1  1  1  1  1 ##  1  1  1  1 
15  1  1  1  1  1  1  1  1  1  1  1  1  1  1  1 ## ##  1  1  1 
16  1  1  1  1  1  1  1  1  1  1  1  1  1  1  1  1 ## ## ##  1 
17  1  1  1  1  1  1  1  1  1  1  1  1  1  1  1  1 ## ## ##  1 
18  1  1  1  1  1  1  1  1  1  1  1  1  1  1  1  1 ##  1 ##  1 
19  1  1  1  1  1  1  1  1  1  1  1  1  1  1  1  1  1  1 ##  1 

[[[0.         1.         1.         ... 1.         1.         1.        ]
  [1.         1.         1.         ... 1.         1.         1.        ]
  [1.         1.         1.         ... 1.         1.         1.        ]
  ...
  [1.         1.         1.         ... 0.         1.         1.        ]
  [1.         1.         1.         ... 0.         0.         0.        ]
  [1.         1.         1.         ... 1.         1.         1.        ]]

 [[0.1        0.1        0.1        ... 0.1        0.1        0.1       ]
  [0.         0.2        0.         ... 0.1        0.1        0.1       ]
  [0.1        0.1        0.         ... 0.1        0.1        0.1       ]
  ...
  [0.1        0.1        0.1        ... 0.2        0.1        0.1       ]
  [0.1        0.1        0.1        ... 0.         0.         0.        ]
  [0.1        0.1        0.1        ... 0.1        0.1        0.1       ]]

 [[0.27272728 0.27272728 0.27272728 ... 0.         0.         0.        ]
  [0.27272728 0.27272728 0.27272728 ... 0.         0.         0.        ]
  [0.27272728 0.27272728 0.         ... 0.         0.         0.        ]
  ...
  [0.         0.         0.         ... 0.         0.         0.        ]
  [0.         0.         0.         ... 0.         0.         0.        ]
  [0.         0.         0.         ... 0.         0.         0.        ]]

 ...

 [[0.3        0.3        0.3        ... 0.3        0.3        0.3       ]
  [0.3        0.3        0.3        ... 0.3        0.3        0.3       ]
  [0.3        0.3        0.3        ... 0.3        0.3        0.3       ]
  ...
  [0.3        0.3        0.3        ... 0.3        0.3        0.3       ]
  [0.3        0.3        0.3        ... 0.3        0.3        0.3       ]
  [0.3        0.3        0.3        ... 0.3        0.3        0.3       ]]

 [[0.7        0.         0.         ... 0.         0.         0.        ]
  [0.         0.         0.         ... 0.         0.         0.        ]
  [0.         0.         0.         ... 0.         0.         0.        ]
  ...
  [0.         0.         0.         ... 0.         0.         0.        ]
  [0.         0.         0.         ... 0.         0.         0.        ]
  [0.         0.         0.         ... 0.         0.         0.        ]]

 [[0.33333334 0.         0.         ... 0.         0.         0.        ]
  [0.         0.         0.         ... 0.         0.         0.        ]
  [0.         0.         0.         ... 0.         0.         0.        ]
  ...
  [0.         0.         0.         ... 0.         0.         0.        ]
  [0.         0.         0.         ... 0.         0.         0.        ]
  [0.         0.         0.         ... 0.         0.         0.        ]]]
